reg_no,name,dept,cgpa,semester
727773801,Varun Chowdhury,IT,8.20,6
793143289,Meera Verma,ECE,8.27,1
854330819,Vignesh Bhat,IT,7.37,3
418156084,Janani Naidu,IT,8.63,1
974958147,Varun Rao,CIVIL,9.68,2
582143410,Vignesh Nair,MECH,9.30,4
208568997,Varun Gupta,EEE,9.67,7
692081509,Gautam Patel,IT,7.22,1
912308958,Pranav Sharma,EEE,6.84,4
592637781,Karthik Menon,CSBS,7.62,8
747912469,Janani Patel,ECE,7.48,2
510936173,Yamini Kumar,ECE,8.12,4
245112436,Aditi Pillai,ECE,9.02,1
796003796,Varun Reddy,ECE,9.05,1
293483494,Naveen Reddy,CIVIL,8.12,8
644227071,Ishaan Chowdhury,ECE,7.20,4
504555067,Deepak Gupta,AIDS,8.48,5
890019438,Divya Reddy,IT,6.84,6
423928658,Deepak Kumar,ECE,6.81,2
909428539,Naveen Naidu,CIVIL,8.15,3
755534045,Aditi Reddy,CIVIL,6.58,2
962757837,Aditi Bhat,EEE,7.71,5
278155484,Janani Patel,IT,6.88,6
824605996,Pooja Patel,MECH,6.85,2
725661197,Divya Menon,EEE,9.50,7
263468086,Janani Iyer,EEE,9.02,4
191505144,Divya Singh,CSBS,9.32,2
538498629,Madhav Patel,AIDS,8.38,8
693799767,Kavya Kumar,MECH,8.39,1
595247987,Aarav Naidu,EEE,8.61,6
888291529,Pooja Nair,MECH,7.09,8
860150197,Bhavya Iyer,MECH,9.02,4
751871316,Rahul Gupta,ECE,9.32,1
433211498,Pooja Pillai,MECH,8.03,6
290642983,Deepak Naidu,EEE,9.72,4
131239195,Aarav Bhat,EEE,9.76,6
532023184,Ishaan Gupta,AIDS,8.19,5
891972893,Bhavya Sharma,ECE,6.70,7
602557235,Bhavya Pillai,CSE,7.98,8
930518662,Rithanya Rao,IT,6.57,2
469535039,Janani Sharma,MECH,8.46,5
640567213,Tarun Naidu,MECH,7.40,7
849384222,Aditi Sharma,CSBS,7.56,7
150386774,Divya Iyer,EEE,8.39,8
493512976,Gautam Naidu,CSBS,9.40,4
613826266,Sanjay Menon,AIDS,9.66,5
453030012,Yamini Nair,CSE,9.59,3
835225430,Madhav Rao,AIDS,9.17,1
223087614,Sneha Chowdhury,AIDS,8.94,2
382883785,Akhil Nair,MECH,6.57,4
232305088,Varun Rao,MECH,8.84,6
961432136,Niharika Naidu,EEE,7.10,6
617928490,Niharika Pillai,CIVIL,8.00,6
631954936,Sanjay Bhat,CSBS,9.11,2
711740203,Aditi Naidu,MECH,7.50,6
249170983,Rahul Bhat,EEE,7.80,7
206310270,Karthik Menon,CSE,8.67,5
250401871,Varun Naidu,ECE,9.76,7
413724026,Yamini Singh,CIVIL,9.67,7
474496502,Madhav Menon,ECE,7.39,4
452121709,Rahul Singh,CIVIL,6.82,6
123380257,Akhil Gupta,EEE,6.86,3
689633814,Meera Bhat,CSBS,8.89,5
202027378,Deepak Iyer,MECH,7.45,7
940104196,Ananya Sharma,ECE,8.58,4
283536291,Tarun Chowdhury,IT,6.86,4
457493863,Meera Sharma,CSBS,8.46,4
167525849,Naveen Nair,EEE,9.33,2
480827287,Meera Menon,MECH,8.27,4
590630560,Sneha Singh,IT,7.79,8
470444677,Yamini Iyer,IT,8.69,5
818039479,Rithanya Naidu,EEE,7.85,5
270846276,Pooja Menon,EEE,8.88,4
711510431,Tarun Menon,CIVIL,8.88,7
719512138,Vignesh Pillai,EEE,9.78,5
784873037,Aarav Reddy,IT,7.63,1
590611044,Aarav Kumar,CSBS,7.86,5
670833595,Tarun Gupta,CSBS,8.93,6
555912708,Karthik Iyer,CSBS,7.08,2
699696637,Bhavya Naidu,CSE,6.65,6
836769081,Rithanya Naidu,IT,6.85,7
564935973,Kavya Nair,CIVIL,8.29,2
588051242,Meera Pillai,IT,8.87,2
801921875,Meera Nair,CSBS,8.04,4
455000406,Meera Sharma,CSBS,9.35,5
477009788,Naveen Naidu,AIDS,6.67,6
418818191,Bhavya Naidu,IT,6.82,1
491135971,Karthik Pillai,IT,6.64,5
897116296,Madhav Chowdhury,CSE,8.94,1
777932378,Sanjay Pillai,ECE,9.29,4
852239655,Divya Patel,IT,9.14,5
145251230,Gautam Rao,MECH,7.02,5
623647592,Divya Gupta,CSE,6.98,8
202113708,Chaitanya Chowdhury,IT,7.42,2
202401213,Ishaan Reddy,IT,8.89,5
118022040,Bhavya Pillai,AIDS,8.19,1
598757569,Rithanya Rao,MECH,8.46,6
180145072,Pranav Pillai,IT,8.82,4
789861087,Ananya Nair,CSBS,9.06,3
458522427,Meera Pillai,EEE,6.79,5
273067959,Rithanya Pillai,CIVIL,8.96,3
835991088,Yamini Reddy,CSBS,6.86,8
798146588,Rithanya Pillai,ECE,7.81,3
604805190,Aarav Kumar,AIDS,9.36,2
370022948,Rahul Menon,ECE,7.17,4
587991381,Aarav Sharma,CIVIL,8.47,7
666401630,Rithanya Singh,CIVIL,8.68,3
193506558,Aditi Chowdhury,CSBS,9.73,5
496522141,Aditi Chowdhury,CSBS,7.07,5
331000636,Karthik Singh,CSE,6.57,7
764071650,Gautam Reddy,MECH,9.47,1
462045928,Janani Singh,CSE,9.30,3
412905197,Yamini Gupta,CIVIL,7.85,6
342912883,Pooja Kumar,ECE,8.36,6
867203232,Meera Rao,MECH,8.57,1
633404124,Sanjay Nair,CSBS,8.41,2
220758801,Divya Sharma,AIDS,7.55,2
605989665,Naveen Rao,EEE,6.97,4
768884207,Varun Verma,IT,9.11,7
905756559,Janani Sharma,CSE,8.22,6
791067892,Sanjay Gupta,EEE,7.91,2
168973138,Vignesh Patel,MECH,7.82,1
599269674,Sanjay Pillai,ECE,9.24,3
904187461,Yamini Menon,EEE,8.15,8
363753111,Rithanya Chowdhury,EEE,7.13,4
304372902,Varun Chowdhury,CSE,7.69,2
157858475,Pooja Bhat,ECE,7.35,2
583298470,Pooja Menon,CIVIL,6.95,6
319063212,Bhavya Kumar,AIDS,9.60,7
493652889,Rahul Menon,MECH,8.06,7
551197789,Pooja Chowdhury,AIDS,7.02,1
812289468,Madhav Rao,CSE,9.33,5
395859651,Rahul Reddy,CIVIL,9.13,1
298212475,Madhav Gupta,CSBS,9.69,4
435171323,Harini Patel,AIDS,8.89,7
272298750,Divya Nair,AIDS,8.41,5
758038244,Sneha Reddy,CSBS,9.75,8
218919399,Bhavya Verma,EEE,8.33,8
482887659,Divya Nair,CSE,8.51,7
154814105,Janani Bhat,AIDS,9.80,7
117082394,Varun Gupta,IT,8.58,6
818443630,Chaitanya Singh,CSE,8.97,4
999053024,Rithanya Singh,CSBS,8.81,7
984414603,Chaitanya Rao,CIVIL,8.33,6
549326310,Ishaan Verma,CSE,9.13,8
708850963,Harini Chowdhury,AIDS,7.65,5
218910768,Karthik Chowdhury,CSE,9.52,8
829226758,Madhav Singh,IT,7.02,1
529985470,Divya Patel,CIVIL,7.33,1
725643750,Gautam Singh,MECH,8.08,4
220226616,Sanjay Singh,IT,6.86,4
394921796,Sanjay Nair,CSE,6.63,8
248414697,Aditi Kumar,MECH,8.55,3
992533746,Naveen Patel,MECH,8.38,8
998959335,Yamini Verma,CSBS,9.38,6
256281486,Naveen Pillai,MECH,9.86,1
422469466,Pooja Rao,CSE,6.54,5
933659646,Madhav Bhat,ECE,6.66,2
802587620,Ishaan Gupta,CSE,6.75,7
302930317,Meera Gupta,AIDS,7.24,4
295985557,Kavya Menon,CIVIL,7.44,5
467542392,Chaitanya Reddy,CIVIL,7.92,1
701631748,Gautam Nair,ECE,7.66,2
776368703,Sanjay Bhat,AIDS,7.94,5
246340037,Akhil Chowdhury,CSBS,6.54,1
927775457,Yamini Bhat,CIVIL,6.86,3
980320319,Bhavya Reddy,MECH,7.48,5
928281887,Pooja Naidu,MECH,8.15,5
304256291,Gautam Verma,CIVIL,9.15,5
482256178,Aditi Kumar,EEE,9.46,7
564690889,Varun Bhat,CIVIL,7.43,1
714499857,Aarav Nair,MECH,9.76,2
466766502,Rithanya Sharma,AIDS,7.45,5
405710390,Aarav Menon,EEE,7.14,2
141478663,Tarun Rao,MECH,7.51,7
571128847,Akhil Reddy,AIDS,8.24,1
330984593,Aarav Menon,EEE,8.91,5
135460017,Aarav Gupta,CSE,8.66,7
991354221,Rithanya Naidu,CSBS,8.97,5
100148502,Tarun Chowdhury,CIVIL,9.78,1
152494685,Ananya Bhat,IT,8.22,3
197412024,Deepak Gupta,CSBS,8.25,4
207415515,Janani Rao,CIVIL,7.12,8
785156534,Aarav Nair,ECE,9.63,1
509778860,Chaitanya Sharma,IT,7.77,4
107135897,Ishaan Gupta,CSBS,8.79,7
822363806,Karthik Naidu,ECE,8.41,1
370057888,Chaitanya Singh,CIVIL,8.21,2
629552258,Varun Iyer,AIDS,8.04,7
303872555,Janani Nair,IT,6.51,5
779759172,Kavya Iyer,ECE,6.93,4
177882284,Kavya Reddy,EEE,6.57,3
356656396,Ananya Pillai,IT,7.47,7
871028520,Rahul Patel,AIDS,8.83,2
669311199,Tarun Pillai,AIDS,7.43,4
348522505,Bhavya Gupta,IT,9.75,1
535324998,Rahul Gupta,MECH,9.30,3
116941719,Pranav Pillai,AIDS,8.48,7
810033975,Akhil Menon,IT,6.63,1
846507372,Akhil Sharma,CIVIL,8.71,5
800887676,Vignesh Chowdhury,CSBS,6.53,2
118386704,Akhil Naidu,CIVIL,6.95,1
990835025,Meera Rao,ECE,7.99,2
693786909,Divya Kumar,CSE,8.01,5
443213319,Aditi Nair,CSBS,9.36,1
301903068,Divya Patel,IT,8.78,3
178004949,Naveen Iyer,IT,7.65,3
435614053,Divya Sharma,CIVIL,6.56,7
971169788,Bhavya Menon,AIDS,8.19,7
438726038,Madhav Nair,CSE,8.48,3
824980360,Ishaan Iyer,CSE,7.47,8
858398174,Gautam Reddy,AIDS,7.76,6
372949845,Rithanya Iyer,MECH,9.00,3
740752678,Divya Kumar,AIDS,7.20,6
642272703,Aarav Chowdhury,CSE,7.57,8
559423570,Naveen Bhat,CSE,9.52,8
591807658,Gautam Patel,IT,6.76,3
372660976,Pooja Patel,MECH,7.47,4
296885910,Naveen Sharma,MECH,7.21,5
940595140,Aarav Singh,CSE,7.16,3
791958694,Madhav Rao,ECE,9.78,5
105530203,Madhav Singh,MECH,9.77,1
176039856,Gautam Patel,ECE,7.11,6
805310131,Naveen Sharma,IT,8.70,1
980568020,Madhav Menon,CIVIL,6.81,6
635451223,Akhil Singh,CIVIL,8.81,3
582657126,Rithanya Sharma,EEE,6.62,7
324323679,Pooja Reddy,CSBS,6.82,8
640869255,Bhavya Menon,CSE,9.44,2
462076943,Deepak Sharma,MECH,9.20,7
857405873,Yamini Kumar,IT,6.51,8
792864501,Meera Rao,IT,7.63,8
403964022,Niharika Menon,CSBS,7.05,7
280916245,Karthik Rao,MECH,7.28,2
202161879,Bhavya Singh,IT,8.31,3
176192491,Ananya Chowdhury,CSE,8.68,8
298733093,Chaitanya Nair,CSBS,9.08,8
929967845,Aditi Singh,CIVIL,8.53,2
116308567,Kavya Kumar,AIDS,9.27,7
128769937,Aditi Rao,AIDS,7.36,6
500058709,Sneha Reddy,ECE,9.78,6
539639940,Harini Singh,CIVIL,8.91,2
491653122,Yamini Rao,CIVIL,7.71,4
455769336,Janani Pillai,AIDS,6.76,8
559324501,Sneha Gupta,EEE,7.98,3
384087415,Aditi Kumar,AIDS,8.86,1
402920077,Divya Kumar,CIVIL,7.42,2
754501446,Sneha Chowdhury,AIDS,7.39,7
209860871,Harini Rao,CSBS,7.98,8
404768220,Gautam Rao,IT,8.16,3
844264587,Aditi Pillai,EEE,7.42,2
149986845,Sneha Pillai,CSBS,7.82,4
947783240,Deepak Pillai,CSE,9.53,6
196907660,Pranav Verma,IT,9.59,1
682529283,Rahul Menon,IT,9.36,4
571366031,Harini Chowdhury,IT,9.78,4
577377486,Pooja Gupta,CSE,6.67,1
140015077,Divya Bhat,CSBS,7.84,5
402581261,Gautam Menon,CIVIL,8.86,4
383798680,Akhil Pillai,CSBS,9.52,3
312244227,Tarun Nair,CSBS,9.23,2
413988136,Tarun Verma,CSE,9.10,3
939965150,Divya Menon,ECE,7.78,2
830509598,Gautam Nair,CSE,6.73,1
650038611,Gautam Rao,MECH,6.71,8
522075559,Pooja Naidu,IT,6.89,7
727195366,Divya Chowdhury,CSE,9.42,3
722613908,Harini Kumar,IT,7.77,8
228338006,Tarun Reddy,AIDS,6.76,1
917409803,Varun Nair,IT,6.77,3
385398342,Bhavya Iyer,CSE,7.00,1
710191005,Yamini Reddy,EEE,8.72,5
230096732,Janani Sharma,CSE,9.82,8
993934691,Niharika Sharma,ECE,7.41,7
834168039,Rithanya Reddy,IT,8.46,7
323007656,Karthik Bhat,MECH,7.07,4
348939864,Chaitanya Naidu,ECE,8.23,8
972178807,Chaitanya Pillai,EEE,8.55,1
572006645,Rahul Patel,ECE,8.19,3
989082907,Sneha Chowdhury,MECH,7.81,7
773225275,Ishaan Singh,IT,8.73,8
134279581,Yamini Nair,IT,8.92,1
932580730,Akhil Patel,MECH,9.09,4
831574785,Harini Singh,EEE,9.27,3
446187780,Yamini Chowdhury,IT,9.26,8
683580927,Sneha Patel,AIDS,8.37,4
916328202,Chaitanya Kumar,CSE,8.60,1
671152185,Gautam Menon,AIDS,8.81,7
323919114,Gautam Pillai,AIDS,9.76,4
643714541,Harini Menon,CSE,6.98,1
378838476,Akhil Gupta,CIVIL,8.10,2
239341230,Akhil Kumar,AIDS,9.50,6
887383612,Harini Patel,AIDS,9.69,1
843372650,Rahul Bhat,AIDS,8.71,6
557107940,Aarav Sharma,MECH,7.47,3
782408206,Kavya Sharma,ECE,9.64,8
150736767,Akhil Kumar,CSE,9.67,4
852544676,Gautam Nair,CSE,9.07,5
241194261,Ananya Pillai,MECH,9.09,7
888059172,Rahul Singh,CIVIL,9.70,6
882515899,Ishaan Verma,EEE,7.75,3
285085783,Naveen Naidu,IT,7.50,5
353649734,Gautam Rao,AIDS,7.50,3
160067427,Niharika Kumar,ECE,9.49,3
578424932,Madhav Iyer,CIVIL,7.92,1
571622121,Rithanya Reddy,EEE,6.91,4
775711869,Pooja Chowdhury,IT,8.36,5
785303381,Vignesh Verma,AIDS,9.49,2
127990766,Akhil Bhat,ECE,7.53,4
729870846,Gautam Pillai,EEE,8.96,3
988045174,Janani Reddy,IT,7.93,4
710196400,Aditi Iyer,IT,8.31,1
246830003,Pooja Bhat,EEE,7.23,4
261029173,Aarav Iyer,CIVIL,8.53,3
405072482,Meera Naidu,ECE,8.19,2
402316074,Divya Patel,CSBS,8.61,1
126490348,Bhavya Reddy,CSBS,7.12,2
777432701,Kavya Iyer,CIVIL,9.63,3
462590634,Madhav Singh,MECH,9.65,3
494537115,Niharika Patel,AIDS,9.20,1
797090523,Gautam Patel,EEE,9.55,7
357833479,Chaitanya Naidu,AIDS,9.28,8
379886915,Madhav Iyer,AIDS,9.02,8
163470681,Gautam Sharma,EEE,8.39,6
479786994,Ishaan Reddy,AIDS,9.58,4
945965333,Naveen Gupta,CIVIL,6.90,2
214105964,Sanjay Verma,MECH,7.38,2
589076969,Madhav Naidu,IT,8.34,4
285503362,Karthik Kumar,IT,9.69,4
180357737,Meera Naidu,CSBS,8.13,4
178003558,Sanjay Pillai,AIDS,8.44,8
179985037,Aarav Rao,CSE,9.36,1
154465508,Chaitanya Bhat,CSBS,9.37,1
956890459,Varun Bhat,CIVIL,7.03,1
446233458,Harini Rao,MECH,7.65,4
988996873,Deepak Naidu,ECE,7.24,2
368068254,Rahul Sharma,IT,7.89,2
426808177,Vignesh Reddy,CIVIL,8.86,7
509239367,Akhil Rao,CSE,8.57,3
901163236,Vignesh Reddy,CSE,7.15,8
297326035,Gautam Nair,IT,9.23,5
640875347,Deepak Singh,AIDS,8.15,3
354477197,Chaitanya Chowdhury,AIDS,8.92,5
355121373,Rithanya Menon,AIDS,7.96,2
583702442,Pooja Reddy,EEE,8.95,1
877140395,Niharika Kumar,IT,7.87,2
403241959,Madhav Chowdhury,EEE,8.53,5
524849044,Ishaan Nair,AIDS,6.76,5
796926886,Pranav Verma,CSBS,6.61,5
822253397,Varun Menon,CSBS,7.77,5
653412996,Pranav Rao,ECE,7.56,8
111051503,Ananya Patel,EEE,7.86,6
329646257,Niharika Reddy,IT,9.34,1
861539292,Chaitanya Singh,ECE,6.54,4
791864745,Kavya Verma,ECE,7.42,6
198593668,Janani Sharma,CIVIL,9.89,1
256428386,Ishaan Rao,CIVIL,8.28,8
261492507,Janani Chowdhury,EEE,7.47,2
313529446,Sanjay Naidu,EEE,6.71,4
302810119,Naveen Singh,ECE,9.00,8
929097894,Sanjay Chowdhury,EEE,9.88,6
793180647,Tarun Menon,CSE,8.41,7
978222008,Vignesh Reddy,EEE,9.16,8
745042159,Bhavya Sharma,CSBS,9.52,7
920928246,Bhavya Rao,MECH,6.65,3
505834394,Aditi Chowdhury,EEE,7.73,2
730467086,Deepak Sharma,AIDS,8.46,6
693952539,Gautam Kumar,EEE,8.80,6
433490909,Rithanya Iyer,CSE,8.68,8
889107160,Rahul Verma,MECH,8.73,8
491681511,Bhavya Chowdhury,CSBS,6.66,1
378994195,Gautam Sharma,EEE,7.31,7
441847414,Bhavya Rao,MECH,8.11,2
486812353,Ananya Sharma,IT,7.97,7
534021971,Sanjay Naidu,ECE,8.05,1
948177505,Bhavya Iyer,CIVIL,7.20,4
111603769,Divya Menon,AIDS,8.43,4
885687664,Rahul Singh,CIVIL,8.11,8
264533987,Ishaan Kumar,ECE,7.94,8
612560387,Karthik Kumar,CSBS,8.39,7
493759319,Aarav Iyer,CSBS,6.70,1
352883221,Aarav Kumar,CSBS,8.78,8
440586492,Sneha Gupta,AIDS,8.23,4
629418817,Sneha Patel,MECH,7.49,4
843453730,Aarav Chowdhury,ECE,7.51,1
882554022,Ishaan Pillai,IT,8.39,6
600764909,Rahul Patel,MECH,6.72,4
268884544,Ishaan Sharma,CIVIL,8.82,1
995928056,Sanjay Singh,CSBS,7.74,4
982666174,Akhil Reddy,AIDS,8.28,8
757350477,Tarun Iyer,ECE,8.82,1
652148276,Niharika Verma,CIVIL,8.36,4
739401984,Tarun Iyer,CSE,6.72,3
180914345,Karthik Bhat,IT,8.19,6
745974330,Varun Gupta,CSE,7.56,8
694174809,Yamini Iyer,CSE,8.06,5
253813931,Sanjay Sharma,CSE,7.11,4
248047417,Yamini Gupta,ECE,6.98,3
678470947,Ananya Nair,MECH,6.80,1
896987655,Kavya Naidu,CIVIL,6.89,2
856301967,Aarav Verma,IT,7.52,8
867890667,Pranav Naidu,MECH,7.03,6
341078427,Sanjay Kumar,CSE,8.79,1
182253384,Deepak Kumar,AIDS,7.38,3
804165069,Pranav Menon,MECH,9.36,2
153381866,Chaitanya Gupta,EEE,7.48,8
221837437,Rahul Patel,CSBS,7.96,6
468484961,Chaitanya Kumar,ECE,8.29,7
438353555,Divya Verma,ECE,7.37,4
998540277,Pranav Verma,EEE,6.73,1
272939175,Gautam Menon,MECH,9.37,6
635730477,Pranav Menon,ECE,6.97,1
903410530,Bhavya Bhat,MECH,7.46,7
868536525,Aditi Rao,CSBS,7.89,8
257877784,Naveen Singh,AIDS,9.47,3
697958439,Ishaan Singh,MECH,8.08,7
698929826,Meera Menon,AIDS,9.73,5
689214918,Chaitanya Patel,ECE,7.09,3
585913861,Ishaan Nair,ECE,8.23,2
364278604,Varun Iyer,CSE,7.51,5
750438684,Tarun Sharma,CSBS,8.20,5
168616669,Meera Rao,CIVIL,8.22,2
247134423,Ananya Patel,ECE,7.81,3
211819942,Karthik Sharma,ECE,7.08,1
104465022,Bhavya Menon,IT,8.54,1
536626915,Niharika Iyer,CSBS,9.69,4
882283591,Rithanya Naidu,ECE,7.07,4
365613931,Tarun Singh,CSBS,9.39,5
852685722,Ananya Singh,CSE,8.27,3
407115045,Deepak Bhat,MECH,6.56,4
741662847,Kavya Pillai,IT,7.65,1
614658369,Naveen Singh,CSBS,6.57,4
658251876,Sanjay Nair,EEE,7.18,4
798937286,Kavya Reddy,CIVIL,9.67,2
230431165,Varun Gupta,MECH,6.51,5
284989958,Meera Iyer,IT,6.87,6
333632426,Pranav Kumar,EEE,8.69,6
718589647,Naveen Patel,IT,8.52,6
371909546,Varun Nair,MECH,6.50,2
801539354,Niharika Naidu,CIVIL,6.64,3
153509462,Yamini Rao,MECH,6.73,5
268498187,Pooja Menon,CSBS,9.41,3
621056737,Vignesh Kumar,ECE,7.06,2
666638326,Sanjay Naidu,AIDS,8.92,2
139340453,Aditi Chowdhury,EEE,8.86,5
825013594,Ananya Rao,ECE,7.95,2
896944320,Janani Iyer,CSBS,7.69,4
395457246,Gautam Patel,AIDS,7.90,4
127689836,Naveen Reddy,IT,8.08,6
559458291,Janani Gupta,CSE,7.14,4
658250398,Meera Gupta,CIVIL,8.05,2
766247098,Kavya Kumar,CSBS,9.10,6
136338461,Vignesh Reddy,AIDS,7.10,6
736134544,Karthik Bhat,CSE,6.64,8
284993252,Divya Rao,EEE,8.51,6
948842521,Pranav Kumar,ECE,7.44,3
716983442,Gautam Gupta,CIVIL,6.52,8
749606835,Pooja Sharma,MECH,7.37,3
340459196,Kavya Pillai,CSBS,7.82,1
204799700,Yamini Reddy,AIDS,7.05,1
710823146,Akhil Naidu,ECE,7.09,5
451698908,Divya Iyer,MECH,8.26,1
499047108,Janani Chowdhury,EEE,8.41,4
199030403,Janani Iyer,AIDS,7.55,3
833253937,Madhav Reddy,AIDS,9.14,6
394291774,Tarun Sharma,IT,8.44,8
191524058,Ishaan Nair,AIDS,9.22,8
571874650,Rithanya Chowdhury,ECE,7.06,6
832451973,Madhav Kumar,IT,8.88,3
713489306,Karthik Naidu,IT,8.79,6
609130596,Aditi Patel,MECH,7.65,1
887410791,Aditi Gupta,MECH,6.65,7
982944961,Aarav Iyer,CSBS,7.58,5
142252633,Niharika Singh,MECH,6.77,5
256136671,Bhavya Gupta,ECE,9.59,3
538075670,Varun Pillai,ECE,6.98,5
226651625,Varun Gupta,ECE,9.32,6
923309211,Tarun Kumar,CIVIL,9.57,4
986317087,Ananya Naidu,CSE,9.76,8
371991400,Janani Menon,IT,9.32,6
202564921,Rithanya Kumar,AIDS,9.83,6
684985316,Chaitanya Nair,CSE,9.19,5
997899471,Deepak Singh,AIDS,7.13,5
386925722,Meera Patel,CSBS,7.22,3
722384251,Kavya Sharma,CIVIL,9.79,3
185520457,Sneha Menon,IT,8.49,5
901819621,Tarun Gupta,CIVIL,8.14,5
536538978,Aditi Singh,ECE,8.20,5
130175512,Yamini Gupta,MECH,9.58,7
149590415,Yamini Gupta,AIDS,7.31,3
827740803,Sanjay Verma,CSBS,6.82,4
862328772,Akhil Singh,EEE,7.64,4
468351306,Karthik Naidu,EEE,9.32,1
865783456,Deepak Menon,CSE,8.06,1
730257392,Janani Sharma,ECE,7.97,1
901944220,Gautam Patel,ECE,6.87,2
754507439,Naveen Iyer,MECH,8.60,8
824463702,Aditi Kumar,MECH,9.26,8
332927701,Aarav Bhat,CSE,6.86,4
530718374,Niharika Naidu,CSE,8.11,4
396798828,Harini Pillai,EEE,8.99,8
137807762,Janani Menon,CIVIL,7.09,2
432189273,Pranav Chowdhury,CIVIL,8.35,8
304385264,Harini Iyer,CSE,7.97,5
493803901,Sneha Menon,ECE,9.27,8
819622229,Rahul Reddy,ECE,6.74,3
457070023,Bhavya Patel,EEE,8.62,5
528785747,Madhav Singh,MECH,8.07,3
103815775,Yamini Patel,IT,8.38,6
397466384,Chaitanya Kumar,EEE,9.32,3
345421285,Gautam Sharma,ECE,9.58,8
877572810,Varun Chowdhury,CIVIL,9.00,3
542788779,Bhavya Bhat,CSBS,8.70,1
396280839,Bhavya Verma,EEE,8.61,3
343727799,Chaitanya Bhat,MECH,6.63,4
275417488,Divya Iyer,CSE,7.14,7
992017338,Ishaan Gupta,CSBS,6.58,6
139741090,Yamini Iyer,MECH,8.75,1
451049035,Chaitanya Sharma,CIVIL,7.62,6
180261876,Yamini Pillai,CSBS,7.68,8
241062528,Gautam Sharma,EEE,6.67,6
637589845,Sneha Menon,CSBS,9.71,2
387366643,Sanjay Naidu,CSBS,8.07,7
367046270,Meera Bhat,AIDS,9.42,2
391266010,Aditi Pillai,IT,7.48,6
122345866,Karthik Sharma,AIDS,7.69,8
592771404,Meera Chowdhury,CIVIL,7.48,1
425363798,Gautam Naidu,AIDS,8.21,6
805592766,Bhavya Reddy,CIVIL,9.42,4
968409898,Ishaan Reddy,CSE,7.91,1
160067862,Akhil Rao,IT,9.89,5
373715239,Niharika Rao,EEE,8.56,6
475713994,Ananya Reddy,MECH,9.57,5
794443423,Vignesh Rao,ECE,9.70,1
758133894,Pranav Iyer,AIDS,7.81,2
472515352,Naveen Chowdhury,ECE,6.84,2
959370921,Tarun Pillai,MECH,8.45,6
468473350,Ishaan Bhat,CSE,9.43,8
133751718,Karthik Patel,IT,8.89,4
987676742,Aarav Pillai,MECH,7.82,1
115268229,Madhav Singh,CSBS,8.65,3
814749026,Ishaan Reddy,EEE,7.13,5
238481024,Sneha Reddy,EEE,7.78,8
116657189,Ananya Kumar,CIVIL,9.88,5
248031157,Pranav Menon,MECH,9.42,7
908726720,Varun Singh,ECE,7.20,8
402586977,Gautam Reddy,AIDS,9.00,8
672330848,Niharika Singh,CIVIL,9.06,8
365480750,Varun Iyer,CSE,9.37,3
294578730,Naveen Verma,AIDS,7.19,1
323748092,Karthik Menon,CSE,9.67,4
486056880,Janani Pillai,ECE,9.20,2
150636148,Chaitanya Iyer,MECH,9.59,6
196119044,Pooja Patel,EEE,8.22,8
296769186,Chaitanya Menon,CIVIL,8.91,2
143972330,Madhav Bhat,MECH,9.00,2
268717204,Sneha Gupta,MECH,7.92,1
882042006,Karthik Gupta,AIDS,7.87,7
328479767,Yamini Patel,CSBS,6.66,8
869279835,Sneha Pillai,IT,8.53,6
838873926,Yamini Iyer,CSBS,8.62,1
495365537,Sneha Iyer,IT,8.68,6
836785372,Rithanya Verma,AIDS,9.32,8
271094977,Harini Kumar,CSE,6.70,1
294829287,Pooja Reddy,CSE,9.43,5
286269305,Kavya Chowdhury,ECE,9.23,1
623653345,Pooja Singh,EEE,7.24,3
342248362,Varun Pillai,CSBS,6.76,8
420884828,Sneha Rao,ECE,9.72,4
151954815,Pooja Iyer,CSBS,9.77,2
953463683,Bhavya Menon,AIDS,7.63,4
338331683,Aarav Naidu,CIVIL,9.58,5
224702357,Chaitanya Rao,IT,7.78,6
678490520,Aditi Pillai,AIDS,8.81,8
141469694,Gautam Chowdhury,AIDS,6.88,3
760661717,Niharika Kumar,IT,7.85,3
920584049,Sneha Reddy,EEE,8.15,4
305807514,Ishaan Rao,CSE,8.18,4
156673787,Pooja Menon,IT,7.37,2
484221523,Karthik Nair,AIDS,7.93,8
284964058,Aarav Bhat,AIDS,6.73,5
819653989,Harini Nair,IT,8.85,3
371070310,Sneha Patel,ECE,7.48,2
324055869,Chaitanya Gupta,EEE,7.99,2
331135772,Meera Rao,IT,6.77,2
391403343,Pooja Patel,EEE,8.73,2
769016671,Varun Reddy,AIDS,6.68,6
893801275,Aarav Sharma,CSBS,8.16,6
215806534,Pooja Nair,CSBS,9.64,7
203728242,Sneha Sharma,CSE,6.94,5
159007237,Madhav Reddy,IT,7.69,3
123732076,Pooja Patel,CSE,8.16,1
945444756,Pooja Verma,MECH,7.09,6
521311990,Akhil Singh,CIVIL,6.82,2
429922826,Rahul Bhat,AIDS,7.82,4
613841044,Rahul Menon,CIVIL,9.57,8
527587683,Deepak Naidu,MECH,7.31,8
415142089,Rithanya Menon,ECE,6.95,4
805194305,Yamini Rao,IT,7.95,5
792896428,Bhavya Menon,AIDS,7.46,5
324203117,Kavya Nair,CSBS,7.95,6
334388334,Rahul Pillai,AIDS,8.09,7
896982973,Ishaan Gupta,IT,6.70,4
490750502,Tarun Verma,ECE,8.84,8
513196001,Chaitanya Sharma,MECH,6.95,7
594168944,Chaitanya Bhat,CIVIL,6.73,4
568391358,Aarav Kumar,IT,7.72,6
705882716,Yamini Reddy,MECH,7.58,4
982949118,Chaitanya Menon,CSE,7.83,1
343048561,Gautam Pillai,AIDS,7.92,8
518423709,Ishaan Kumar,CSE,8.03,4
910041490,Yamini Singh,IT,8.61,7
505313704,Janani Chowdhury,EEE,7.28,3
117995102,Madhav Iyer,IT,6.68,8
939300496,Niharika Kumar,ECE,7.38,5
264922687,Janani Pillai,AIDS,8.53,4
253001651,Niharika Kumar,MECH,7.56,4
585671054,Sneha Sharma,IT,9.71,7
923685063,Divya Singh,MECH,8.25,5
430442176,Ishaan Sharma,CSBS,7.46,6
229670522,Madhav Chowdhury,CIVIL,8.82,1
693423766,Karthik Reddy,CSBS,7.58,3
379329470,Harini Bhat,CSBS,8.59,2
551309045,Vignesh Reddy,AIDS,9.06,4
440169789,Akhil Patel,IT,9.23,2
112917173,Vignesh Bhat,CIVIL,7.46,2
853987300,Deepak Iyer,IT,8.02,2
806014959,Karthik Verma,MECH,8.05,5
604517995,Tarun Patel,AIDS,9.22,6
652246769,Karthik Gupta,IT,8.92,3
507182452,Aarav Patel,ECE,7.40,4
104655591,Karthik Nair,ECE,7.22,6
578091302,Rithanya Gupta,CSBS,8.67,7
253499835,Madhav Reddy,EEE,7.02,6
201105104,Yamini Singh,AIDS,7.22,5
344255512,Aditi Naidu,MECH,7.54,7
962597684,Ananya Singh,CSE,8.43,2
729685263,Sneha Chowdhury,IT,8.34,1
274624049,Deepak Chowdhury,AIDS,6.99,6
240943536,Ananya Gupta,CSBS,8.34,4
609524574,Harini Pillai,IT,6.82,2
411180972,Janani Pillai,ECE,8.99,3
578715153,Janani Verma,CSE,6.53,6
807550377,Pooja Verma,CSBS,7.97,7
217901136,Meera Bhat,AIDS,9.26,2
554841736,Niharika Reddy,MECH,9.18,6
141313189,Ananya Chowdhury,CSBS,7.34,8
738606680,Bhavya Verma,ECE,9.75,1
691992617,Deepak Bhat,CIVIL,6.99,2
755924351,Naveen Iyer,CSBS,7.12,2
323929901,Deepak Singh,AIDS,8.54,1
993034825,Varun Iyer,CIVIL,7.93,5
749379438,Sneha Rao,AIDS,9.55,4
962372434,Divya Menon,IT,6.76,8
683051761,Karthik Reddy,CSBS,8.50,2
699694913,Yamini Singh,CSBS,8.86,4
104656576,Chaitanya Naidu,CSE,8.25,6
473441783,Harini Verma,AIDS,7.47,8
713736156,Vignesh Iyer,CSBS,8.91,3
269647084,Divya Pillai,CSBS,9.57,2
296108473,Harini Chowdhury,AIDS,9.38,3
514219258,Yamini Iyer,IT,8.90,4
118153168,Meera Nair,CIVIL,8.06,5
546737131,Gautam Gupta,IT,9.05,4
509013328,Madhav Verma,IT,6.74,6
827472433,Niharika Menon,EEE,9.28,4
173725822,Aditi Sharma,ECE,9.46,3
985437510,Rithanya Verma,MECH,7.57,3
950156515,Rithanya Iyer,CIVIL,8.51,1
799187606,Deepak Iyer,MECH,9.17,7
648213853,Chaitanya Kumar,CSBS,6.53,6
249870492,Rahul Bhat,EEE,7.35,2
685143860,Kavya Pillai,EEE,8.21,8
543580917,Chaitanya Iyer,AIDS,9.24,1
245917856,Ananya Gupta,CIVIL,6.72,2
301243264,Rahul Naidu,CIVIL,9.19,3
447120434,Pranav Sharma,CSE,7.44,8
374644090,Tarun Reddy,CSE,6.70,1
676240021,Ishaan Rao,CSBS,9.38,1
442639948,Aarav Kumar,CSBS,9.85,2
268484863,Vignesh Bhat,CSBS,9.04,8
684785433,Janani Patel,IT,9.36,5
247374688,Vignesh Kumar,MECH,6.53,6
486314259,Aditi Patel,AIDS,7.53,7
119668986,Rahul Pillai,CIVIL,9.55,5
974012869,Divya Reddy,CIVIL,7.99,8
557245619,Naveen Naidu,IT,9.55,5
103329440,Pooja Chowdhury,ECE,6.58,4
117482987,Karthik Chowdhury,ECE,7.87,3
155976834,Aarav Verma,CSBS,9.77,7
855128714,Varun Naidu,MECH,9.29,8
925162605,Akhil Menon,IT,9.17,2
775442700,Tarun Rao,CSBS,8.46,1
974041907,Vignesh Menon,CSBS,6.58,3
344108459,Aarav Verma,CSBS,7.23,6
432581628,Deepak Reddy,EEE,7.45,6
274907570,Harini Patel,ECE,7.90,4
145119164,Aditi Rao,MECH,8.15,2
566369143,Janani Patel,CSBS,7.04,7
912665661,Meera Patel,ECE,7.02,6
553565236,Sanjay Iyer,MECH,8.61,7
670442819,Bhavya Naidu,CSBS,7.32,3
101865670,Divya Iyer,EEE,8.45,4
679913566,Ishaan Gupta,CSBS,7.31,2
532703639,Aditi Singh,MECH,7.48,5
233341870,Gautam Verma,AIDS,9.72,3
366105135,Rithanya Iyer,CSE,6.69,4
142776991,Naveen Gupta,MECH,8.16,1
850526694,Gautam Gupta,AIDS,6.97,6
994504493,Rithanya Pillai,CIVIL,8.73,7
131597820,Rahul Gupta,CSBS,7.37,5
171191248,Ananya Bhat,CIVIL,8.88,2
943857204,Madhav Patel,ECE,6.80,8
753728235,Karthik Pillai,MECH,7.84,6
770190944,Janani Nair,EEE,9.12,3
464388576,Vignesh Chowdhury,AIDS,7.85,7
596931400,Aarav Singh,AIDS,9.84,3
203204412,Harini Bhat,EEE,7.82,8
209105239,Gautam Nair,AIDS,6.62,4
946916985,Madhav Nair,MECH,8.46,2
524209424,Ishaan Kumar,CSE,8.72,5
414730435,Sanjay Verma,CIVIL,6.83,7
168301853,Pranav Menon,MECH,8.49,8
291537909,Tarun Nair,CSBS,9.90,6
800767133,Rithanya Rao,AIDS,8.68,3
740741377,Harini Reddy,CSE,9.08,1
687247145,Chaitanya Verma,AIDS,9.38,3
350681924,Vignesh Nair,CSBS,7.60,6
973509232,Pooja Iyer,CSE,8.45,7
860153999,Pooja Patel,EEE,8.50,4
578573084,Sneha Menon,EEE,7.56,6
323256289,Deepak Sharma,CIVIL,8.50,3
856825987,Janani Chowdhury,AIDS,7.03,7
403842522,Aarav Menon,CSBS,8.60,4
254464071,Varun Bhat,EEE,7.58,3
763909810,Meera Pillai,MECH,8.02,5
921590270,Ishaan Nair,AIDS,8.69,8
319949146,Rahul Nair,ECE,9.55,3
464557832,Divya Sharma,IT,6.55,3
223873935,Pooja Nair,AIDS,9.13,1
559326385,Tarun Iyer,CSBS,7.19,7
716227385,Rithanya Pillai,CIVIL,8.24,6
501768638,Divya Verma,CSE,7.46,8
762335163,Pooja Verma,EEE,6.72,8
151175489,Ananya Naidu,EEE,9.83,6
610811945,Akhil Gupta,AIDS,7.06,1
359285250,Bhavya Gupta,EEE,7.53,4
593505445,Varun Chowdhury,IT,9.76,8
423688105,Deepak Chowdhury,EEE,7.81,3
267944013,Karthik Naidu,MECH,8.02,5
741740308,Ananya Chowdhury,CIVIL,9.00,6
923698021,Rahul Verma,CSE,7.61,1
282643214,Aarav Reddy,MECH,9.65,3
543225310,Akhil Pillai,CSE,7.52,6
712382369,Aarav Iyer,MECH,7.30,2
896574690,Bhavya Naidu,EEE,9.08,1
814498448,Yamini Reddy,AIDS,7.41,6
609808044,Harini Naidu,AIDS,7.74,6
644140252,Aarav Menon,AIDS,8.71,4
501483833,Niharika Patel,EEE,8.63,5
428484785,Janani Verma,IT,6.72,6
341987087,Kavya Menon,CIVIL,7.29,3
286676012,Aditi Gupta,IT,8.09,5
779546869,Gautam Nair,CSBS,8.58,4
176487449,Madhav Rao,CSE,7.77,6
306329359,Madhav Kumar,CSBS,6.77,8
204125677,Niharika Bhat,CSBS,6.62,6
934946040,Ananya Patel,ECE,7.48,1
558283194,Ananya Reddy,AIDS,7.66,6
201900638,Ananya Nair,MECH,8.07,3
375171840,Deepak Patel,MECH,7.51,2
396255080,Janani Sharma,CSBS,6.86,5
978251316,Gautam Verma,EEE,7.86,6
785575471,Vignesh Rao,AIDS,8.55,8
865389695,Chaitanya Pillai,AIDS,9.21,4
787668141,Rithanya Chowdhury,AIDS,7.65,6
395579957,Pooja Verma,CIVIL,6.66,2
573482667,Chaitanya Reddy,CIVIL,9.08,5
399792803,Akhil Pillai,CSE,6.85,5
600085196,Aarav Iyer,AIDS,6.91,3
150395126,Varun Verma,CSE,8.70,8
458798778,Janani Pillai,MECH,6.70,3
866539836,Pooja Gupta,MECH,8.21,6
400580874,Ishaan Iyer,CSE,8.01,1
948613211,Karthik Naidu,MECH,7.65,7
501005782,Gautam Iyer,CIVIL,9.37,1
624477004,Rithanya Patel,MECH,7.44,1
809409859,Madhav Gupta,CIVIL,7.86,6
162682144,Madhav Nair,ECE,8.59,7
502146004,Madhav Chowdhury,AIDS,8.42,5
632423603,Ananya Pillai,MECH,8.62,8
565627659,Chaitanya Bhat,AIDS,7.62,1
862116193,Ishaan Singh,CSBS,7.22,7
328086044,Ananya Pillai,AIDS,9.13,3
965745836,Meera Sharma,ECE,8.12,5
854634687,Divya Pillai,CIVIL,8.05,4
507300162,Divya Verma,AIDS,8.52,4
968536905,Ananya Menon,AIDS,7.97,2
150356337,Varun Menon,CSBS,6.90,5
843902255,Harini Nair,CIVIL,6.65,2
507032536,Aarav Nair,EEE,7.37,8
569545313,Pranav Nair,CIVIL,6.85,6
817644842,Varun Gupta,MECH,7.58,1
400872009,Sanjay Pillai,MECH,9.63,2
175037668,Yamini Nair,AIDS,6.92,7
837979937,Madhav Singh,CSE,6.83,5
637848249,Janani Chowdhury,EEE,7.87,8
915932686,Sanjay Reddy,CSE,7.82,1
543833049,Aditi Gupta,ECE,6.60,8
885040315,Meera Patel,CSBS,6.65,7
923032257,Yamini Kumar,ECE,9.05,7
461111780,Gautam Sharma,EEE,9.27,5
317248121,Divya Kumar,CSBS,9.86,4
828910643,Varun Kumar,IT,8.15,3
443689694,Rahul Sharma,MECH,9.68,5
528234507,Chaitanya Menon,ECE,7.95,6
579006680,Janani Rao,EEE,8.55,8
228731947,Niharika Reddy,ECE,7.57,4
100927169,Harini Gupta,EEE,7.55,5
749766809,Divya Gupta,CSBS,9.11,8
187853453,Pranav Menon,MECH,8.89,2
413541173,Deepak Verma,IT,9.72,4
480049319,Tarun Menon,ECE,7.46,5
442025831,Janani Reddy,AIDS,9.33,4
686482331,Niharika Reddy,CSE,7.55,3
105823352,Ananya Rao,CIVIL,8.10,8
938880762,Pooja Chowdhury,CSE,7.53,1
753314940,Gautam Singh,ECE,9.27,2
493898136,Tarun Gupta,IT,7.89,2
115274872,Aditi Gupta,EEE,6.90,6
477816740,Ananya Menon,CSBS,7.05,4
190626598,Meera Bhat,AIDS,9.59,5
217604062,Vignesh Iyer,CSE,6.52,2
158130801,Meera Rao,ECE,8.90,7
532594561,Niharika Verma,IT,7.82,1
142501746,Janani Menon,AIDS,9.83,4
145548910,Varun Singh,ECE,7.01,1
778454458,Tarun Bhat,IT,9.42,6
725923749,Aarav Pillai,AIDS,8.17,2
523675064,Aditi Nair,IT,7.51,7
427319581,Sanjay Nair,IT,7.77,8
368838671,Pranav Chowdhury,AIDS,8.27,4
662358682,Vignesh Rao,CSBS,9.37,3
506497546,Pranav Iyer,EEE,9.25,5
611617791,Karthik Reddy,EEE,6.73,7
954773077,Sneha Gupta,CSE,8.63,3
559034632,Yamini Nair,IT,8.84,5
686448170,Janani Pillai,CSBS,9.06,4
534436282,Akhil Kumar,CIVIL,9.34,5
800066428,Aarav Patel,CSBS,7.41,2
901027592,Aditi Singh,CIVIL,8.15,6
949235817,Bhavya Verma,ECE,8.80,6
548162863,Rithanya Iyer,CSE,9.81,6
864954642,Yamini Kumar,ECE,8.81,3
534128741,Janani Verma,IT,8.12,2
965270982,Kavya Nair,CSBS,8.39,3
418705427,Naveen Patel,ECE,9.36,8
803796935,Varun Menon,IT,6.97,1
476996310,Sanjay Kumar,CSE,7.44,5
161900493,Ananya Naidu,EEE,6.74,8
296917864,Karthik Gupta,IT,7.50,7
305581056,Ishaan Bhat,AIDS,7.38,8
834143148,Pooja Reddy,CSBS,8.20,8
700456545,Divya Nair,ECE,7.35,7
730904780,Varun Gupta,CSE,9.33,8
747306056,Divya Iyer,AIDS,7.98,8
294545087,Akhil Nair,AIDS,7.17,8
981740990,Bhavya Kumar,MECH,9.18,7
270679846,Sanjay Menon,CSE,7.33,6
793787525,Aditi Bhat,CIVIL,8.26,6
313314676,Bhavya Rao,CSE,7.17,4
213011298,Deepak Reddy,CSBS,9.82,7
313704434,Rahul Nair,MECH,6.56,8
448431369,Yamini Naidu,AIDS,8.90,4
395997513,Yamini Singh,AIDS,8.57,1
894221621,Niharika Nair,EEE,8.29,1
619879742,Pooja Bhat,IT,6.84,4
655785878,Tarun Bhat,CIVIL,6.80,7
885696940,Karthik Nair,MECH,8.12,3
308865465,Rahul Nair,CSBS,7.43,4
855165529,Pranav Verma,CSE,7.38,8
893151790,Madhav Nair,CSBS,8.51,1
796065172,Chaitanya Singh,IT,7.37,2
161904432,Naveen Gupta,CIVIL,8.04,2
186912573,Sanjay Sharma,IT,7.29,2
751487014,Rithanya Chowdhury,ECE,7.82,4
571246390,Janani Sharma,IT,8.79,3
940858971,Sanjay Menon,AIDS,9.07,7
257745028,Madhav Singh,MECH,9.71,4
478343042,Kavya Gupta,CSE,7.67,6
939966642,Madhav Singh,ECE,6.70,2
124829689,Tarun Gupta,MECH,9.16,1
190103529,Harini Gupta,AIDS,7.10,4
992278926,Varun Naidu,IT,9.64,6
737574547,Yamini Singh,CSE,7.36,2
101498349,Harini Menon,CIVIL,9.83,8
105673361,Sneha Singh,CSBS,9.66,5
249620905,Ishaan Singh,CSE,7.27,7
217352482,Sneha Gupta,ECE,8.83,8
589314173,Rahul Bhat,MECH,9.37,8
312920161,Aditi Naidu,CSBS,7.03,7
927475902,Yamini Bhat,EEE,9.30,8
986064530,Naveen Menon,IT,9.09,4
671755238,Ishaan Rao,MECH,7.78,7
243676948,Naveen Kumar,MECH,7.63,5
231648332,Yamini Pillai,EEE,6.73,2
502440826,Yamini Patel,ECE,7.16,8
494561820,Naveen Pillai,IT,8.64,8
317242025,Deepak Naidu,MECH,6.86,3
211168502,Sneha Rao,AIDS,7.30,4
791300147,Yamini Rao,CSBS,7.50,6
488568649,Madhav Gupta,CSE,6.97,8
460723188,Naveen Patel,IT,8.29,4
298991023,Deepak Chowdhury,CSE,9.81,5
289707606,Gautam Rao,ECE,7.83,3
545537909,Sneha Sharma,ECE,7.81,3
316977936,Sneha Naidu,AIDS,9.48,2
778306997,Kavya Menon,MECH,7.05,5
542694447,Rahul Chowdhury,ECE,8.31,1
372567162,Naveen Reddy,CSE,9.57,6
402290443,Karthik Sharma,CSBS,6.67,6
878615412,Aarav Gupta,MECH,7.34,8
523000984,Niharika Iyer,CSBS,8.25,1
273424595,Pooja Kumar,IT,7.52,5
415686330,Meera Nair,CIVIL,6.99,4
547001875,Sanjay Kumar,AIDS,7.53,8
631799441,Sneha Singh,IT,7.35,3
564284591,Ishaan Reddy,MECH,9.72,3
344116248,Divya Verma,EEE,8.06,5
325092774,Deepak Bhat,CSBS,8.45,7
602016645,Niharika Patel,CSE,8.66,3
386431555,Tarun Nair,AIDS,7.36,4
183286666,Ananya Rao,AIDS,6.63,1
199935579,Karthik Verma,AIDS,7.09,2
448832950,Ishaan Gupta,CIVIL,8.32,8
370985972,Sneha Pillai,EEE,9.65,4
145101135,Sanjay Rao,IT,8.88,5
217595488,Pranav Kumar,ECE,8.16,2
711618553,Rithanya Sharma,EEE,9.03,1
151449020,Niharika Verma,AIDS,9.04,1
629412979,Harini Pillai,AIDS,6.95,7
557993651,Ananya Singh,CSE,9.58,1
883089240,Tarun Singh,ECE,7.02,4
599294994,Meera Naidu,CSE,9.03,6
213672891,Karthik Naidu,EEE,7.24,6
734019923,Madhav Singh,CSBS,6.52,8
101248379,Ishaan Iyer,ECE,9.70,7
313024507,Gautam Singh,ECE,7.04,4
605297038,Naveen Naidu,MECH,9.72,6
932486702,Karthik Sharma,CSBS,8.87,7
144370925,Aarav Pillai,EEE,8.43,5
330189997,Ananya Nair,CSE,9.54,5
973916527,Pooja Rao,IT,9.54,2
681507097,Sneha Iyer,MECH,6.63,4
336124692,Rithanya Pillai,MECH,7.07,7
582541523,Bhavya Bhat,IT,7.77,1
477402649,Meera Pillai,CSE,8.84,8
456178605,Pooja Patel,CSE,9.26,5
933260693,Karthik Reddy,MECH,6.75,2
817498059,Akhil Naidu,MECH,9.01,3
558517662,Karthik Menon,ECE,8.75,2
152349095,Pooja Naidu,CSE,7.67,5
863683197,Rithanya Rao,CSE,6.90,1
886231650,Divya Rao,ECE,8.42,7
896957499,Kavya Patel,CSE,8.40,1
571499322,Deepak Rao,ECE,7.85,1
546082214,Varun Bhat,AIDS,8.55,7
675182461,Rithanya Pillai,IT,7.35,4
826847344,Niharika Menon,ECE,7.41,6
785308806,Kavya Chowdhury,CSBS,7.57,2
476881964,Karthik Chowdhury,CSBS,8.33,5
330468514,Janani Bhat,AIDS,6.66,8
380011945,Aditi Menon,CSBS,6.68,2
452629854,Pranav Nair,MECH,9.08,7
108577318,Pranav Sharma,ECE,9.75,1
499390621,Harini Iyer,AIDS,7.12,5
974156785,Meera Verma,CSBS,7.02,1
518535806,Sanjay Menon,CSE,9.69,7
195831995,Karthik Chowdhury,IT,8.26,1
108954457,Meera Nair,ECE,7.65,2
914111991,Niharika Menon,IT,6.67,2
412677947,Rahul Chowdhury,CIVIL,9.07,3
788289685,Harini Nair,EEE,7.07,5
989606648,Meera Verma,CSBS,9.60,3
714893504,Meera Reddy,EEE,7.26,8
882816718,Pooja Rao,AIDS,7.75,5
416728212,Yamini Singh,IT,9.39,5
853073812,Janani Nair,CSBS,7.52,8
889747259,Divya Iyer,AIDS,8.50,8
467204665,Aditi Rao,AIDS,7.97,6
204533792,Akhil Pillai,ECE,7.04,8
520496885,Vignesh Chowdhury,MECH,9.56,1
517365874,Naveen Menon,CIVIL,9.61,8
510293623,Naveen Pillai,IT,6.82,4
211314799,Gautam Sharma,IT,7.01,1
459418538,Niharika Kumar,EEE,9.34,2
862721381,Sanjay Gupta,ECE,9.76,7
307689121,Naveen Pillai,CSBS,8.93,1
821443404,Niharika Naidu,CSE,9.06,5
102782362,Aarav Patel,IT,8.68,5
814885015,Vignesh Bhat,IT,9.44,2
827353704,Aarav Chowdhury,EEE,9.57,7
639145965,Chaitanya Singh,EEE,6.60,6
179231637,Madhav Singh,IT,6.59,7
547646864,Aditi Bhat,CIVIL,9.31,4
730654247,Bhavya Naidu,CIVIL,8.86,1
490359876,Sneha Patel,ECE,8.79,1
943520335,Harini Kumar,MECH,6.70,1
552110900,Sneha Patel,CSBS,8.49,4
693896144,Sneha Bhat,CSE,8.46,7
883298658,Sneha Rao,AIDS,8.84,3
316286998,Rahul Singh,CIVIL,7.19,8
646989763,Varun Singh,AIDS,9.80,7
328650623,Tarun Patel,ECE,6.71,1
273711876,Yamini Rao,EEE,9.68,3
807316675,Ananya Pillai,CIVIL,8.98,4
415131616,Niharika Gupta,EEE,8.26,8
735067822,Naveen Bhat,CIVIL,8.89,8
998382531,Akhil Reddy,AIDS,9.67,1
262850444,Meera Bhat,AIDS,8.27,6
145422226,Aditi Patel,ECE,6.71,5
494597456,Vignesh Chowdhury,CSBS,6.77,6
425640115,Rahul Kumar,ECE,8.93,3
987642695,Naveen Chowdhury,AIDS,8.75,7
493278473,Gautam Menon,MECH,7.29,5
621156747,Ananya Naidu,EEE,8.37,4
490891706,Niharika Reddy,AIDS,7.23,7
926170238,Chaitanya Pillai,CSE,8.30,2
835980709,Deepak Reddy,MECH,7.48,2
948309573,Ishaan Sharma,ECE,9.72,3
185486048,Harini Patel,ECE,6.86,7
632324362,Rithanya Bhat,MECH,9.01,3
332063053,Meera Iyer,CSBS,8.59,4
607917427,Yamini Verma,CIVIL,7.64,8
820912040,Ishaan Sharma,ECE,9.20,6
842937465,Divya Chowdhury,IT,6.76,4
140535043,Gautam Singh,CIVIL,8.23,1
222203249,Rahul Singh,ECE,8.72,4
635846546,Tarun Iyer,EEE,8.90,8
988458007,Janani Chowdhury,EEE,8.77,7
947665065,Meera Sharma,IT,8.49,6
716085615,Rithanya Reddy,IT,7.76,1
328091200,Chaitanya Kumar,EEE,7.64,6
274104326,Akhil Iyer,ECE,8.63,4
156269641,Naveen Bhat,CSBS,8.57,2
268466594,Ishaan Naidu,EEE,9.05,8
732596294,Ananya Singh,ECE,9.23,1
201747792,Vignesh Singh,ECE,7.65,6
359400479,Naveen Kumar,CSBS,8.66,8
533754901,Gautam Singh,CIVIL,7.57,7
213401164,Pranav Chowdhury,CIVIL,7.58,8
777395119,Tarun Singh,CSE,8.70,3
787116040,Rahul Verma,IT,7.44,7
495641757,Aarav Verma,CSBS,6.95,5
630348975,Niharika Bhat,MECH,9.40,6
288103711,Chaitanya Chowdhury,CIVIL,7.66,7
432188604,Sanjay Rao,EEE,8.51,2
455738959,Pranav Reddy,EEE,7.19,8
951466565,Aarav Menon,CSBS,7.49,1
228511802,Aarav Kumar,EEE,9.44,3
601379036,Rahul Nair,IT,8.97,8
930920534,Karthik Pillai,CSE,8.11,5
829701749,Karthik Iyer,AIDS,7.01,4
220727792,Akhil Naidu,EEE,8.93,4
718283558,Ananya Nair,CIVIL,9.63,3
457877080,Aditi Iyer,ECE,6.65,5
492839031,Gautam Rao,IT,7.05,5
164108587,Niharika Rao,CSE,8.17,2
367152708,Kavya Singh,ECE,8.93,7
498473562,Harini Bhat,IT,7.13,3
252855942,Divya Chowdhury,CSE,9.79,5
901669377,Aditi Nair,CSBS,9.68,3
961970117,Yamini Sharma,CIVIL,9.16,3
127201974,Deepak Sharma,CSBS,9.37,5
400221316,Naveen Kumar,IT,7.60,5
203835078,Niharika Chowdhury,CSE,9.33,3
789619951,Janani Nair,CIVIL,7.20,1
137760287,Divya Patel,MECH,6.59,4
216674063,Kavya Patel,CIVIL,6.76,4
232171870,Sneha Reddy,ECE,9.01,8
708616016,Rahul Kumar,MECH,8.14,3
708630563,Sneha Menon,ECE,9.53,2
331104773,Ishaan Singh,MECH,9.42,3
351555923,Sanjay Verma,CIVIL,7.56,4
531655201,Chaitanya Naidu,CSBS,9.71,1
782906687,Pooja Singh,CIVIL,8.61,3
687488983,Gautam Kumar,CSBS,6.85,3
703358079,Sneha Chowdhury,CSE,8.91,3
147885673,Bhavya Iyer,MECH,6.57,2
645445159,Ishaan Singh,CSBS,7.66,7
975343147,Karthik Sharma,EEE,6.85,2
362159921,Divya Reddy,IT,7.85,3
479374886,Kavya Verma,AIDS,9.05,4
119548493,Aarav Pillai,CSBS,9.03,5
875834057,Janani Patel,EEE,6.94,4
266233063,Meera Kumar,MECH,8.89,4
440451815,Divya Rao,AIDS,8.74,8
493927064,Sanjay Iyer,ECE,7.25,4
859319202,Rithanya Gupta,EEE,6.50,8
362941020,Madhav Iyer,EEE,6.89,3
447409004,Naveen Chowdhury,CSE,7.81,1
149609761,Sneha Reddy,CIVIL,6.87,3
105698380,Chaitanya Sharma,EEE,8.51,7
965355427,Ishaan Patel,ECE,7.24,6
685810633,Karthik Verma,IT,9.62,4
104785530,Karthik Kumar,EEE,9.06,6
485815873,Bhavya Nair,EEE,8.53,5
314714155,Rithanya Nair,EEE,7.06,8
586691850,Kavya Gupta,CSE,7.13,4
506341416,Rahul Bhat,MECH,7.00,6
273305425,Naveen Singh,IT,8.15,7
568367743,Karthik Rao,CIVIL,8.52,7
811745827,Sanjay Iyer,CSBS,6.72,7
617891855,Tarun Gupta,EEE,8.35,5
151404906,Chaitanya Bhat,CSBS,6.59,3
549103646,Varun Bhat,CIVIL,9.79,7
193504331,Niharika Kumar,CSE,9.70,3
222334367,Harini Pillai,EEE,9.31,1
822657103,Aditi Naidu,EEE,6.72,5
527966410,Ananya Singh,AIDS,7.73,1
706371477,Kavya Patel,ECE,8.96,7
770726914,Deepak Gupta,AIDS,9.82,1
547416824,Pranav Chowdhury,CSBS,8.13,3
303622176,Sanjay Menon,EEE,9.80,1
436760131,Kavya Bhat,IT,7.78,1
456686447,Ishaan Iyer,CSBS,6.96,2
466624099,Ananya Pillai,IT,8.57,2
498480169,Sneha Pillai,CIVIL,6.63,1
311737368,Sneha Verma,IT,8.19,3
272804796,Vignesh Singh,CSBS,8.85,6
278321682,Meera Patel,EEE,8.47,2
906948728,Gautam Bhat,EEE,8.98,5
120380120,Yamini Reddy,ECE,7.96,5
558902337,Akhil Menon,CSE,6.94,6
959359113,Tarun Gupta,ECE,9.46,2
852386722,Sneha Naidu,CSBS,8.84,7
575187263,Janani Reddy,CSBS,9.26,6
493277707,Vignesh Verma,CIVIL,8.65,6
938880674,Niharika Naidu,MECH,7.85,2
570089685,Ananya Singh,MECH,8.58,4
235559073,Madhav Kumar,ECE,7.52,7
342776417,Naveen Patel,CSE,8.84,8
273077848,Sanjay Gupta,AIDS,6.59,4
366759543,Ananya Singh,AIDS,8.61,5
358771979,Kavya Patel,EEE,9.90,5
360622500,Ananya Sharma,CSE,9.56,5
458012657,Akhil Verma,EEE,7.99,7
938639803,Gautam Nair,CSE,8.33,2
561136155,Gautam Iyer,MECH,7.99,2
540813683,Sneha Bhat,IT,7.24,1
208195854,Gautam Rao,CSBS,7.82,2
240534148,Karthik Nair,CSE,7.44,2
498529629,Tarun Patel,ECE,8.33,6
446994185,Naveen Patel,CIVIL,8.77,2
662342977,Divya Chowdhury,CIVIL,6.59,1
164920378,Janani Gupta,MECH,7.41,4
793937208,Janani Verma,IT,7.97,8
249073488,Gautam Gupta,MECH,8.14,6
590660069,Sanjay Reddy,MECH,7.14,7
669787833,Aditi Nair,IT,7.72,2
167279267,Sneha Gupta,IT,6.71,5
469371756,Deepak Sharma,IT,7.50,3
286296338,Sanjay Menon,CIVIL,9.69,2
575153795,Gautam Bhat,IT,9.81,2
981888650,Aditi Singh,MECH,8.67,4
123083359,Akhil Sharma,AIDS,9.40,7
821997762,Rahul Nair,CSE,9.55,5
816978027,Bhavya Singh,EEE,8.83,4
267818419,Pranav Iyer,IT,7.62,1
249219011,Sneha Naidu,CSBS,6.58,8
548073118,Gautam Singh,CIVIL,7.79,2
279508812,Janani Verma,CSE,7.02,3
695658561,Ananya Sharma,IT,8.77,5
604805871,Pranav Naidu,EEE,8.10,5
962868245,Vignesh Gupta,CIVIL,8.43,4
201611517,Gautam Singh,EEE,7.92,3
302051637,Niharika Iyer,IT,8.38,1
500862956,Rithanya Singh,AIDS,8.10,5
629844872,Pranav Chowdhury,CSE,9.05,1
464547567,Akhil Rao,CIVIL,6.67,8
540023574,Sneha Pillai,ECE,7.34,4
455213775,Sneha Menon,MECH,9.49,3
775308996,Sneha Verma,MECH,6.60,5
110115946,Rithanya Naidu,CSBS,8.88,8
301107393,Madhav Nair,EEE,9.54,8
634813357,Rithanya Pillai,CIVIL,8.69,7
171365825,Chaitanya Singh,ECE,9.26,4
177104036,Pooja Bhat,AIDS,6.97,5
935864125,Pranav Menon,CIVIL,6.78,8
136857855,Niharika Gupta,CIVIL,9.75,7
192311106,Ishaan Singh,EEE,9.10,3
959328910,Ananya Gupta,IT,9.02,3
880329296,Chaitanya Rao,CSE,9.40,1
571776726,Naveen Naidu,ECE,8.38,7
326405817,Sanjay Patel,ECE,8.45,1
550789850,Ananya Sharma,CSE,8.54,7
952256959,Aditi Verma,EEE,6.90,5
541612221,Divya Naidu,CIVIL,7.32,7
456314405,Madhav Bhat,CIVIL,7.53,3
977727189,Meera Sharma,CSE,9.39,3
783426444,Divya Nair,CIVIL,7.80,5
367819721,Divya Iyer,CIVIL,7.98,8
411738527,Pranav Iyer,AIDS,9.07,5
417348846,Yamini Verma,ECE,6.90,5
478833846,Deepak Iyer,MECH,9.27,5
786473574,Tarun Bhat,IT,9.34,8
514080721,Yamini Kumar,CSE,7.23,4
929836886,Karthik Pillai,CSBS,7.33,5
319462196,Divya Pillai,AIDS,8.87,5
238477410,Aditi Iyer,CSBS,8.75,8
295054336,Naveen Reddy,IT,8.68,2
660397732,Varun Kumar,AIDS,8.70,1
196232849,Vignesh Verma,CIVIL,7.84,2
363774487,Kavya Chowdhury,CSBS,7.44,5
832840764,Yamini Kumar,MECH,8.98,7
658037597,Vignesh Iyer,ECE,8.00,4
516213818,Bhavya Bhat,AIDS,8.66,7
162545939,Vignesh Kumar,EEE,7.48,2
172392763,Gautam Reddy,ECE,6.78,2
261910274,Niharika Bhat,AIDS,9.12,8
305423908,Yamini Menon,AIDS,7.07,1
706933984,Ananya Iyer,AIDS,8.97,3
412371978,Naveen Nair,CSE,8.39,1
343158797,Aditi Pillai,AIDS,9.34,6
339111593,Pooja Bhat,AIDS,8.75,8
588836081,Janani Gupta,IT,8.61,3
456061895,Gautam Rao,AIDS,6.64,8
292728057,Meera Chowdhury,IT,7.34,6
595888261,Gautam Rao,CSBS,9.72,2
980566238,Sneha Kumar,CSE,8.91,4
179876789,Divya Gupta,IT,6.89,3
752516455,Pranav Sharma,IT,9.77,4
376493756,Meera Reddy,IT,8.87,7
200847118,Ishaan Patel,IT,7.99,4
737190048,Kavya Chowdhury,EEE,8.66,4
261651144,Deepak Bhat,CIVIL,9.11,7
970984174,Rithanya Iyer,AIDS,8.48,8
884230562,Rahul Sharma,ECE,9.40,4
842942041,Bhavya Pillai,CSBS,8.85,7
466394391,Aditi Pillai,CIVIL,7.98,6
535697325,Harini Bhat,ECE,7.75,7
715566047,Divya Gupta,CIVIL,9.17,2
968010661,Sneha Rao,CSE,8.95,4
562172332,Sanjay Pillai,MECH,9.15,6
666944756,Janani Bhat,EEE,8.39,5
236120752,Deepak Pillai,CIVIL,9.59,2
334366836,Sneha Nair,CSE,7.90,5
913591755,Pooja Verma,EEE,9.58,7
921699179,Bhavya Singh,EEE,7.79,8
190617628,Varun Chowdhury,CSE,9.75,3
354984813,Bhavya Chowdhury,MECH,7.18,3
167293087,Bhavya Singh,MECH,9.76,4
960810914,Madhav Bhat,IT,8.58,6
767467578,Varun Verma,CSBS,8.40,3
785936760,Naveen Gupta,CSE,9.15,5
826731575,Rahul Singh,AIDS,9.42,2
572051769,Sneha Kumar,CIVIL,6.58,4
801413464,Tarun Iyer,EEE,8.34,3
646999239,Naveen Chowdhury,CSE,6.59,7
695366689,Sneha Pillai,CIVIL,7.26,6
503632727,Gautam Gupta,CSBS,7.59,2
583193088,Janani Sharma,CIVIL,7.19,8
882814341,Pranav Bhat,CIVIL,9.27,6
697613274,Deepak Gupta,MECH,8.66,7
363913758,Janani Patel,CIVIL,8.58,2
415369838,Aditi Sharma,CSE,6.90,1
334772939,Madhav Patel,IT,8.98,5
330966460,Aditi Nair,ECE,9.20,4
761300768,Bhavya Kumar,AIDS,8.71,5
267961991,Rithanya Sharma,AIDS,9.65,4
310550267,Yamini Kumar,CSBS,7.83,3
977697847,Ananya Pillai,MECH,7.56,6
648162785,Meera Pillai,IT,6.68,8
699049519,Madhav Sharma,MECH,7.18,6
416288623,Akhil Nair,CSE,6.58,1
503878539,Niharika Bhat,EEE,8.56,5
437927075,Yamini Sharma,CIVIL,8.51,7
215405255,Harini Sharma,AIDS,7.80,6
139119203,Ishaan Nair,CSBS,8.65,3
660774508,Yamini Pillai,CSBS,8.37,3
167410653,Varun Nair,CSBS,8.84,5
753665522,Harini Pillai,ECE,6.71,2
528897976,Harini Verma,EEE,7.15,5
960119148,Bhavya Chowdhury,AIDS,6.85,4
489947207,Rithanya Gupta,CSE,9.52,7
973636900,Madhav Rao,CSE,7.27,4
703891438,Aditi Patel,AIDS,9.48,1
529589200,Bhavya Reddy,CSE,7.79,1
945202989,Karthik Bhat,AIDS,9.15,3
895404871,Rithanya Iyer,EEE,9.46,2
856994716,Tarun Pillai,MECH,8.39,8
370676113,Ananya Nair,MECH,7.59,6
777580978,Rithanya Chowdhury,CSE,8.17,4
692214424,Niharika Chowdhury,ECE,6.81,8
998802067,Madhav Rao,MECH,9.56,1
683570271,Deepak Menon,EEE,9.89,2
966139180,Divya Iyer,ECE,7.00,6
455648268,Janani Kumar,CIVIL,9.75,2
159834860,Rahul Patel,CIVIL,9.25,6
230716441,Madhav Rao,AIDS,9.01,6
975468686,Divya Nair,CSBS,6.51,7
576643458,Sneha Menon,CSE,6.50,5
502716278,Akhil Bhat,IT,7.00,1
223240212,Niharika Iyer,ECE,6.68,2
445040901,Vignesh Nair,AIDS,8.79,1
874174372,Varun Rao,AIDS,8.48,6
271339546,Tarun Verma,CSBS,6.98,8
321146493,Meera Sharma,CSBS,8.36,6
821624302,Yamini Gupta,IT,9.32,5
728641728,Tarun Naidu,ECE,9.14,5
819342435,Varun Sharma,CIVIL,7.02,1
891342600,Chaitanya Iyer,CIVIL,8.21,8
108176437,Sanjay Gupta,IT,6.53,2
901026682,Rithanya Kumar,IT,8.09,7
599162519,Naveen Menon,IT,9.69,3
226247885,Sneha Singh,AIDS,7.26,3
966403209,Divya Iyer,CIVIL,9.65,7
937344262,Pranav Iyer,MECH,9.65,1
763929104,Rahul Rao,CSBS,8.64,5
281327658,Bhavya Chowdhury,EEE,8.14,6
783866659,Niharika Rao,CIVIL,8.18,8
583325776,Varun Singh,CSBS,7.40,2
566920091,Harini Naidu,EEE,7.87,7
945713663,Pranav Reddy,IT,7.51,3
480515068,Aditi Patel,CSE,7.71,1
976885918,Naveen Singh,EEE,8.95,3
683961817,Gautam Chowdhury,AIDS,8.75,7
941371747,Tarun Singh,ECE,6.51,3
297688912,Ananya Patel,CSBS,7.25,3
295319116,Deepak Kumar,AIDS,9.56,1
603244794,Akhil Naidu,CSE,8.96,1
235468922,Pooja Chowdhury,IT,8.47,2
270574232,Gautam Menon,CSBS,7.19,7
102167118,Karthik Verma,AIDS,8.95,7
322971720,Harini Kumar,MECH,8.25,7
775313578,Pranav Gupta,MECH,7.97,7
488804202,Chaitanya Gupta,IT,7.16,5
437313843,Sneha Naidu,CSBS,9.56,8
369918060,Varun Rao,CSE,8.48,2
770583536,Pooja Verma,CSBS,9.61,8
651054940,Aarav Verma,MECH,9.83,1
737208554,Akhil Naidu,AIDS,9.60,7
488134975,Meera Nair,MECH,8.93,3
884503534,Ananya Gupta,AIDS,9.52,2
293403860,Varun Menon,EEE,8.31,8
155191495,Sneha Menon,AIDS,9.12,3
432541442,Ishaan Nair,CSBS,9.17,1
946211691,Sanjay Iyer,CSE,8.78,8
689573311,Gautam Chowdhury,CSBS,7.31,6
579481612,Meera Singh,ECE,7.17,7
968121477,Aarav Reddy,CIVIL,8.70,6
469801411,Ishaan Menon,AIDS,7.43,7
178003454,Bhavya Pillai,MECH,9.07,3
955786474,Yamini Rao,CSBS,8.54,2
864557979,Sneha Menon,EEE,8.54,1
792223393,Vignesh Verma,IT,7.68,2
401872672,Kavya Reddy,ECE,9.03,7
135974299,Niharika Iyer,MECH,7.38,4
533504020,Varun Sharma,CIVIL,9.57,5
212631216,Vignesh Patel,EEE,8.31,6
408435198,Chaitanya Verma,CIVIL,6.89,7
332194167,Pranav Iyer,CSE,9.76,1
984266374,Ishaan Kumar,EEE,8.75,6
357056243,Sneha Pillai,ECE,8.03,1
245264774,Aarav Iyer,CSBS,9.36,3
144837294,Bhavya Nair,IT,9.06,5
642966322,Karthik Nair,AIDS,7.03,8
943593456,Meera Rao,CIVIL,6.76,3
902045452,Madhav Reddy,AIDS,7.64,7
871535970,Janani Bhat,AIDS,7.64,8
258758270,Kavya Gupta,EEE,8.01,3
673246816,Chaitanya Bhat,ECE,7.99,5
324956569,Vignesh Naidu,CSE,9.04,1
483155580,Harini Verma,ECE,8.43,4
366486437,Ananya Chowdhury,IT,8.41,1
563772809,Vignesh Sharma,IT,9.49,7
579237149,Akhil Naidu,ECE,7.24,7
190458794,Rahul Reddy,CSBS,9.31,7
641493962,Karthik Iyer,ECE,6.86,3
146333319,Gautam Kumar,EEE,7.99,7
519765126,Divya Kumar,ECE,9.82,2
489309252,Harini Gupta,EEE,7.02,1
779495734,Yamini Singh,EEE,8.72,6
965265597,Akhil Bhat,CIVIL,7.72,3
914008969,Pooja Menon,CSBS,8.72,2
377133260,Deepak Bhat,IT,7.84,4
779941129,Divya Iyer,IT,7.72,7
610981096,Tarun Patel,CSE,9.51,3
167153653,Ishaan Iyer,EEE,8.70,4
328370258,Ananya Rao,CSE,9.50,5
364293141,Yamini Pillai,AIDS,9.20,2
380795052,Madhav Pillai,IT,9.49,8
106580606,Deepak Naidu,CIVIL,8.24,4
683570309,Harini Patel,IT,8.65,7
493012725,Gautam Verma,IT,8.61,6
690387912,Varun Rao,MECH,7.39,2
318916613,Tarun Nair,ECE,7.06,4
417528685,Pranav Verma,AIDS,8.47,4
869409951,Deepak Verma,CIVIL,7.95,4
740183378,Bhavya Pillai,CSE,8.62,1
733145638,Deepak Pillai,CSBS,6.75,1
683560222,Gautam Kumar,AIDS,7.42,8
648833560,Pranav Gupta,EEE,9.01,2
139729546,Ananya Chowdhury,IT,7.81,3
346325540,Chaitanya Kumar,CSBS,7.41,1
545656816,Deepak Reddy,CSBS,7.49,4
638611075,Ananya Rao,CSBS,6.98,5
667196246,Bhavya Menon,CSBS,7.75,3
355340496,Sanjay Iyer,MECH,9.83,1
558920165,Rithanya Gupta,CIVIL,9.44,7
115612855,Janani Kumar,CSBS,8.41,4
936650386,Sneha Iyer,MECH,9.34,1
228592940,Divya Verma,CSBS,8.27,7
455239703,Chaitanya Iyer,AIDS,6.73,3
253759864,Meera Nair,ECE,9.09,6
220226609,Harini Naidu,AIDS,7.96,6
252203457,Akhil Nair,EEE,9.81,6
659574353,Chaitanya Reddy,CSBS,6.94,2
297937664,Harini Iyer,AIDS,6.72,2
869681443,Madhav Naidu,CIVIL,9.27,2
513203611,Akhil Sharma,CIVIL,9.19,6
571636782,Ananya Bhat,MECH,8.82,1
939154320,Akhil Nair,CSE,7.92,7
652109904,Bhavya Iyer,CSE,7.80,6
310548549,Tarun Reddy,IT,9.43,6
935743893,Chaitanya Naidu,EEE,9.61,6
754459339,Kavya Menon,EEE,7.15,1
395620186,Sanjay Gupta,ECE,7.16,5
688708838,Yamini Pillai,IT,8.43,5
648049136,Sneha Rao,MECH,8.11,4
735330734,Aditi Kumar,IT,9.45,3
837033995,Tarun Chowdhury,CSBS,9.34,3
786625530,Bhavya Iyer,CSBS,9.22,1
851638876,Chaitanya Nair,CIVIL,8.23,6
498639081,Pranav Sharma,ECE,9.38,2
299107660,Varun Chowdhury,AIDS,8.65,1
613072754,Ishaan Sharma,ECE,9.39,3
388135193,Yamini Verma,AIDS,7.79,2
200462089,Rithanya Chowdhury,ECE,9.60,4
511186857,Madhav Rao,CSBS,7.02,5
340832993,Janani Patel,CSBS,9.62,5
929716488,Varun Reddy,ECE,7.76,2
343700613,Harini Naidu,MECH,7.16,6
433984945,Kavya Naidu,CSE,9.15,3
497999681,Deepak Naidu,EEE,7.92,6
169238928,Ananya Pillai,CSBS,7.84,3
641734086,Rahul Pillai,IT,8.82,7
623304872,Rahul Kumar,MECH,7.46,1
441747933,Karthik Reddy,EEE,9.01,6
319428971,Tarun Singh,IT,9.60,3
291897519,Aarav Menon,CSE,9.78,7
839539402,Aarav Chowdhury,CIVIL,8.61,8
137501835,Pooja Sharma,CSE,6.98,6
931398086,Harini Verma,AIDS,9.60,3
407555191,Karthik Kumar,AIDS,7.34,3
738084670,Pooja Reddy,CSBS,9.01,2
757096531,Sneha Iyer,CIVIL,9.45,2
568340577,Aarav Naidu,AIDS,9.88,7
246431624,Chaitanya Singh,IT,7.83,3
822616287,Ananya Verma,EEE,7.61,2
568619937,Deepak Rao,EEE,7.85,2
876931798,Gautam Gupta,IT,8.92,6
577421945,Yamini Chowdhury,CSBS,9.35,3
581452182,Niharika Nair,CSE,9.04,4
187851150,Chaitanya Iyer,MECH,9.59,8
981646860,Yamini Bhat,CIVIL,9.77,6
439492107,Tarun Menon,EEE,8.44,4
872979379,Niharika Sharma,AIDS,7.32,8
730355155,Niharika Menon,EEE,6.70,5
264016925,Deepak Bhat,EEE,6.75,3
292297225,Tarun Kumar,MECH,7.06,4
472417346,Sneha Singh,AIDS,7.91,1
917114959,Sneha Rao,IT,9.55,8
302164307,Gautam Gupta,CSE,7.23,5
719896173,Kavya Sharma,ECE,7.11,5
839421182,Varun Rao,MECH,7.53,7
940704597,Karthik Iyer,AIDS,8.41,1
891059180,Bhavya Chowdhury,CSBS,7.73,8
969337992,Aarav Chowdhury,AIDS,6.75,8
506105970,Vignesh Sharma,CIVIL,9.42,7
369134211,Karthik Pillai,ECE,6.64,1
981864633,Kavya Pillai,MECH,7.81,1
962862397,Chaitanya Verma,MECH,9.54,2
343165917,Akhil Rao,CSBS,7.98,4
138154356,Kavya Pillai,CIVIL,9.17,6
461550981,Niharika Menon,MECH,7.84,5
282104210,Vignesh Nair,CSE,7.26,6
702690993,Pranav Bhat,EEE,7.08,7
931675708,Yamini Gupta,AIDS,6.64,8
388685539,Vignesh Menon,EEE,8.54,3
475297849,Rithanya Reddy,CSBS,9.35,5
231783955,Yamini Bhat,AIDS,6.53,8
813482392,Divya Rao,CSE,7.31,8
169749577,Varun Reddy,ECE,8.95,5
138707118,Naveen Rao,EEE,7.30,2
832363756,Sneha Singh,ECE,8.67,7
227998493,Janani Bhat,AIDS,6.81,2
102544596,Sanjay Kumar,CIVIL,7.92,4
954229969,Madhav Sharma,AIDS,7.75,5
425987553,Ananya Bhat,AIDS,8.82,2
619630241,Tarun Gupta,CIVIL,6.65,1
580056065,Niharika Naidu,EEE,9.82,5
136467918,Sneha Singh,ECE,7.69,4
533607334,Karthik Menon,MECH,8.44,3
541259452,Sanjay Bhat,EEE,7.64,4
306193920,Vignesh Pillai,MECH,9.72,5
513158435,Karthik Chowdhury,CSE,8.88,3
503731907,Pranav Gupta,ECE,7.72,1
315416431,Meera Chowdhury,AIDS,9.35,1
585416972,Aarav Pillai,MECH,9.11,3
848590250,Tarun Reddy,ECE,7.98,8
418184104,Harini Verma,MECH,6.85,4
791869774,Deepak Kumar,CSE,7.37,1
155214874,Ananya Gupta,EEE,6.58,2
744894939,Janani Reddy,CSE,8.39,4
874036493,Ananya Sharma,IT,9.72,6
778322897,Harini Patel,EEE,7.01,3
999602877,Chaitanya Rao,AIDS,8.46,1
430064165,Ishaan Naidu,AIDS,9.29,5
843991203,Deepak Gupta,CIVIL,9.85,7
535961618,Sanjay Rao,CSBS,9.14,6
229695674,Rithanya Naidu,CSE,7.27,1
684068175,Meera Gupta,CIVIL,8.65,4
125311426,Meera Sharma,CSBS,6.85,3
559477173,Vignesh Kumar,CIVIL,6.85,3
572309617,Vignesh Verma,CSE,9.79,4
822783718,Deepak Naidu,CSE,7.88,1
547912837,Kavya Gupta,IT,7.72,4
261524184,Sneha Kumar,ECE,9.66,2
450640766,Ananya Verma,ECE,7.80,8
351988892,Rahul Bhat,EEE,8.54,4
613183137,Deepak Pillai,ECE,8.64,6
792602379,Deepak Patel,EEE,8.99,4
998261791,Naveen Sharma,MECH,6.84,4
176972773,Vignesh Kumar,CSE,7.34,5
688658736,Meera Chowdhury,CSE,6.94,3
656070257,Bhavya Sharma,MECH,9.89,8
598776119,Chaitanya Verma,CIVIL,8.63,6
196138450,Sanjay Kumar,ECE,8.08,3
570298431,Pranav Sharma,EEE,8.44,8
214198932,Janani Pillai,AIDS,9.32,2
926187701,Rahul Rao,ECE,8.27,5
370691284,Meera Iyer,AIDS,8.71,7
106318040,Deepak Kumar,CSBS,7.92,2
551713279,Pooja Rao,CSE,7.07,1
867577004,Janani Verma,IT,8.86,2
979805255,Madhav Patel,ECE,9.64,1
859075336,Niharika Bhat,CSE,9.66,2
800621622,Deepak Iyer,MECH,7.23,1
206074073,Sanjay Patel,CSE,7.29,2
716442633,Naveen Rao,EEE,6.89,6
342647447,Varun Chowdhury,AIDS,6.54,3
619222861,Sneha Kumar,EEE,6.87,6
960681523,Rahul Pillai,IT,9.38,4
514106979,Sanjay Chowdhury,CIVIL,9.12,2
514620622,Pooja Patel,AIDS,6.53,1
277529547,Meera Nair,MECH,9.35,6
356545256,Vignesh Chowdhury,CSBS,8.07,2
699013214,Sanjay Rao,AIDS,9.45,4
487758449,Deepak Patel,EEE,9.39,8
126238345,Ishaan Menon,CSE,8.57,3
283014900,Deepak Kumar,MECH,7.41,8
826720114,Akhil Singh,CSBS,8.81,7
190592375,Bhavya Naidu,CSE,7.91,8
871690371,Niharika Menon,EEE,7.16,2
216195332,Pooja Rao,CIVIL,9.44,7
981608142,Vignesh Menon,CIVIL,6.94,6
656673294,Aditi Menon,CSBS,8.80,6
859749543,Aditi Patel,CSE,7.47,4
490615017,Sanjay Patel,CSBS,7.78,1
659555839,Ishaan Bhat,CIVIL,8.52,4
179992838,Tarun Pillai,ECE,6.82,8
504402451,Pooja Bhat,MECH,7.16,2
750011153,Rahul Pillai,ECE,9.62,2
194569167,Harini Iyer,ECE,8.99,8
443076350,Varun Pillai,CIVIL,6.66,5
266005507,Janani Kumar,EEE,8.05,2
749625185,Rithanya Iyer,ECE,7.50,2
669970005,Bhavya Patel,CSBS,6.80,8
970857496,Ishaan Gupta,ECE,9.15,7
758025839,Ishaan Reddy,ECE,9.78,5
716842826,Meera Verma,CIVIL,7.66,1
854345213,Kavya Verma,EEE,7.41,6
918978487,Sanjay Verma,CSBS,8.31,6
483803464,Pranav Iyer,MECH,7.13,1
116802859,Yamini Rao,IT,6.80,5
736510715,Gautam Bhat,ECE,8.13,4
436649323,Aditi Naidu,CSE,8.04,1
551731544,Chaitanya Verma,EEE,7.65,8
128239875,Sanjay Naidu,CSE,8.26,5
187058460,Deepak Iyer,EEE,6.99,8
530498648,Janani Naidu,AIDS,8.70,3
416073398,Madhav Pillai,EEE,7.69,3
365971233,Gautam Nair,MECH,7.08,6
758950519,Rithanya Gupta,CSBS,8.52,7
821704092,Ishaan Menon,AIDS,8.71,2
683940507,Harini Iyer,CSBS,8.05,8
892090586,Rithanya Kumar,ECE,7.93,5
718300111,Ishaan Verma,IT,6.60,3
922523068,Rahul Nair,ECE,7.75,2
908595225,Madhav Verma,AIDS,7.43,2
205666498,Varun Naidu,CIVIL,8.40,5
262697608,Gautam Menon,CSE,8.58,2
492357211,Varun Reddy,IT,6.96,6
485417055,Niharika Nair,CSBS,8.85,1
454960852,Gautam Sharma,EEE,7.25,3
517230786,Ishaan Patel,IT,7.87,3
660897488,Ananya Iyer,IT,9.80,6
887626888,Tarun Iyer,ECE,8.38,7
845560892,Sanjay Reddy,IT,6.81,3
847155196,Varun Gupta,MECH,6.86,7
502832206,Harini Menon,CSE,7.63,3
453287377,Bhavya Pillai,MECH,8.92,3
843245144,Harini Patel,MECH,7.76,3
741905016,Divya Patel,IT,8.67,7
342677657,Deepak Gupta,EEE,8.08,1
350105738,Harini Gupta,ECE,9.18,5
970218754,Ishaan Sharma,MECH,7.62,2
742560379,Varun Kumar,AIDS,6.90,6
875567258,Madhav Singh,IT,8.68,8
663923785,Kavya Patel,AIDS,7.74,7
743199609,Deepak Singh,CSBS,9.74,3
115393781,Ishaan Pillai,ECE,7.49,1
268335976,Varun Menon,CSE,9.63,8
735208829,Deepak Naidu,CIVIL,7.54,7
246429108,Yamini Nair,ECE,6.77,7
734399445,Aarav Singh,AIDS,7.51,3
597223559,Akhil Gupta,IT,8.94,3
199159404,Ishaan Chowdhury,CSBS,7.39,3
220390253,Naveen Kumar,CIVIL,6.58,4
112743649,Aditi Naidu,CIVIL,8.30,1
583949027,Meera Naidu,EEE,9.73,3
822142567,Harini Reddy,EEE,8.56,5
699033657,Yamini Kumar,CSE,9.31,1
192451296,Janani Rao,CSE,7.71,1
334499814,Yamini Nair,IT,7.82,3
895794272,Janani Patel,ECE,6.96,6
901285638,Janani Kumar,MECH,7.71,2
554619766,Gautam Gupta,EEE,8.23,2
150795245,Janani Patel,CIVIL,7.54,6
268859439,Gautam Menon,CIVIL,9.14,4
846527185,Akhil Singh,ECE,9.62,8
564564975,Chaitanya Gupta,MECH,9.21,5
822926337,Chaitanya Sharma,CSE,8.68,6
608487544,Bhavya Bhat,MECH,9.20,2
321437807,Aditi Reddy,AIDS,9.09,8
120738430,Pranav Reddy,AIDS,8.43,8
877434929,Varun Patel,MECH,7.65,4
950849844,Vignesh Singh,MECH,7.37,5
591566232,Tarun Chowdhury,CSBS,8.12,2
358136169,Sanjay Menon,EEE,9.85,8
165598081,Ishaan Reddy,ECE,9.76,3
728018621,Chaitanya Pillai,IT,8.23,4
844798659,Varun Nair,IT,7.64,5
448301477,Gautam Kumar,EEE,8.65,6
885295739,Janani Singh,CSE,9.26,6
414750562,Tarun Patel,MECH,6.64,2
596666269,Kavya Rao,AIDS,8.33,3
750053474,Ishaan Menon,CSE,9.71,1
878506180,Gautam Reddy,IT,9.53,5
416976634,Sneha Pillai,ECE,9.33,4
310929151,Harini Naidu,CSE,7.65,5
445289369,Gautam Naidu,CIVIL,7.97,1
699567398,Rithanya Patel,CIVIL,9.50,5
438745522,Kavya Kumar,AIDS,8.67,4
874824367,Janani Bhat,ECE,7.81,4
144100522,Aditi Sharma,EEE,9.15,3
713862873,Deepak Nair,MECH,6.53,7
271770073,Madhav Menon,MECH,7.11,5
393791580,Akhil Bhat,AIDS,7.33,6
935247491,Varun Kumar,IT,8.69,2
564723363,Yamini Gupta,EEE,7.25,8
990531469,Chaitanya Reddy,EEE,7.06,6
407697233,Karthik Naidu,MECH,6.74,3
981224214,Bhavya Rao,MECH,9.28,8
366621844,Gautam Kumar,AIDS,7.16,5
373487041,Rahul Reddy,CIVIL,6.62,8
983617889,Sanjay Patel,EEE,6.98,7
620647826,Niharika Chowdhury,EEE,9.16,8
862593758,Gautam Nair,CSBS,9.38,1
363466473,Divya Reddy,MECH,8.10,2
841761872,Sanjay Reddy,ECE,7.15,5
469038055,Aditi Pillai,IT,8.96,7
715977989,Rahul Sharma,IT,8.69,4
642789700,Madhav Singh,EEE,8.83,4
341503602,Niharika Naidu,MECH,8.27,8
288393911,Sneha Iyer,EEE,6.81,4
893273410,Janani Sharma,MECH,8.86,4
358490749,Pranav Patel,CIVIL,8.01,5
394957873,Bhavya Kumar,ECE,8.57,5
509390069,Ananya Gupta,ECE,8.63,4
270975720,Pranav Patel,CIVIL,9.87,6
523290514,Divya Naidu,MECH,9.09,1
119315136,Sneha Menon,CSE,7.93,6
816242314,Madhav Chowdhury,MECH,7.15,7
228364014,Yamini Singh,AIDS,7.63,8
359718992,Rahul Nair,CSE,7.70,8
280271800,Kavya Patel,IT,8.78,8
599281530,Sneha Sharma,CSE,9.65,8
836409319,Akhil Naidu,CSE,8.86,6
862740193,Sanjay Kumar,CIVIL,7.17,4
556447540,Divya Naidu,CSBS,8.65,4
833900551,Bhavya Iyer,CIVIL,6.93,8
227297207,Naveen Pillai,CSE,9.01,1
360478498,Madhav Verma,IT,8.15,2
700596901,Divya Iyer,MECH,6.77,8
161148479,Madhav Reddy,IT,6.73,1
271984227,Aditi Menon,CSE,9.50,7
856222993,Bhavya Bhat,AIDS,9.29,4
570703704,Yamini Reddy,IT,8.01,6
837858976,Pooja Singh,CSE,8.18,8
148261223,Ishaan Naidu,CIVIL,7.59,3
908735032,Vignesh Naidu,MECH,9.45,4
667310136,Aarav Iyer,CIVIL,8.81,6
327192632,Tarun Verma,AIDS,8.64,1
468327200,Bhavya Verma,IT,7.36,5
294408755,Sanjay Sharma,CIVIL,8.68,5
592340894,Karthik Nair,CIVIL,9.59,4
221412101,Chaitanya Bhat,ECE,9.84,1
875710532,Naveen Naidu,MECH,8.04,6
278534338,Harini Singh,AIDS,8.18,6
230344489,Yamini Singh,MECH,8.04,6
657471031,Aarav Kumar,IT,8.52,5
581224262,Pooja Sharma,AIDS,7.44,5
851844948,Karthik Menon,ECE,7.27,8
773085794,Ishaan Chowdhury,AIDS,8.45,8
821848536,Sneha Singh,CSBS,7.46,7
476076491,Pooja Rao,CSE,7.74,3
698766462,Sneha Singh,ECE,8.47,3
544869539,Aditi Gupta,IT,7.47,4
830929754,Meera Chowdhury,AIDS,9.58,1
395229035,Sanjay Kumar,MECH,7.43,1
180146660,Deepak Singh,MECH,8.89,7
502440702,Tarun Bhat,AIDS,6.99,4
772209078,Naveen Singh,EEE,7.93,6
394675668,Janani Bhat,CSBS,9.89,6
960790415,Aditi Rao,CIVIL,8.49,2
759877398,Rahul Naidu,IT,9.76,1
650251438,Ishaan Patel,CSE,9.09,3
592995584,Ishaan Kumar,MECH,7.66,5
362472308,Tarun Pillai,CSE,6.88,1
167807931,Niharika Patel,MECH,7.47,4
577271616,Meera Verma,ECE,8.59,7
255781286,Rithanya Chowdhury,CSBS,9.54,4
607285206,Yamini Patel,ECE,8.18,2
818158858,Pooja Verma,MECH,9.88,6
408994715,Divya Naidu,AIDS,8.48,6
246573961,Ishaan Menon,CSE,7.46,8
781354307,Madhav Sharma,CSBS,9.26,5
317639635,Deepak Naidu,CIVIL,6.96,8
400860970,Meera Gupta,AIDS,7.33,5
187598838,Divya Menon,IT,8.15,5
801551747,Gautam Naidu,CSBS,8.29,4
428763846,Janani Sharma,EEE,8.80,3
519369397,Ananya Naidu,CIVIL,7.93,1
632466680,Divya Naidu,CSE,6.56,5
891470433,Pooja Patel,AIDS,8.79,5
867070975,Rithanya Pillai,AIDS,7.77,5
720002046,Rahul Verma,CIVIL,7.91,8
239756999,Karthik Bhat,CIVIL,9.57,7
128066890,Naveen Pillai,ECE,7.74,3
980711855,Gautam Naidu,ECE,7.84,2
868282917,Ananya Gupta,MECH,7.20,1
852272021,Vignesh Singh,MECH,8.61,4
129782542,Ananya Chowdhury,IT,8.89,5
770747547,Pranav Iyer,MECH,7.85,6
346162013,Naveen Singh,ECE,8.56,3
643193349,Niharika Sharma,ECE,9.51,3
334803290,Sanjay Menon,EEE,7.65,4
421923009,Gautam Singh,CIVIL,8.32,5
215888607,Kavya Naidu,CSBS,9.39,4
282638683,Niharika Reddy,CSBS,7.60,7
848326217,Kavya Verma,CSE,8.02,4
466241598,Chaitanya Naidu,MECH,8.16,3
217457168,Sneha Pillai,AIDS,6.83,5
104916789,Rithanya Bhat,IT,7.48,7
716312639,Naveen Rao,AIDS,8.28,1
341742784,Rahul Iyer,AIDS,7.18,7
538611987,Gautam Bhat,IT,6.83,1
999867118,Niharika Patel,EEE,7.64,1
707299072,Rahul Nair,CSBS,7.19,8
351035287,Pooja Singh,AIDS,6.56,8
634936185,Aditi Verma,CIVIL,9.72,8
414232988,Chaitanya Iyer,MECH,8.98,7
243453349,Ananya Naidu,MECH,9.33,5
782239076,Sneha Gupta,AIDS,8.63,4
966662836,Sneha Rao,MECH,6.92,8
991709139,Akhil Chowdhury,MECH,8.91,1
131885044,Rahul Gupta,CSE,8.11,3
100291770,Pranav Singh,AIDS,7.27,7
630868776,Yamini Rao,IT,9.51,4
367045087,Yamini Verma,MECH,9.40,2
545290366,Divya Nair,ECE,9.24,6
457871203,Ananya Verma,ECE,7.15,4
974291469,Aarav Pillai,CSE,7.45,6
945303329,Rahul Menon,AIDS,7.13,5
985796017,Tarun Patel,IT,8.72,3
533333027,Pooja Nair,CSE,9.56,7
280912775,Sanjay Gupta,IT,8.50,6
547760213,Varun Gupta,MECH,6.81,7
452226253,Kavya Naidu,CSE,7.55,3
565197406,Pooja Bhat,MECH,8.38,5
951228949,Chaitanya Verma,IT,7.20,2
123230467,Kavya Patel,ECE,9.86,7
624467134,Yamini Reddy,CSE,7.91,5
628269685,Harini Kumar,ECE,7.43,8
323675926,Pranav Verma,MECH,6.84,5
740463199,Sanjay Iyer,CIVIL,7.30,5
427431293,Chaitanya Menon,MECH,6.99,8
765760742,Kavya Gupta,MECH,9.46,6
822669139,Aditi Kumar,IT,8.57,8
104348859,Sneha Sharma,CSBS,7.77,6
907543881,Niharika Sharma,IT,7.45,2
567184474,Meera Verma,CIVIL,8.13,8
937203066,Yamini Chowdhury,AIDS,8.69,8
656458156,Gautam Menon,AIDS,8.02,8
305669223,Harini Reddy,CSBS,8.42,5
337655044,Meera Naidu,MECH,9.13,3
334941204,Ishaan Reddy,CSE,8.85,3
908091851,Vignesh Sharma,CSE,9.30,5
141991291,Karthik Menon,CSE,9.29,4
608232616,Chaitanya Nair,EEE,9.57,4
233857183,Pooja Kumar,EEE,8.66,2
259322670,Madhav Kumar,CIVIL,7.59,2
930401201,Ishaan Patel,MECH,8.24,5
671767211,Madhav Kumar,ECE,9.44,1
811241974,Rahul Iyer,MECH,9.18,1
893545700,Rahul Pillai,IT,9.60,7
128882943,Harini Nair,CSBS,9.25,4
323407250,Pranav Kumar,AIDS,6.65,1
974541050,Madhav Singh,EEE,7.26,3
555358851,Madhav Patel,AIDS,9.54,2
209212234,Madhav Reddy,IT,8.51,4
506753247,Sneha Gupta,MECH,9.80,5
385779724,Vignesh Reddy,EEE,7.56,2
679364651,Tarun Chowdhury,ECE,7.48,1
909781501,Harini Reddy,AIDS,6.86,8
312898281,Akhil Gupta,CSE,6.95,3
985416108,Vignesh Verma,IT,8.07,4
339492276,Pooja Patel,AIDS,7.84,5
765628578,Janani Chowdhury,AIDS,9.13,8
858833122,Ishaan Menon,CIVIL,9.58,2
262598490,Aarav Bhat,ECE,8.13,2
730755322,Gautam Gupta,MECH,7.91,5
267274630,Pranav Iyer,CSE,7.66,5
319034906,Akhil Menon,ECE,7.66,2
495115098,Pooja Verma,IT,8.17,7
248413354,Pranav Verma,AIDS,8.42,2
560236588,Aarav Patel,AIDS,8.42,7
291661333,Aditi Kumar,AIDS,9.26,2
174998368,Naveen Pillai,IT,8.07,5
595601992,Tarun Patel,ECE,7.86,8
230560184,Meera Menon,EEE,8.75,2
435324967,Rithanya Rao,CSE,8.12,1
219432283,Aditi Menon,EEE,7.12,3
746073231,Madhav Nair,EEE,7.56,4
959204090,Harini Chowdhury,ECE,6.99,8
896023377,Tarun Patel,IT,8.92,6
983087791,Meera Pillai,EEE,8.57,7
208984440,Janani Sharma,MECH,9.65,7
945569682,Divya Pillai,ECE,8.51,3
753956563,Naveen Pillai,CSE,7.94,7
822889902,Madhav Reddy,CIVIL,9.68,7
752520143,Naveen Bhat,EEE,8.22,8
102552280,Sneha Gupta,CSE,6.52,3
197562528,Rithanya Naidu,CSBS,7.72,3
565072259,Harini Sharma,IT,8.34,8
574258137,Divya Iyer,IT,7.14,5
247881757,Divya Chowdhury,AIDS,9.04,2
689704433,Yamini Pillai,ECE,9.58,1
586858766,Harini Menon,AIDS,6.99,2
465710071,Ishaan Sharma,CSE,9.06,5
837591561,Gautam Chowdhury,ECE,9.59,1
301341061,Janani Bhat,CIVIL,8.45,6
526670449,Niharika Gupta,CSE,6.84,6
303738380,Pooja Rao,AIDS,8.28,4
801636576,Akhil Patel,EEE,7.45,7
794582279,Akhil Menon,CIVIL,7.20,5
374371204,Yamini Singh,CSBS,8.23,6
306472340,Vignesh Menon,CIVIL,8.74,5
233359085,Pooja Gupta,AIDS,9.46,5
295188967,Pooja Pillai,CIVIL,7.65,4
103439467,Sneha Nair,ECE,9.47,1
313938715,Gautam Verma,MECH,6.73,6
542905949,Janani Pillai,MECH,7.15,8
358750153,Chaitanya Patel,MECH,8.90,7
577949924,Sneha Singh,MECH,9.47,1
735582668,Sanjay Menon,AIDS,9.73,4
466776157,Divya Iyer,CSBS,7.77,6
239652704,Pranav Gupta,AIDS,8.16,3
316697757,Varun Patel,IT,7.36,6
101218337,Tarun Pillai,CIVIL,6.76,3
626683438,Bhavya Naidu,CSE,9.37,2
809520674,Janani Rao,MECH,8.35,4
725498770,Akhil Iyer,MECH,8.63,7
870450001,Pooja Verma,CSBS,8.38,1
496819816,Naveen Bhat,EEE,9.76,1
471773247,Yamini Menon,CSBS,7.80,2
177911393,Ananya Sharma,AIDS,8.55,4
326397117,Yamini Sharma,MECH,8.01,1
885562186,Deepak Reddy,CIVIL,7.98,1
117052021,Gautam Sharma,MECH,6.62,4
906525693,Chaitanya Bhat,EEE,7.81,5
539026444,Harini Rao,EEE,9.47,3
641488058,Kavya Menon,CSBS,9.17,1
221172160,Varun Menon,CIVIL,9.50,8
574261592,Vignesh Menon,IT,8.68,6
850660286,Karthik Chowdhury,CSE,9.62,7
904036659,Varun Patel,EEE,8.50,8
924473458,Aditi Patel,CIVIL,8.10,4
362067897,Janani Nair,CSBS,8.70,3
351026359,Ananya Iyer,ECE,8.45,7
919743930,Rahul Iyer,IT,7.76,8
134644567,Madhav Gupta,ECE,6.89,1
218769785,Divya Gupta,EEE,7.76,4
655371375,Madhav Verma,CIVIL,7.44,6
919908113,Gautam Verma,EEE,7.74,2
685570770,Tarun Sharma,CSBS,6.81,7
866801490,Meera Pillai,EEE,6.89,5
532302909,Meera Verma,MECH,7.42,1
551990573,Pooja Pillai,CSE,7.13,2
792069313,Yamini Reddy,CSE,9.33,1
347523101,Varun Bhat,EEE,8.78,3
656455280,Madhav Bhat,CIVIL,7.05,8
702985653,Ishaan Naidu,EEE,8.25,6
114878803,Naveen Bhat,AIDS,6.95,2
392881866,Ananya Verma,EEE,7.71,6
269119115,Aditi Kumar,CSBS,9.17,2
950975972,Yamini Iyer,EEE,8.90,4
376187262,Yamini Naidu,CSE,7.43,7
678079849,Janani Reddy,ECE,9.25,1
781220681,Rithanya Verma,IT,9.47,7
851376606,Sneha Singh,AIDS,6.65,8
854773308,Rithanya Patel,EEE,7.78,4
578048708,Bhavya Gupta,CIVIL,9.19,7
286967610,Meera Naidu,MECH,7.91,7
452629712,Sneha Bhat,CSBS,9.15,6
125870033,Bhavya Verma,CSE,6.73,6
257076451,Pranav Pillai,AIDS,7.17,1
730647542,Sanjay Pillai,CSE,9.41,2
604036364,Ananya Naidu,MECH,9.67,3
535707972,Niharika Bhat,EEE,7.32,8
222212309,Chaitanya Singh,MECH,7.77,8
716869763,Sneha Singh,ECE,8.97,6
406376035,Rithanya Chowdhury,CSE,8.25,7
607564108,Yamini Sharma,CSBS,8.31,2
294430600,Rithanya Verma,CSE,7.70,8
471895400,Karthik Naidu,CSE,7.82,6
604269423,Vignesh Gupta,IT,8.07,1
703262537,Gautam Menon,IT,9.56,2
645150409,Sneha Bhat,EEE,9.50,2
767080365,Varun Chowdhury,AIDS,8.20,2
361118075,Gautam Iyer,IT,6.97,6
898137973,Tarun Kumar,IT,9.05,5
867465025,Gautam Bhat,AIDS,9.24,3
350407034,Rahul Nair,EEE,7.36,4
217077029,Yamini Singh,CSE,8.75,2
478430011,Madhav Naidu,ECE,7.66,1
981516206,Kavya Nair,ECE,9.21,4
961720196,Vignesh Menon,MECH,7.12,6
806026847,Aditi Kumar,CSE,6.65,3
793510343,Sanjay Menon,EEE,8.99,4
288903109,Madhav Kumar,EEE,8.66,8
740077448,Ishaan Patel,AIDS,8.13,1
698784504,Rahul Menon,CIVIL,9.46,7
243145781,Pooja Menon,EEE,9.62,6
757636837,Pooja Pillai,AIDS,8.14,7
638355276,Sanjay Rao,AIDS,7.26,2
955667143,Yamini Iyer,EEE,7.88,2
898953457,Rithanya Chowdhury,CSBS,7.19,1
954746704,Aarav Chowdhury,MECH,7.25,2
687386402,Aarav Iyer,IT,9.34,8
356693117,Pranav Reddy,MECH,8.62,8
658308955,Sneha Naidu,MECH,7.84,5
568891401,Akhil Rao,MECH,9.68,1
908121346,Aditi Pillai,CIVIL,8.09,3
505310445,Vignesh Chowdhury,EEE,9.57,2
707712505,Janani Sharma,MECH,9.29,3
948054673,Bhavya Chowdhury,EEE,7.36,6
694422275,Bhavya Sharma,CIVIL,8.27,4
416168576,Sneha Sharma,ECE,8.03,6
953087774,Aditi Rao,ECE,8.89,8
190362168,Karthik Verma,CSBS,9.74,3
615840548,Madhav Sharma,CSE,7.12,5
320103556,Ananya Pillai,MECH,8.34,6
859314558,Yamini Nair,IT,6.69,2
321528617,Ananya Reddy,CSE,8.53,1
772802998,Tarun Reddy,EEE,7.53,8
418547829,Naveen Patel,CSE,8.19,8
453389251,Naveen Menon,CSE,8.67,4
460851016,Naveen Bhat,IT,8.50,7
551081082,Sneha Pillai,CSE,6.85,2
890261832,Divya Gupta,CSBS,6.76,1
224315255,Meera Pillai,IT,9.62,4
228465244,Vignesh Iyer,EEE,9.46,4
490084474,Rithanya Pillai,ECE,9.20,5
934200064,Vignesh Iyer,AIDS,7.40,8
483443558,Divya Iyer,EEE,9.47,7
719857921,Deepak Sharma,AIDS,8.32,1
582927522,Vignesh Sharma,CIVIL,8.14,1
198581874,Naveen Pillai,AIDS,6.75,2
127670451,Pooja Bhat,CIVIL,6.59,4
919665829,Aditi Rao,AIDS,7.99,6
801395066,Ananya Chowdhury,CSBS,7.57,5
311212867,Sanjay Rao,MECH,7.75,2
411497496,Sanjay Reddy,EEE,9.63,5
582658652,Sneha Patel,CSBS,8.93,8
881594992,Yamini Menon,CIVIL,8.71,6
689081533,Meera Pillai,IT,7.95,1
709388684,Kavya Nair,CSE,8.28,2
760408686,Madhav Patel,IT,7.14,2
355214097,Naveen Singh,MECH,9.40,2
639690051,Ishaan Naidu,CIVIL,8.50,5
659335997,Sneha Singh,CSBS,8.03,1
991348223,Gautam Singh,CSBS,9.88,2
287714521,Meera Patel,ECE,9.78,3
217347873,Bhavya Menon,MECH,9.40,8
824877733,Gautam Gupta,EEE,8.37,7
414346883,Naveen Kumar,ECE,8.30,8
280408147,Sneha Gupta,CSBS,8.75,5
654626194,Varun Kumar,CSE,7.04,5
608708136,Sanjay Sharma,ECE,7.46,2
772335835,Tarun Menon,MECH,9.16,2
817678415,Madhav Sharma,CSBS,6.91,8
566904352,Madhav Pillai,AIDS,6.63,8
706932185,Bhavya Reddy,CSBS,6.72,8
927349839,Bhavya Verma,CSE,8.87,6
344209042,Ananya Singh,CSE,8.46,8
370736742,Rahul Reddy,CIVIL,6.73,4
717238948,Karthik Gupta,EEE,9.05,1
303475377,Rahul Iyer,CSBS,7.45,1
457854030,Ishaan Kumar,MECH,7.54,5
915020376,Vignesh Nair,CSBS,8.12,8
501655700,Pranav Rao,CSE,8.54,2
784729217,Vignesh Naidu,CIVIL,9.64,8
543191514,Vignesh Bhat,MECH,7.26,2
750704987,Chaitanya Chowdhury,EEE,7.36,2
953725398,Aditi Bhat,IT,8.13,2
793654711,Pooja Chowdhury,AIDS,9.11,5
877329546,Bhavya Patel,IT,9.09,8
560758125,Rithanya Pillai,CSBS,7.34,3
929982946,Madhav Verma,MECH,8.85,1
427079836,Meera Patel,EEE,7.75,4
875222708,Divya Rao,CSBS,7.58,8
994447903,Karthik Chowdhury,IT,7.80,5
734325780,Bhavya Patel,CSBS,9.60,3
856078977,Karthik Gupta,MECH,7.69,4
456941760,Yamini Chowdhury,MECH,8.41,7
889380021,Pranav Nair,IT,9.54,4
615969537,Sneha Patel,MECH,6.84,4
580154153,Sanjay Verma,CIVIL,7.02,4
596171106,Rahul Nair,EEE,8.08,7
942989718,Varun Singh,IT,8.53,6
897224517,Aditi Reddy,CSE,9.78,4
400983312,Sanjay Sharma,ECE,6.59,4
947154025,Naveen Gupta,MECH,7.19,2
925665747,Sneha Pillai,AIDS,9.11,7
213786859,Janani Sharma,CSE,7.30,4
310383753,Akhil Gupta,EEE,9.57,4
383182990,Rahul Reddy,EEE,9.56,8
681328267,Pranav Rao,CIVIL,9.89,6
613683441,Karthik Pillai,AIDS,7.32,6
543879359,Vignesh Patel,ECE,7.23,4
553794304,Harini Naidu,EEE,6.92,2
925552991,Naveen Naidu,ECE,9.21,4
431649632,Madhav Reddy,MECH,9.19,6
365828119,Deepak Verma,MECH,9.12,1
137789653,Rahul Gupta,CSE,9.31,2
387198968,Bhavya Rao,CSBS,8.47,2
339877893,Meera Menon,MECH,8.88,4
876124939,Deepak Gupta,ECE,7.27,7
324159650,Naveen Chowdhury,CIVIL,9.48,7
796575917,Aditi Sharma,MECH,9.76,1
845995937,Bhavya Nair,IT,8.93,1
658163017,Vignesh Nair,MECH,6.61,3
673743244,Rithanya Iyer,CSE,7.03,4
949233378,Varun Patel,IT,7.17,1
716340884,Tarun Reddy,AIDS,7.12,1
448163504,Aarav Bhat,CIVIL,9.88,4
937695453,Chaitanya Naidu,CIVIL,7.27,8
798676672,Sanjay Reddy,CSE,7.59,3
448968143,Sneha Reddy,IT,8.64,3
247510895,Karthik Chowdhury,CIVIL,8.89,4
389217515,Pranav Reddy,CSBS,9.56,7
463244643,Tarun Gupta,CSBS,9.13,5
929967539,Divya Chowdhury,CSE,7.12,6
135665129,Kavya Menon,AIDS,6.74,7
377668131,Aarav Pillai,MECH,7.74,2
249358637,Deepak Naidu,CSE,7.74,6
564851954,Pooja Bhat,IT,9.07,7
935506067,Meera Bhat,ECE,7.63,8
717114005,Rahul Gupta,CSBS,8.20,5
495328211,Ishaan Nair,CSE,7.11,3
396518639,Karthik Sharma,MECH,8.04,5
575297760,Tarun Sharma,IT,8.17,6
534823374,Akhil Naidu,ECE,7.44,2
401380806,Gautam Iyer,CIVIL,7.14,6
766543582,Harini Kumar,MECH,7.59,2
766402409,Sanjay Naidu,IT,9.25,6
133618056,Ishaan Chowdhury,IT,9.30,7
755552063,Ananya Bhat,CIVIL,6.53,7
737837673,Madhav Rao,CSBS,9.54,6
270547821,Deepak Iyer,AIDS,7.53,2
621560288,Chaitanya Singh,CIVIL,8.46,1
768123944,Yamini Gupta,CSBS,6.64,1
589055528,Divya Rao,AIDS,6.62,8
197030802,Aditi Singh,ECE,8.40,2
984279596,Meera Chowdhury,CSE,9.14,7
823017373,Deepak Bhat,CSBS,8.44,8
140669335,Ananya Bhat,ECE,9.48,1
971375491,Niharika Chowdhury,CSBS,8.60,4
810054035,Madhav Sharma,CSE,9.39,2
832458027,Yamini Sharma,ECE,7.06,7
506890287,Tarun Nair,ECE,8.74,7
830906481,Pranav Pillai,AIDS,9.16,4
404490763,Ishaan Chowdhury,EEE,8.70,3
158002247,Karthik Iyer,CSE,8.59,3
745016935,Tarun Bhat,CSE,9.78,5
997766098,Pranav Menon,EEE,7.21,8
103550711,Tarun Singh,CIVIL,9.59,4
784990990,Aarav Singh,CSBS,7.50,5
390737176,Divya Patel,ECE,9.56,2
985184894,Akhil Pillai,ECE,9.32,6
379603417,Ananya Nair,AIDS,7.96,8
704548716,Sanjay Kumar,EEE,7.01,6
859611109,Pranav Chowdhury,IT,8.26,7
806486406,Rithanya Singh,EEE,8.51,1
202662970,Chaitanya Kumar,IT,8.10,4
227077941,Gautam Reddy,MECH,7.44,8
708738780,Sneha Sharma,EEE,6.56,3
462605986,Sanjay Reddy,CIVIL,7.70,5
762194138,Ananya Chowdhury,EEE,6.79,5
162067281,Sneha Bhat,AIDS,8.12,3
858177989,Naveen Pillai,EEE,8.05,8
823948992,Chaitanya Patel,CSE,6.99,5
827854838,Madhav Bhat,EEE,9.72,1
217241042,Karthik Pillai,IT,7.97,5
763164828,Pooja Reddy,IT,7.61,2
927360136,Ananya Gupta,CIVIL,9.81,8
736635057,Niharika Kumar,CSE,8.14,5
453047596,Aditi Chowdhury,MECH,6.96,7
924110346,Yamini Menon,AIDS,8.89,1
256703696,Divya Gupta,ECE,6.93,8
732841778,Pranav Iyer,IT,8.76,7
369245683,Bhavya Rao,CSBS,7.19,8
699140762,Vignesh Nair,AIDS,6.62,7
574494252,Niharika Nair,AIDS,9.01,8
482226167,Deepak Singh,CSBS,9.00,6
784531032,Karthik Nair,MECH,7.99,4
684891568,Vignesh Nair,CSE,6.66,5
843608765,Ananya Bhat,EEE,9.28,5
247004612,Varun Gupta,ECE,8.17,2
248258896,Vignesh Rao,CIVIL,7.85,8
530482126,Karthik Rao,CIVIL,7.69,6
870324412,Aditi Nair,AIDS,8.00,3
768105439,Rahul Iyer,CIVIL,6.85,6
958803640,Harini Menon,ECE,6.67,1
730095089,Pooja Verma,CSE,9.06,6
120996674,Deepak Rao,EEE,9.56,8
515176489,Sneha Pillai,AIDS,8.39,3
202163769,Rithanya Nair,ECE,7.00,1
565098395,Pooja Chowdhury,CSE,8.58,8
773756911,Aditi Verma,CSBS,8.64,1
598375609,Yamini Nair,CSE,7.88,4
344743245,Akhil Kumar,AIDS,7.72,2
826865499,Madhav Singh,CIVIL,7.65,8
897754635,Varun Pillai,ECE,7.21,7
457321634,Sneha Reddy,CSE,6.99,2
968115573,Rahul Patel,IT,9.39,1
441758163,Madhav Pillai,MECH,9.69,3
180362205,Karthik Menon,CIVIL,9.14,8
970257831,Janani Rao,CSE,8.15,7
727627197,Aditi Reddy,MECH,6.77,1
961570716,Chaitanya Iyer,ECE,7.41,8
748568659,Yamini Menon,CIVIL,9.36,5
158095464,Rithanya Rao,EEE,9.19,8
355515389,Divya Chowdhury,AIDS,8.09,5
714619651,Pranav Verma,CSBS,7.87,7
847029624,Niharika Nair,CSBS,9.60,8
664023588,Harini Pillai,EEE,8.56,3
382239526,Varun Bhat,EEE,8.47,1
791075302,Niharika Reddy,CSE,6.78,7
755009586,Akhil Chowdhury,CSE,9.56,1
492481773,Varun Kumar,AIDS,8.64,6
745435393,Akhil Pillai,ECE,8.46,6
611208433,Yamini Singh,EEE,6.82,1
848836731,Sneha Sharma,ECE,9.02,4
632476348,Akhil Chowdhury,AIDS,8.64,8
197016881,Deepak Singh,CIVIL,7.52,6
881507546,Varun Kumar,CIVIL,7.27,6
665079062,Varun Singh,CIVIL,8.81,5
788061022,Yamini Pillai,IT,9.69,1
750840449,Naveen Gupta,CSBS,8.69,4
443990476,Niharika Nair,IT,8.48,3
361386326,Janani Nair,CSE,9.75,8
138970735,Deepak Nair,EEE,9.14,1
477429307,Sanjay Kumar,MECH,7.36,6
475287122,Varun Bhat,MECH,7.91,7
836937371,Ishaan Singh,IT,8.69,6
354841413,Tarun Bhat,EEE,8.49,4
738377400,Ananya Kumar,IT,8.63,2
692500311,Rahul Patel,MECH,7.77,7
302784740,Rahul Nair,CSE,7.12,4
604306324,Karthik Gupta,AIDS,6.92,8
975087187,Ananya Bhat,CSE,8.74,2
704661799,Ananya Singh,CSE,8.19,3
278810480,Gautam Sharma,CSE,6.63,5
877980620,Naveen Reddy,EEE,9.26,3
452637466,Aarav Sharma,ECE,9.19,2
129780857,Gautam Gupta,ECE,8.36,6
726029150,Vignesh Rao,MECH,7.37,4
982149675,Gautam Naidu,ECE,8.41,5
323372456,Aditi Gupta,CSE,6.74,6
915443382,Pranav Naidu,CSBS,7.56,5
749734890,Karthik Menon,MECH,8.17,5
417603306,Kavya Bhat,AIDS,7.59,2
234938072,Divya Kumar,AIDS,9.50,4
377097886,Meera Kumar,CSE,9.74,5
779377463,Akhil Reddy,CSE,7.46,1
675184326,Bhavya Singh,AIDS,9.01,7
545554823,Niharika Iyer,AIDS,7.03,2
826557698,Aarav Verma,EEE,8.81,2
252194799,Gautam Iyer,CIVIL,8.10,3
237952573,Varun Verma,CSE,8.27,7
968499973,Meera Verma,CIVIL,8.62,3
642446552,Yamini Pillai,MECH,8.69,8
683063486,Meera Chowdhury,ECE,7.53,8
237273837,Chaitanya Patel,AIDS,7.26,3
797629534,Vignesh Bhat,AIDS,7.06,4
439936026,Deepak Sharma,CSBS,9.85,7
807291447,Pooja Rao,IT,7.66,1
102689446,Naveen Rao,ECE,8.43,6
609748862,Janani Gupta,IT,6.95,3
715017252,Aditi Sharma,AIDS,8.06,8
997776055,Naveen Rao,AIDS,9.89,8
764736620,Yamini Naidu,AIDS,9.79,2
413277199,Ishaan Verma,EEE,7.08,7
208562620,Madhav Reddy,MECH,6.99,5
187071126,Aditi Verma,MECH,9.73,6
213125349,Yamini Patel,ECE,9.01,4
869722701,Rahul Verma,IT,7.89,1
936515212,Deepak Chowdhury,ECE,9.23,3
364651854,Deepak Rao,ECE,7.32,5
280627479,Aarav Nair,ECE,8.55,8
900107769,Rahul Pillai,CSBS,8.52,2
941929016,Karthik Nair,CSBS,7.52,3
697069467,Naveen Sharma,IT,9.72,2
974155825,Bhavya Gupta,AIDS,6.84,6
275024358,Yamini Bhat,CSE,8.37,4
458501205,Chaitanya Nair,CIVIL,7.92,1
568884548,Bhavya Pillai,ECE,7.33,7
117850373,Tarun Verma,AIDS,8.42,1
102154491,Divya Naidu,CSE,8.95,6
866795281,Aditi Verma,EEE,8.38,7
454970784,Kavya Verma,MECH,7.73,8
982007359,Karthik Reddy,MECH,7.71,1
504910573,Sanjay Singh,EEE,8.16,7
406623042,Akhil Pillai,IT,7.26,8
860360813,Naveen Chowdhury,ECE,7.54,2
344070584,Kavya Verma,IT,8.08,1
920535301,Bhavya Nair,MECH,7.74,8
542963308,Deepak Nair,IT,8.53,1
337030080,Yamini Pillai,CIVIL,6.50,8
260842315,Divya Gupta,CSE,6.78,2
637811395,Madhav Bhat,AIDS,7.21,4
404793982,Tarun Bhat,IT,7.53,5
968380468,Pooja Singh,CSBS,9.40,1
848038790,Ishaan Bhat,CSBS,8.82,3
576720764,Janani Kumar,AIDS,8.35,2
122352654,Niharika Menon,AIDS,9.61,3
716762631,Kavya Singh,EEE,6.74,4
357483354,Varun Bhat,CSBS,7.50,1
801909918,Bhavya Bhat,AIDS,8.83,1
254466374,Ananya Iyer,CSBS,9.79,4
996187368,Madhav Menon,CIVIL,8.78,8
788590114,Deepak Pillai,IT,7.07,8
752267307,Sanjay Nair,ECE,8.44,8
360512460,Kavya Pillai,MECH,8.04,8
332449003,Naveen Verma,EEE,9.83,5
890561735,Sneha Sharma,AIDS,6.88,4
627109867,Madhav Reddy,EEE,9.41,4
111047182,Naveen Pillai,CIVIL,9.43,7
136851733,Karthik Kumar,CSE,8.20,2
912975709,Harini Nair,ECE,9.74,4
916631924,Meera Rao,CSBS,7.92,8
208989265,Sneha Singh,CSBS,7.46,4
450948666,Yamini Rao,ECE,8.41,5
766270801,Akhil Reddy,EEE,8.86,3
556334526,Rahul Menon,MECH,6.65,5
342919230,Rahul Naidu,MECH,9.19,6
733110494,Sneha Naidu,AIDS,7.85,1
254976179,Sanjay Verma,ECE,7.52,7
984144419,Yamini Menon,IT,8.02,7
743220294,Kavya Menon,CSE,8.05,8
252617556,Sanjay Naidu,AIDS,7.48,3
337946182,Vignesh Bhat,IT,9.57,6
286967673,Rithanya Kumar,IT,8.03,1
538592845,Tarun Iyer,CSE,8.21,3
525211110,Naveen Menon,AIDS,8.51,6
600234006,Divya Kumar,IT,9.90,6
924479344,Madhav Menon,CSE,9.78,7
878985786,Meera Gupta,AIDS,8.78,2
843116147,Sanjay Patel,MECH,7.54,6
891318082,Pooja Patel,CSBS,7.94,8
706511706,Yamini Sharma,MECH,9.21,6
304276097,Varun Singh,EEE,7.89,5
171888198,Rahul Singh,EEE,7.55,2
468894627,Kavya Patel,CSBS,9.75,2
986465088,Sanjay Reddy,MECH,8.67,1
146955447,Harini Bhat,CSE,9.24,1
849669669,Aditi Nair,EEE,7.06,5
550895667,Ananya Kumar,EEE,8.67,5
375575456,Meera Patel,ECE,9.87,6
783319768,Deepak Pillai,EEE,9.66,7
289566747,Bhavya Menon,AIDS,8.52,5
285889268,Janani Rao,AIDS,9.45,5
742325970,Divya Gupta,IT,7.73,3
998429607,Naveen Verma,ECE,7.41,8
530727478,Chaitanya Gupta,CSE,8.75,3
390114423,Rahul Iyer,MECH,9.78,4
147894711,Naveen Chowdhury,AIDS,6.61,5
683697510,Yamini Sharma,CIVIL,8.32,6
128623192,Ishaan Reddy,ECE,9.13,3
180779516,Janani Reddy,CSE,8.61,6
381694408,Karthik Iyer,CIVIL,9.38,2
275299234,Naveen Rao,AIDS,7.11,3
657466345,Yamini Nair,IT,6.68,1
556978139,Bhavya Singh,AIDS,9.84,8
222344862,Ishaan Chowdhury,IT,7.79,4
332272655,Naveen Reddy,ECE,9.12,6
433904593,Ishaan Iyer,CIVIL,8.59,2
331126989,Meera Kumar,CSE,7.89,7
915454741,Karthik Chowdhury,ECE,7.78,1
105390284,Aditi Pillai,CIVIL,8.36,3
934053301,Sneha Rao,CIVIL,8.18,8
371474899,Madhav Reddy,ECE,7.57,2
773064951,Aditi Gupta,CSE,8.40,4
621031445,Rithanya Kumar,EEE,7.01,6
292482570,Harini Sharma,MECH,8.24,3
403979550,Rahul Gupta,MECH,6.58,3
195720204,Aarav Bhat,IT,7.62,7
330608989,Naveen Singh,IT,9.79,2
325761388,Pooja Nair,ECE,8.50,3
257875583,Varun Reddy,AIDS,9.42,3
200853554,Pranav Menon,ECE,8.69,1
679486701,Ananya Iyer,AIDS,9.36,6
456310232,Ananya Singh,EEE,9.14,8
931023709,Harini Rao,CSE,7.97,2
535601757,Varun Menon,CIVIL,9.05,6
102286164,Varun Rao,IT,7.87,3
467547133,Akhil Iyer,CSBS,7.35,1
122349179,Sneha Rao,CSBS,7.03,5
127444334,Yamini Naidu,CIVIL,7.14,7
711783662,Meera Sharma,MECH,7.43,2
926825826,Sneha Reddy,EEE,7.24,2
481343057,Rithanya Verma,CSBS,9.19,7
923565680,Madhav Chowdhury,AIDS,9.38,3
323417460,Sanjay Chowdhury,ECE,8.19,5
240949698,Meera Pillai,MECH,7.86,5
599290243,Gautam Kumar,CSE,6.76,3
960942109,Divya Menon,EEE,7.58,2
851185934,Rithanya Patel,CSBS,9.80,3
681750936,Niharika Chowdhury,AIDS,8.19,6
408303809,Meera Patel,CSE,9.37,4
484745214,Harini Bhat,CSE,9.83,2
276870754,Akhil Menon,CSBS,8.12,5
279199968,Madhav Singh,CIVIL,8.96,6
248708505,Karthik Reddy,MECH,7.62,8
686172654,Naveen Nair,CSBS,8.07,5
978219925,Rahul Rao,IT,7.56,7
923320867,Divya Naidu,CSE,8.34,6
123776871,Yamini Bhat,CSE,9.87,5
711467287,Ananya Bhat,CSBS,9.18,8
964564960,Niharika Singh,CIVIL,9.28,6
892908905,Janani Pillai,IT,7.69,7
429140662,Ishaan Bhat,MECH,7.08,1
932900300,Sneha Chowdhury,AIDS,9.53,7
979419441,Yamini Reddy,MECH,7.24,5
729200802,Harini Nair,MECH,7.59,1
109765975,Kavya Gupta,EEE,9.71,7
768760480,Janani Gupta,ECE,9.29,6
724612167,Janani Nair,CSE,7.52,4
889590980,Gautam Chowdhury,CSBS,7.67,6
706795620,Harini Sharma,AIDS,7.98,5
812547460,Varun Kumar,CIVIL,9.33,6
466489919,Janani Kumar,CIVIL,6.88,3
185901903,Yamini Patel,CIVIL,8.84,1
942054127,Rithanya Kumar,CSBS,9.69,6
707854032,Varun Pillai,CSE,7.87,7
947139517,Divya Menon,MECH,8.38,7
719212924,Harini Sharma,CSBS,8.97,1
224577482,Ananya Nair,CSBS,9.43,6
295724943,Janani Singh,IT,9.29,5
109184916,Meera Singh,ECE,9.63,3
209731186,Aarav Bhat,IT,6.56,1
303479605,Tarun Rao,AIDS,7.88,7
293602469,Varun Iyer,AIDS,6.90,8
394171658,Rahul Iyer,EEE,8.25,7
551575458,Akhil Naidu,MECH,7.42,5
828675188,Niharika Singh,CSE,9.26,7
901962415,Niharika Singh,MECH,9.34,1
961870459,Meera Nair,CIVIL,7.40,7
567198945,Pooja Menon,CSE,6.52,5
311715696,Meera Patel,IT,9.45,1
726170000,Vignesh Menon,IT,6.63,6
467688131,Janani Verma,MECH,9.64,6
313849254,Gautam Iyer,CIVIL,9.15,3
142780769,Pooja Nair,CSBS,7.32,6
375180432,Rahul Nair,MECH,7.31,1
466388925,Aarav Iyer,EEE,9.21,4
665597221,Madhav Gupta,ECE,9.75,4
368080349,Madhav Nair,IT,9.50,1
312628492,Karthik Iyer,CSE,6.54,1
625378927,Ananya Rao,AIDS,6.80,2
817125573,Pooja Menon,CSBS,7.67,4
430178544,Vignesh Patel,ECE,8.23,1
540568192,Deepak Patel,CIVIL,9.06,4
682815609,Karthik Naidu,CSE,9.04,5
898935310,Ishaan Gupta,AIDS,8.18,4
500987220,Akhil Pillai,MECH,8.19,5
922091997,Pooja Pillai,ECE,9.40,8
890158137,Karthik Naidu,EEE,6.55,6
718420367,Niharika Gupta,ECE,7.03,4
822611790,Yamini Verma,MECH,8.21,2
252867696,Divya Naidu,CSBS,9.15,1
212509450,Niharika Singh,IT,7.70,6
158351962,Vignesh Kumar,CSE,8.27,3
643710599,Aditi Iyer,MECH,6.95,7
957922208,Varun Rao,CIVIL,8.25,5
451189817,Vignesh Verma,CSBS,9.56,2
441735464,Akhil Chowdhury,AIDS,7.21,1
442244266,Chaitanya Bhat,MECH,6.79,3
184828354,Vignesh Gupta,CSE,6.59,6
142913542,Kavya Pillai,CSE,9.09,5
201371863,Niharika Sharma,AIDS,7.10,7
937608881,Harini Verma,CIVIL,9.54,8
812836173,Rithanya Reddy,CSE,8.56,6
490536315,Aarav Iyer,CIVIL,6.51,5
351041022,Ananya Chowdhury,CSBS,6.70,5
967244953,Aarav Kumar,MECH,7.92,1
855540646,Aditi Rao,EEE,7.65,2
308713450,Chaitanya Reddy,AIDS,7.87,6
747385210,Harini Chowdhury,AIDS,7.94,8
459559340,Sanjay Rao,MECH,9.72,6
382077430,Varun Menon,MECH,6.67,1
697750219,Madhav Kumar,CSE,6.62,2
794183585,Kavya Bhat,MECH,8.66,8
622869259,Aditi Sharma,ECE,7.75,3
686326213,Naveen Iyer,AIDS,9.67,5
784099749,Harini Rao,IT,8.88,7
996981615,Divya Kumar,ECE,8.77,3
412909693,Gautam Menon,CIVIL,7.68,2
124562498,Tarun Pillai,ECE,8.92,4
384613522,Vignesh Gupta,EEE,8.52,6
183114261,Aarav Singh,EEE,8.89,5
288394160,Yamini Patel,CIVIL,8.47,7
275662992,Bhavya Singh,CSBS,8.09,1
133310904,Pranav Chowdhury,IT,8.46,1
603506625,Aarav Kumar,IT,8.97,5
176067664,Ishaan Bhat,ECE,7.68,4
252856216,Gautam Menon,CSBS,7.23,3
280241330,Ananya Bhat,AIDS,7.26,5
737053445,Pranav Rao,EEE,7.64,3
649264841,Vignesh Gupta,CSE,6.70,1
228073772,Janani Patel,ECE,9.27,8
762892630,Harini Sharma,CIVIL,9.07,6
967729730,Rahul Verma,CSE,9.34,7
803530121,Ishaan Bhat,CSBS,9.80,5
471211882,Meera Sharma,CIVIL,7.60,3
689048034,Rithanya Rao,AIDS,7.85,2
419313509,Yamini Chowdhury,AIDS,9.55,7
295341048,Sanjay Sharma,EEE,6.76,7
488929361,Akhil Verma,MECH,8.25,3
223540944,Karthik Nair,CSE,9.49,6
749894232,Chaitanya Naidu,EEE,8.62,1
338561945,Karthik Pillai,AIDS,9.24,4
240418152,Niharika Gupta,EEE,9.59,2
109087053,Ananya Sharma,IT,7.91,5
595111878,Sanjay Chowdhury,ECE,8.16,1
776096882,Naveen Bhat,EEE,8.75,5
516307999,Naveen Bhat,IT,8.43,6
267030138,Pranav Naidu,CSBS,7.11,7
411208455,Divya Kumar,AIDS,6.68,8
537193816,Meera Gupta,ECE,9.40,3
165968748,Niharika Rao,CIVIL,7.83,4
925390241,Deepak Patel,EEE,7.28,1
202559199,Bhavya Singh,CSBS,7.06,4
437166044,Karthik Gupta,AIDS,9.35,2
597831346,Chaitanya Naidu,EEE,6.75,5
647907939,Sneha Verma,MECH,7.23,8
236746817,Ananya Verma,AIDS,7.58,8
162551973,Bhavya Rao,CSE,7.17,1
150106309,Niharika Patel,CIVIL,6.93,5
873394715,Ananya Naidu,MECH,8.10,6
741781572,Sanjay Kumar,MECH,8.93,1
443470743,Divya Bhat,IT,9.84,1
473081753,Kavya Verma,MECH,6.96,2
179578215,Aarav Rao,CIVIL,7.57,3
835079989,Naveen Pillai,CSE,6.82,2
550530973,Karthik Naidu,EEE,8.19,5
283049531,Deepak Sharma,CSE,8.37,8
580709213,Varun Reddy,IT,7.84,1
624752327,Rahul Chowdhury,CSBS,9.12,1
759980390,Pranav Naidu,IT,8.62,7
674685880,Chaitanya Sharma,CSBS,6.58,5
192472347,Somashekar Naidu,CSE,9.45,5
649380567,Varun Nair,CSBS,9.67,1
676384425,Pranav Naidu,ECE,7.95,7
296932446,Gautam Kumar,CSBS,9.70,1
781980023,Akhil Naidu,MECH,8.64,4
376057219,Sanjay Singh,CSE,7.59,5
197143691,Sanjay Naidu,CSE,8.24,4
969553284,Naveen Iyer,CSE,6.69,1
677920718,Tarun Rao,CIVIL,7.38,4
950929963,Sneha Reddy,ECE,7.92,7
128904979,Bhavya Menon,CIVIL,8.96,1
931806868,Ishaan Patel,CIVIL,9.34,4
751090321,Aditi Kumar,EEE,8.82,5
121662510,Bhavya Patel,MECH,6.80,5
644114061,Akhil Pillai,IT,9.29,1
866166193,Pranav Gupta,CSE,8.99,5
415896053,Sneha Bhat,IT,7.86,6
634958963,Gautam Reddy,CSE,7.78,4
834705902,Ishaan Menon,CSE,8.28,3
912167796,Pooja Iyer,AIDS,9.30,3
908085361,Pranav Pillai,CSE,7.46,6
648731929,Kavya Chowdhury,CIVIL,9.64,5
261498976,Madhav Chowdhury,ECE,7.82,8
519760601,Aditi Singh,CSE,9.17,4
402438510,Pranav Singh,MECH,9.68,8
187838580,Kavya Menon,EEE,7.89,1
531517514,Pooja Menon,IT,9.34,8
577961183,Naveen Nair,AIDS,7.99,8
330831219,Aarav Sharma,CIVIL,7.35,1
214886726,Pooja Reddy,ECE,8.40,6
260108753,Aditi Reddy,CSBS,9.44,1
485922157,Sneha Iyer,CSE,8.48,4
138552783,Ishaan Bhat,CSE,8.09,6
913443600,Kavya Verma,CIVIL,7.61,1
670880946,Aditi Nair,CSE,8.27,3
534172554,Bhavya Rao,EEE,8.65,2
726961474,Meera Reddy,AIDS,7.05,1
755369556,Madhav Menon,CSBS,7.90,8
552131463,Harini Naidu,ECE,6.95,3
446231226,Karthik Iyer,CSE,7.40,5
458927319,Akhil Kumar,MECH,7.01,1
891337857,Madhav Nair,EEE,6.90,5
310779430,Ishaan Pillai,CSBS,8.62,1
329173905,Madhav Patel,CSE,9.80,2
697991487,Ishaan Singh,CIVIL,8.93,6
446491196,Janani Patel,ECE,8.57,2
534136776,Yamini Pillai,AIDS,9.58,3
828908984,Madhav Chowdhury,IT,8.00,5
604277424,Deepak Verma,MECH,9.01,1
393350896,Akhil Verma,ECE,8.29,5
836633299,Divya Rao,MECH,9.86,4
899553790,Tarun Pillai,IT,9.48,7
899846134,Varun Bhat,CIVIL,9.82,4
627979377,Harini Pillai,CIVIL,9.59,8
720775563,Niharika Bhat,AIDS,7.54,6
770236064,Akhil Patel,AIDS,6.86,1
301221331,Akhil Pillai,CSBS,6.60,5
751074528,Ishaan Iyer,CSE,9.07,5
303749807,Sanjay Reddy,EEE,8.53,5
588775679,Ananya Chowdhury,EEE,7.95,5
228480449,Varun Reddy,AIDS,7.02,2
360893866,Meera Rao,CSBS,9.21,1
872308354,Akhil Verma,ECE,9.27,4
107529611,Deepak Menon,CSE,8.36,5
484464218,Tarun Gupta,CSBS,6.74,1
210816626,Akhil Singh,IT,8.02,1
667302401,Niharika Iyer,ECE,8.04,1
119442105,Yamini Pillai,CSBS,7.02,3
333232228,Chaitanya Sharma,EEE,9.67,3
463344134,Madhav Pillai,MECH,9.57,2
432850142,Deepak Nair,EEE,7.98,4
817499746,Niharika Patel,EEE,9.81,2
947171460,Rahul Reddy,CIVIL,7.16,3
569536095,Naveen Verma,CIVIL,9.27,5
895917758,Naveen Menon,IT,9.40,3
423661268,Naveen Rao,ECE,7.26,7
297724974,Niharika Nair,CIVIL,9.23,2
808614755,Niharika Bhat,CSE,8.10,8
693384207,Ishaan Nair,AIDS,8.29,3
957791327,Rithanya Kumar,MECH,7.51,8
948356451,Deepak Nair,CIVIL,8.69,3
704942565,Chaitanya Sharma,ECE,7.83,1
923833784,Madhav Sharma,CIVIL,8.98,8
950336477,Ananya Reddy,IT,9.08,7
902231927,Pranav Kumar,ECE,9.58,8
302544773,Gautam Bhat,MECH,8.46,4
797375912,Madhav Nair,IT,8.33,1
163475860,Akhil Chowdhury,ECE,7.15,2
471618597,Chaitanya Verma,AIDS,8.81,7
556724639,Meera Pillai,CSBS,7.33,5
475827641,Aarav Pillai,AIDS,8.26,4
380956813,Gautam Chowdhury,CIVIL,7.90,3
977855221,Tarun Singh,MECH,7.72,7
800089466,Divya Patel,MECH,8.24,3
307250450,Janani Sharma,ECE,8.01,3
208837788,Kavya Singh,CSE,8.34,3
481970291,Ananya Reddy,CIVIL,9.57,5
507548757,Niharika Menon,CIVIL,7.65,8
422752735,Harini Nair,CSBS,8.19,7
727320048,Rithanya Pillai,CIVIL,9.27,1
308199582,Chaitanya Bhat,MECH,9.67,5
459801341,Rahul Nair,AIDS,7.07,6
799079535,Divya Pillai,AIDS,7.83,7
244351591,Harini Naidu,CSE,8.60,4
154968683,Deepak Patel,CIVIL,7.21,6
962907207,Madhav Bhat,IT,7.83,2
985440346,Aditi Sharma,MECH,9.12,4
530896234,Divya Menon,CIVIL,8.24,2
102374358,Kavya Menon,MECH,6.74,6
777699719,Meera Reddy,AIDS,7.36,2
289716502,Aditi Gupta,IT,8.87,3
500062786,Divya Nair,ECE,7.95,5
274507122,Rahul Verma,CSBS,7.98,2
877417178,Tarun Singh,IT,9.63,3
297956226,Harini Gupta,AIDS,6.51,3
204629029,Ananya Iyer,AIDS,8.21,5
464170082,Aarav Gupta,IT,6.89,3
571800130,Janani Menon,CSBS,9.29,2
939805008,Kavya Singh,ECE,7.42,1
270411503,Aditi Bhat,ECE,8.53,7
458394957,Bhavya Gupta,IT,9.67,5
204767261,Karthik Reddy,MECH,8.63,8
979912130,Naveen Bhat,CSE,9.27,4
488279340,Divya Menon,CSBS,7.14,5
280025695,Aarav Pillai,IT,7.72,3
711873433,Rithanya Patel,ECE,7.44,1
426306825,Rithanya Nair,EEE,8.74,8
611860092,Pranav Bhat,ECE,7.04,1
796438296,Karthik Nair,MECH,9.60,7
667456189,Meera Bhat,CIVIL,9.00,2
723410297,Niharika Gupta,CSBS,8.44,2
281077957,Sneha Naidu,IT,8.87,6
778876563,Karthik Iyer,ECE,8.27,4
866012261,Vignesh Sharma,CSBS,7.13,8
592846255,Divya Rao,AIDS,9.86,5
884537038,Meera Patel,CSBS,8.31,3
803527542,Akhil Patel,CSE,7.56,1
751981343,Deepak Iyer,AIDS,9.02,2
648576496,Deepak Chowdhury,CIVIL,9.33,3
110552443,Deepak Bhat,AIDS,8.87,1
628504461,Karthik Verma,CSBS,6.98,6
243542569,Divya Verma,EEE,7.08,2
959742120,Divya Chowdhury,EEE,8.60,6
883225427,Rahul Rao,MECH,9.69,1
310816750,Karthik Reddy,MECH,8.42,3
236472869,Janani Gupta,EEE,6.78,5
691162921,Varun Gupta,IT,8.40,6
780424827,Aditi Reddy,CSE,9.13,2
249355867,Ananya Reddy,EEE,8.06,7
711487002,Sanjay Iyer,IT,9.22,7
449087284,Pooja Patel,CSBS,9.27,4
755762642,Sneha Sharma,CSE,9.51,8
319332982,Meera Iyer,AIDS,9.45,5
496690713,Akhil Iyer,CSE,9.77,6
982684365,Divya Singh,ECE,6.59,8
907728308,Vignesh Sharma,CSE,8.35,5
802479825,Janani Iyer,CIVIL,8.09,4
837835670,Ananya Naidu,MECH,9.49,6
670838978,Naveen Bhat,MECH,7.69,1
187982904,Naveen Pillai,EEE,6.92,1
509134284,Rithanya Patel,IT,8.28,8
377800598,Madhav Reddy,CSBS,7.52,5
754343787,Naveen Nair,EEE,7.91,1
220102817,Pranav Chowdhury,AIDS,9.15,4
982296176,Sanjay Singh,EEE,9.33,8
183560871,Sanjay Naidu,ECE,7.25,5
401350386,Pranav Sharma,MECH,9.14,1
360216994,Ananya Verma,MECH,6.58,7
915685845,Vignesh Rao,EEE,6.85,4
270044268,Rahul Iyer,CIVIL,9.15,7
971831175,Akhil Kumar,EEE,8.16,3
372797422,Tarun Menon,CIVIL,8.89,8
440729381,Madhav Verma,CSE,7.77,8
859726945,Varun Gupta,EEE,8.00,4
151788918,Yamini Reddy,CIVIL,9.38,2
743062638,Niharika Singh,CSE,6.94,4
463659669,Akhil Sharma,MECH,9.86,7
532324232,Naveen Sharma,AIDS,9.36,5
134513816,Varun Pillai,ECE,7.40,8
166748437,Naveen Nair,EEE,8.27,2
824238185,Pooja Sharma,CSBS,7.97,3
551461521,Ananya Nair,MECH,9.55,7
636544416,Yamini Iyer,ECE,7.19,2
106436858,Madhav Gupta,MECH,9.55,4
219559776,Meera Menon,ECE,6.99,3
181405492,Karthik Singh,CSE,6.97,1
398738735,Sneha Menon,CSE,6.88,3
366363692,Pranav Naidu,MECH,9.30,7
432432462,Vignesh Verma,CSBS,9.84,4
648870949,Gautam Kumar,IT,7.63,8
524724706,Yamini Chowdhury,CSE,8.42,2
121648793,Aarav Reddy,CSE,7.53,4
825931687,Janani Gupta,IT,8.42,1
434287712,Yamini Gupta,CIVIL,6.56,4
823669015,Aditi Gupta,CSE,6.75,7
229817055,Bhavya Reddy,ECE,6.65,1
207749391,Chaitanya Gupta,CIVIL,7.63,2
118639594,Sanjay Sharma,ECE,8.34,8
469542339,Karthik Verma,AIDS,6.54,1
515788766,Varun Iyer,EEE,7.54,3
886443463,Gautam Kumar,CSBS,8.50,2
620931688,Niharika Pillai,MECH,6.70,6
897364062,Niharika Gupta,ECE,7.92,7
298351115,Pranav Singh,EEE,9.81,6
569389148,Pranav Gupta,AIDS,9.80,1
497318154,Yamini Verma,CSBS,9.77,6
761558380,Harini Singh,MECH,6.90,3
450386341,Madhav Verma,EEE,7.38,1
685773142,Sanjay Naidu,CIVIL,8.73,3
190860225,Aditi Menon,EEE,6.55,5
924231733,Meera Patel,MECH,9.20,1
616092748,Janani Iyer,MECH,9.88,5
433600894,Kavya Gupta,AIDS,8.93,6
339746175,Chaitanya Pillai,CIVIL,8.40,3
747032181,Kavya Naidu,CIVIL,9.70,5
531370749,Chaitanya Iyer,IT,8.34,8
516309205,Karthik Sharma,IT,8.90,8
706921252,Aditi Iyer,EEE,7.54,5
151656620,Rahul Gupta,CSBS,9.82,1
646227140,Meera Pillai,IT,8.82,8
764472873,Naveen Iyer,CIVIL,9.87,7
235569714,Pooja Kumar,IT,7.89,7
929227811,Pooja Chowdhury,AIDS,6.99,7
674630985,Chaitanya Gupta,CSBS,7.43,7
974396750,Pranav Bhat,AIDS,8.43,1
710579955,Ananya Sharma,AIDS,7.75,4
588001652,Niharika Singh,AIDS,7.20,3
136341930,Gautam Iyer,CSE,8.13,3
193096532,Ishaan Rao,CIVIL,6.63,6
852812486,Aditi Gupta,IT,8.26,3
325081807,Kavya Nair,MECH,6.78,7
323909166,Vignesh Reddy,EEE,7.47,2
607024541,Niharika Verma,EEE,7.20,5
755246315,Vignesh Patel,CSBS,8.98,4
163457474,Pranav Gupta,MECH,7.22,6
862852758,Madhav Sharma,CIVIL,9.47,8
533602266,Naveen Pillai,CSBS,7.15,8
799952741,Aarav Menon,IT,9.70,2
988331192,Sneha Chowdhury,AIDS,9.14,3
208144489,Gautam Menon,CSBS,9.07,1
421711755,Sanjay Patel,CSBS,8.57,5
195606855,Aditi Kumar,CIVIL,7.34,6
725003691,Aarav Nair,CSBS,8.69,4
967712193,Madhav Naidu,CSBS,7.83,1
445419434,Pooja Gupta,CIVIL,7.57,1
661799281,Divya Kumar,ECE,8.91,1
763499831,Naveen Gupta,AIDS,8.81,6
767342657,Deepak Verma,CIVIL,6.58,7
152332010,Janani Bhat,CIVIL,7.76,6
105131624,Karthik Menon,CSBS,8.83,5
116006808,Bhavya Verma,CIVIL,7.35,7
762227254,Varun Pillai,CSE,8.74,3
553813752,Pranav Chowdhury,CSE,6.87,2
889328854,Chaitanya Patel,ECE,7.45,8
554062944,Rahul Rao,EEE,8.08,6
112625461,Pooja Pillai,MECH,6.67,4
250921292,Naveen Reddy,ECE,8.05,3
409265312,Deepak Gupta,IT,9.03,1
146194984,Divya Iyer,AIDS,9.55,5
846260991,Ishaan Naidu,CSBS,8.32,8
462831038,Akhil Iyer,EEE,8.22,5
121692998,Divya Singh,CIVIL,9.11,8
870059929,Meera Naidu,MECH,6.90,8
817237050,Deepak Menon,ECE,9.61,6
956988775,Pranav Sharma,CIVIL,9.22,2
861013555,Aditi Verma,EEE,6.68,7
708737736,Ishaan Rao,CSBS,7.10,5
955938865,Akhil Sharma,AIDS,9.06,1
518142959,Vignesh Pillai,CSBS,7.91,3
982932178,Rithanya Kumar,CSE,9.29,7
624322905,Ananya Pillai,ECE,8.58,7
510264683,Karthik Pillai,CIVIL,8.10,6
857521553,Divya Patel,MECH,6.54,3
261414306,Pranav Sharma,MECH,7.04,5
822124856,Deepak Rao,EEE,7.88,4
620817755,Pooja Bhat,CSBS,8.19,2
825376772,Divya Kumar,MECH,9.58,1
726955591,Harini Menon,EEE,7.62,8
980458502,Akhil Iyer,CSE,7.17,6
570187497,Harini Menon,CSBS,8.14,7
389941963,Varun Gupta,CSE,9.09,1
866582091,Vignesh Nair,IT,9.56,7
940335756,Ananya Gupta,EEE,8.41,2
189278913,Ananya Bhat,MECH,9.58,5
654632722,Tarun Bhat,CIVIL,8.50,8
195230312,Ishaan Naidu,ECE,9.57,3
137758556,Janani Menon,EEE,8.28,5
987406294,Vignesh Sharma,AIDS,9.64,2
180886616,Aditi Gupta,CIVIL,9.53,2
550125261,Harini Reddy,CSBS,7.34,6
174470361,Kavya Sharma,AIDS,8.08,7
303617044,Divya Pillai,CIVIL,6.68,5
587081889,Rahul Verma,MECH,7.28,8
674556548,Harini Kumar,AIDS,9.55,8
137368664,Vignesh Kumar,CSBS,6.94,7
195591215,Vignesh Iyer,AIDS,8.00,1
788412049,Aditi Chowdhury,EEE,7.03,5
362721250,Chaitanya Verma,CIVIL,8.85,7
978099566,Bhavya Menon,CSE,8.10,4
759103182,Varun Naidu,CSE,6.56,6
235050565,Akhil Naidu,IT,9.26,5
288776549,Madhav Gupta,CSE,9.60,6
906787591,Pooja Iyer,IT,8.41,1
440968894,Harini Rao,MECH,7.11,2
274372577,Madhav Pillai,MECH,8.85,1
883571183,Harini Reddy,EEE,7.69,5
994885666,Sneha Singh,ECE,7.95,3
138308127,Yamini Chowdhury,CIVIL,7.81,7
778849199,Rithanya Pillai,ECE,8.47,8
730785804,Varun Iyer,CSE,7.61,8
599701823,Akhil Sharma,ECE,9.66,1
480948968,Karthik Reddy,CSE,8.76,3
577659883,Chaitanya Iyer,ECE,9.50,8
203308961,Rithanya Menon,MECH,9.48,5
516860498,Varun Kumar,CSE,8.05,5
549458363,Sanjay Chowdhury,MECH,7.18,7
357738115,Gautam Bhat,EEE,8.87,1
615964464,Ananya Verma,AIDS,6.78,6
938143220,Gautam Reddy,ECE,9.75,6
589991775,Karthik Chowdhury,CSE,7.08,6
889460829,Bhavya Bhat,IT,6.87,7
901390472,Pooja Naidu,CIVIL,9.66,1
797238707,Aditi Patel,CSE,7.01,7
869558664,Sanjay Kumar,EEE,9.54,6
862232648,Sanjay Nair,MECH,7.52,3
779549536,Chaitanya Iyer,MECH,6.70,6
219167856,Tarun Gupta,CSE,8.04,5
598401977,Kavya Reddy,EEE,7.82,3
153263574,Akhil Reddy,CIVIL,7.87,4
842569380,Vignesh Gupta,CSE,9.36,4
480003935,Aarav Nair,CIVIL,7.98,3
699687994,Meera Chowdhury,EEE,9.11,7
488278602,Gautam Bhat,AIDS,7.35,7
919783945,Akhil Verma,ECE,8.84,4
254808293,Kavya Singh,CIVIL,6.85,5
313573505,Pranav Verma,CSE,7.01,8
891605564,Ishaan Singh,CSE,8.54,2
486202362,Yamini Verma,EEE,8.40,7
525131232,Madhav Rao,IT,8.56,7
596811238,Deepak Gupta,ECE,7.99,2
831181155,Naveen Patel,CIVIL,6.57,8
759310147,Sneha Singh,CIVIL,9.62,6
632347299,Rithanya Nair,AIDS,7.86,4
906279017,Janani Chowdhury,ECE,8.96,8
100058560,Ananya Naidu,ECE,7.30,5
962627312,Harini Pillai,CSBS,9.35,2
784900619,Yamini Menon,MECH,9.56,4
446048993,Sneha Reddy,MECH,8.11,4
739771562,Pranav Kumar,ECE,9.02,5
847524649,Rahul Reddy,MECH,7.87,6
727211419,Ananya Nair,MECH,6.90,1
428522312,Vignesh Chowdhury,EEE,9.79,6
835358409,Ananya Rao,CSBS,8.19,8
477273137,Varun Gupta,IT,9.02,7
949145223,Sneha Verma,IT,9.58,6
553314835,Divya Chowdhury,IT,7.86,2
560214477,Varun Bhat,CSBS,7.61,6
817505131,Aditi Pillai,EEE,6.67,3
800609426,Sneha Rao,IT,8.18,8
614757207,Aarav Nair,CSBS,7.12,4
409769670,Kavya Patel,CIVIL,9.76,1
462218517,Chaitanya Rao,IT,9.18,2
681601745,Ananya Verma,CSE,8.06,8
598384666,Tarun Naidu,ECE,8.51,8
363494066,Vignesh Sharma,CSBS,6.76,7
187226474,Kavya Kumar,ECE,6.54,1
391006776,Aditi Nair,AIDS,8.71,2
582643483,Sanjay Pillai,MECH,9.03,5
580934900,Aarav Chowdhury,CIVIL,7.18,6
666791623,Rithanya Gupta,IT,9.52,3
444398497,Sanjay Bhat,ECE,7.63,8
670618730,Pranav Reddy,IT,7.40,5
948746047,Ananya Singh,MECH,9.43,7
993555192,Tarun Iyer,CIVIL,8.04,3
681208592,Ananya Verma,MECH,8.29,3
102387670,Bhavya Gupta,MECH,8.08,6
773079083,Madhav Pillai,IT,6.96,3
128739429,Harini Nair,MECH,7.20,6
120079001,Sanjay Gupta,ECE,8.88,5
701894846,Pranav Verma,CSE,7.93,2
217861285,Akhil Rao,CSBS,9.50,1
470420853,Kavya Nair,ECE,7.57,7
204884236,Meera Rao,CSE,6.70,5
587737506,Sneha Patel,CSBS,8.65,2
590088000,Yamini Verma,EEE,7.10,1
781228905,Ananya Naidu,IT,9.83,8
700864451,Janani Naidu,MECH,8.40,7
983565557,Yamini Singh,EEE,8.96,3
662090078,Pranav Naidu,CIVIL,8.80,1
756872700,Akhil Gupta,ECE,6.77,7
549380942,Tarun Iyer,AIDS,8.25,4
803383039,Sneha Bhat,MECH,9.42,3
632069097,Kavya Patel,CIVIL,8.26,1
854653475,Pooja Naidu,MECH,6.89,4
757367952,Sanjay Iyer,CIVIL,7.94,6
310422617,Karthik Pillai,ECE,8.51,2
574507756,Gautam Patel,AIDS,8.39,7
672139527,Yamini Pillai,CIVIL,9.88,3
903128449,Niharika Chowdhury,IT,7.87,1
175800130,Naveen Menon,AIDS,9.64,7
805107720,Akhil Sharma,CSBS,7.00,2
665587506,Deepak Singh,CSE,7.34,2
143151645,Tarun Naidu,MECH,8.51,3
629444796,Sneha Bhat,EEE,9.68,2
661786071,Pranav Naidu,ECE,6.72,8
882514386,Karthik Reddy,CSBS,6.64,6
813871664,Ishaan Menon,CSBS,9.25,1
280123496,Tarun Bhat,EEE,8.89,6
372017972,Naveen Reddy,MECH,9.04,1
593100967,Divya Singh,CIVIL,9.75,2
344898662,Madhav Patel,AIDS,7.97,2
862346411,Harini Nair,CIVIL,8.34,4
869310003,Divya Chowdhury,ECE,8.18,1
764055664,Sneha Naidu,CSBS,8.49,7
743758881,Rithanya Sharma,AIDS,8.26,6
539939583,Sanjay Rao,IT,7.75,6
176303960,Sanjay Verma,MECH,9.14,3
370963319,Niharika Menon,EEE,9.27,8
297016564,Harini Nair,AIDS,9.72,6
499946750,Kavya Nair,IT,8.05,7
165186825,Meera Naidu,CIVIL,8.66,8
879411143,Vignesh Gupta,MECH,8.35,5
614891228,Pooja Rao,CSE,7.86,7
865995882,Aditi Singh,AIDS,9.88,2
951370865,Aditi Patel,CSBS,7.63,7
496793865,Karthik Bhat,CIVIL,8.99,8
721716277,Varun Naidu,CSE,9.16,4
252221234,Pranav Chowdhury,AIDS,8.76,5
363645341,Rithanya Reddy,CIVIL,8.80,5
991985399,Gautam Pillai,AIDS,8.35,1
957743772,Sneha Sharma,EEE,6.87,8
994863554,Varun Verma,ECE,8.11,1
159028088,Akhil Kumar,CSBS,6.75,3
439624602,Rithanya Naidu,AIDS,8.05,8
546198313,Deepak Pillai,EEE,8.55,7
720530897,Bhavya Chowdhury,MECH,8.65,3
110118641,Vignesh Pillai,CSE,7.78,2
346306039,Meera Sharma,AIDS,8.50,5
123098974,Niharika Kumar,ECE,7.59,7
164890859,Naveen Reddy,CIVIL,8.48,3
197429274,Naveen Rao,ECE,8.33,2
129940103,Madhav Nair,CSBS,9.53,2
264258644,Pooja Bhat,CSBS,8.03,1
330218837,Tarun Menon,AIDS,9.49,4
177274081,Yamini Patel,IT,8.39,8
281855232,Varun Pillai,IT,8.92,3
233612695,Janani Reddy,CSE,8.82,1
434827745,Naveen Gupta,AIDS,8.92,2
365353528,Janani Chowdhury,MECH,9.40,5
234243501,Harini Kumar,ECE,6.91,7
559976264,Harini Pillai,AIDS,7.25,8
235440770,Yamini Rao,CSE,6.63,8
177377337,Aditi Rao,ECE,7.69,4
704919631,Janani Iyer,CIVIL,8.00,5
854996556,Sneha Nair,EEE,6.79,7
187233470,Ananya Rao,CSE,7.60,7
355214878,Bhavya Menon,CSE,7.26,6
180258379,Divya Nair,AIDS,6.66,3
680050804,Janani Iyer,CSBS,7.79,3
869401073,Tarun Singh,CSBS,8.37,3
893176841,Sneha Rao,ECE,7.45,3
742847533,Aditi Pillai,AIDS,9.46,2
538837551,Ishaan Verma,CIVIL,7.13,1
716998269,Varun Singh,CIVIL,6.62,7
837739894,Aarav Bhat,MECH,9.71,5
499946094,Bhavya Patel,IT,8.60,1
612691282,Vignesh Pillai,CIVIL,8.95,5
418577499,Kavya Rao,EEE,7.06,4
820181152,Varun Bhat,MECH,8.46,5
315816019,Divya Reddy,AIDS,9.70,8
151414151,Janani Bhat,CSBS,8.78,2
856179186,Sneha Chowdhury,CIVIL,6.87,7
487876186,Pranav Patel,IT,7.31,5
920843855,Meera Menon,CSE,8.34,3
361937442,Ananya Sharma,AIDS,8.94,5
706533534,Naveen Gupta,EEE,8.83,8
986370781,Tarun Patel,MECH,7.27,2
706096889,Niharika Bhat,AIDS,7.98,7
944696648,Harini Rao,CIVIL,8.88,5
337148329,Rahul Reddy,ECE,7.59,7
104264996,Sanjay Iyer,EEE,7.88,2
648558495,Ishaan Kumar,AIDS,7.35,7
655101702,Aditi Singh,CSE,8.90,4
183288030,Janani Chowdhury,CIVIL,7.66,3
705565714,Niharika Kumar,EEE,9.56,4
675998032,Yamini Verma,MECH,9.75,1
553269120,Pranav Rao,EEE,8.81,6
920786096,Pooja Rao,CIVIL,8.50,7
715924216,Ishaan Rao,MECH,9.71,7
275775500,Madhav Verma,AIDS,8.39,4
756433469,Sanjay Nair,CSE,7.84,1
223396969,Meera Iyer,CSBS,8.44,6
488412620,Bhavya Pillai,CSE,8.75,8
549761057,Gautam Patel,AIDS,8.05,1
288679382,Pranav Menon,CIVIL,8.28,3
667329533,Vignesh Kumar,MECH,9.82,6
111559743,Bhavya Verma,IT,7.92,1
714655770,Aditi Naidu,ECE,9.62,7
284701983,Janani Sharma,EEE,8.81,5
778077322,Varun Patel,AIDS,7.32,7
682637993,Sanjay Naidu,AIDS,7.41,2
262061789,Bhavya Pillai,CSE,6.99,3
151392542,Deepak Patel,ECE,8.77,5
820527733,Karthik Sharma,EEE,6.56,4
948621454,Pooja Reddy,ECE,6.72,1
146563046,Ananya Gupta,IT,7.10,2
736375661,Pooja Chowdhury,CIVIL,9.07,6
953687895,Harini Rao,CSE,7.48,5
567153251,Rithanya Iyer,IT,7.31,5
789722729,Aarav Sharma,CSE,7.80,6
490747325,Varun Singh,CIVIL,7.66,7
948052844,Ananya Patel,CIVIL,8.61,5
666429077,Chaitanya Patel,EEE,8.03,7
849097847,Ananya Gupta,IT,7.18,3
979147604,Deepak Pillai,ECE,8.45,1
812921330,Pranav Gupta,IT,6.97,8
900477368,Pooja Menon,MECH,9.51,8
229678465,Divya Pillai,CSE,6.62,8
972052211,Madhav Kumar,CIVIL,9.03,1
112468303,Varun Sharma,MECH,9.78,8
219312690,Pranav Patel,EEE,6.58,8
165309347,Karthik Nair,ECE,8.91,2
866913934,Rahul Bhat,CSBS,9.39,5
500983284,Deepak Reddy,CSBS,9.43,4
100157682,Chaitanya Menon,CSE,7.65,8
976909067,Kavya Sharma,CSE,8.14,7
819601536,Pranav Nair,IT,8.59,8
444615534,Meera Menon,CIVIL,6.54,1
120862116,Gautam Gupta,MECH,9.26,6
413579800,Divya Reddy,CIVIL,8.31,3
970231406,Aditi Kumar,CSBS,8.47,5
748585876,Karthik Bhat,CSBS,7.59,7
426032822,Ishaan Naidu,CIVIL,7.98,7
612529180,Gautam Bhat,CSE,7.55,5
450891097,Chaitanya Iyer,CSE,7.06,8
945302336,Niharika Sharma,CSBS,7.15,7
198335775,Pooja Verma,CSBS,7.86,1
559738429,Akhil Kumar,EEE,6.93,5
599289052,Rahul Iyer,CSBS,7.16,5
835615954,Akhil Naidu,AIDS,9.69,2
691068419,Ananya Pillai,IT,6.85,1
324053675,Naveen Chowdhury,CSE,6.87,7
654861057,Yamini Kumar,CIVIL,7.35,4
788450734,Tarun Menon,EEE,7.92,7
136340880,Gautam Patel,CIVIL,6.60,2
385501154,Aarav Sharma,CSBS,7.21,5
875835612,Niharika Chowdhury,CSE,8.48,3
939018111,Tarun Kumar,EEE,6.51,4
401267388,Sneha Patel,AIDS,7.92,7
889331810,Varun Naidu,ECE,9.75,4
321796836,Meera Gupta,CSE,6.59,1
661453098,Rahul Reddy,MECH,8.22,1
502423467,Varun Patel,MECH,6.94,3
310169326,Harini Chowdhury,CSE,7.71,8
989377698,Aarav Verma,AIDS,8.62,6
223142852,Chaitanya Menon,ECE,6.94,6
780282210,Ishaan Kumar,ECE,6.84,7
782772562,Pranav Verma,EEE,6.79,8
241368787,Karthik Naidu,CSE,9.66,8
810087267,Aarav Patel,MECH,7.70,4
292339524,Pranav Gupta,MECH,6.66,6
908067801,Tarun Reddy,IT,7.94,2
509883127,Yamini Menon,EEE,8.19,2
706384696,Kavya Gupta,EEE,8.37,1
704410642,Rithanya Bhat,EEE,7.19,5
125599641,Akhil Menon,CSE,8.49,4
958313833,Aarav Iyer,AIDS,7.12,6
546460566,Ishaan Sharma,IT,8.62,6
542130744,Aditi Menon,EEE,7.46,4
825246585,Sneha Menon,CSE,7.40,5
479888885,Kavya Sharma,AIDS,8.41,2
700741485,Harini Bhat,EEE,7.70,3
663787853,Kavya Reddy,CSBS,8.26,4
609622649,Niharika Patel,CSBS,6.98,7
225754081,Naveen Bhat,AIDS,9.04,6
689755683,Gautam Sharma,AIDS,6.87,2
286057000,Gautam Verma,IT,8.26,8
915807674,Pooja Verma,EEE,8.16,8
463626957,Sneha Singh,CSE,7.80,2
656957358,Ishaan Rao,ECE,9.66,6
277391811,Chaitanya Rao,AIDS,9.76,3
212085632,Aarav Naidu,CIVIL,9.54,4
829301199,Vignesh Singh,IT,8.90,4
698671445,Aditi Patel,CSBS,7.64,1
545686852,Madhav Gupta,MECH,6.95,4
377103285,Janani Bhat,EEE,7.05,8
305560615,Gautam Reddy,CIVIL,8.15,3
117724396,Divya Nair,CSE,8.39,5
964727488,Karthik Sharma,AIDS,9.62,3
868512915,Tarun Patel,AIDS,6.96,2
947651097,Vignesh Bhat,CSBS,8.28,8
814793862,Tarun Sharma,ECE,9.42,1
230352085,Vignesh Naidu,MECH,7.47,6
476754005,Rithanya Sharma,MECH,8.37,8
924847435,Meera Gupta,CIVIL,8.34,2
609787062,Pranav Gupta,CSE,8.33,5
515558027,Varun Patel,CIVIL,7.39,6
291163292,Naveen Pillai,AIDS,9.56,6
214582126,Bhavya Rao,MECH,7.01,1
358003972,Gautam Verma,CSE,8.81,1
787799829,Pooja Kumar,CSBS,7.88,2
456004016,Sneha Chowdhury,CSE,8.26,7
235419863,Ishaan Gupta,MECH,6.77,1
794970595,Niharika Menon,AIDS,8.32,5
460200892,Aditi Bhat,MECH,9.74,4
205936255,Vignesh Verma,CIVIL,8.36,7
774658081,Pranav Naidu,CSE,7.57,1
926868062,Kavya Menon,CSE,9.30,4
848055467,Chaitanya Kumar,CSBS,7.90,4
652484014,Pranav Kumar,IT,9.45,8
432800370,Divya Sharma,IT,9.06,1
288384074,Niharika Menon,AIDS,7.16,4
408559600,Ishaan Singh,IT,8.27,4
790893577,Divya Singh,ECE,7.19,4
528109742,Rahul Verma,IT,8.57,4
361794423,Kavya Chowdhury,MECH,9.14,5
594211734,Tarun Menon,CSBS,7.29,8
502805221,Pranav Naidu,IT,7.97,5
283790305,Bhavya Reddy,AIDS,6.58,5
917813337,Janani Gupta,CSBS,9.67,3
970235873,Yamini Sharma,EEE,8.76,7
962625086,Janani Pillai,CSBS,9.90,5
757002825,Vignesh Bhat,EEE,8.29,2
740341230,Meera Iyer,MECH,7.43,1
274489027,Meera Patel,ECE,7.08,5
113964475,Karthik Iyer,MECH,7.80,1
612287867,Sanjay Nair,MECH,8.94,4
112203618,Vignesh Bhat,IT,8.15,1
804435865,Sanjay Patel,CSBS,7.16,6
281576796,Rahul Verma,IT,6.93,7
307026890,Janani Rao,CSE,8.89,1
696002983,Akhil Kumar,CSE,8.58,7
293912107,Niharika Iyer,IT,9.43,8
394299404,Ananya Bhat,MECH,6.97,1
139496409,Rithanya Menon,AIDS,9.40,4
257078882,Aditi Naidu,MECH,7.21,4
298877398,Aarav Gupta,CSBS,9.70,6
759578355,Kavya Chowdhury,AIDS,7.44,3
258367312,Varun Rao,CIVIL,7.16,3
472704939,Gautam Naidu,CIVIL,6.69,7
710712994,Niharika Bhat,IT,8.95,8
507292388,Gautam Sharma,CSBS,9.53,5
583425744,Divya Pillai,MECH,9.25,6
244486582,Ishaan Verma,CIVIL,9.23,8
357570015,Karthik Sharma,ECE,9.71,3
702718433,Karthik Menon,AIDS,8.51,6
440152874,Rithanya Naidu,EEE,8.44,8
750432973,Sneha Reddy,MECH,7.05,8
874574490,Janani Rao,ECE,6.86,5
661149889,Karthik Rao,IT,9.57,6
247521439,Rahul Gupta,CSBS,9.70,4
314503498,Aditi Iyer,AIDS,7.16,2
244873985,Kavya Menon,MECH,8.02,3
825369973,Ananya Sharma,EEE,8.21,5
942444778,Bhavya Verma,CSE,8.40,8
945985019,Aditi Rao,EEE,8.17,3
561295325,Ananya Patel,CIVIL,9.67,4
908774002,Tarun Kumar,IT,6.98,6
712148982,Aarav Nair,MECH,6.71,2
230033053,Harini Iyer,AIDS,7.52,1
727363465,Tarun Menon,MECH,8.33,3
204404633,Tarun Rao,EEE,8.22,7
562327327,Naveen Iyer,ECE,6.60,2
557599575,Deepak Iyer,MECH,6.57,7
487377530,Gautam Iyer,EEE,7.41,4
303097371,Naveen Bhat,EEE,6.63,6
497157570,Divya Nair,CSE,7.92,3
921711654,Meera Sharma,IT,8.12,7
451331033,Sneha Bhat,ECE,9.84,6
144371448,Rahul Pillai,EEE,6.60,6
316828217,Pranav Gupta,EEE,9.70,5
653545202,Ananya Menon,CSBS,7.93,6
950860439,Rahul Gupta,IT,9.14,5
951066570,Sneha Sharma,CIVIL,6.51,1
605331903,Meera Rao,MECH,7.19,5
700745411,Yamini Menon,MECH,8.57,6
547099391,Madhav Patel,CSBS,8.87,5
111687358,Sanjay Bhat,EEE,8.28,8
862768953,Harini Rao,CSBS,8.68,8
737074354,Pooja Reddy,MECH,6.54,5
559044859,Aditi Naidu,AIDS,8.36,4
972089078,Madhav Kumar,EEE,6.79,4
275280919,Ishaan Singh,MECH,9.54,3
989386303,Aarav Sharma,EEE,8.75,5
624443416,Madhav Chowdhury,EEE,6.76,6
256129627,Deepak Chowdhury,MECH,7.50,4
219457237,Bhavya Menon,ECE,7.71,2
709818518,Meera Verma,CSE,6.86,4
939843994,Aarav Kumar,MECH,7.52,2
328232426,Karthik Reddy,CSE,8.80,5
553790655,Chaitanya Kumar,EEE,7.33,6
629720775,Karthik Sharma,ECE,7.57,2
720396307,Deepak Chowdhury,IT,8.90,1
578975783,Gautam Naidu,MECH,6.80,3
165609055,Tarun Bhat,CSE,9.00,1
947810360,Deepak Nair,ECE,7.95,1
755819672,Akhil Bhat,CSE,6.83,7
550516208,Meera Rao,MECH,8.86,5
804793264,Akhil Verma,CSBS,7.87,5
568496119,Aarav Singh,ECE,8.28,4
132792791,Sanjay Pillai,MECH,9.14,2
806535739,Janani Iyer,CSE,8.73,4
666558785,Divya Patel,ECE,9.73,6
424599367,Pooja Sharma,EEE,7.12,7
672711741,Chaitanya Iyer,CIVIL,7.55,7
544781082,Meera Gupta,CSE,7.39,5
362287893,Niharika Rao,AIDS,9.81,2
923406610,Tarun Naidu,AIDS,9.22,3
181023328,Karthik Nair,AIDS,9.38,8
869049517,Divya Naidu,MECH,7.08,8
640159354,Aarav Naidu,AIDS,9.18,7
996935140,Yamini Singh,CSE,8.55,1
935879222,Karthik Chowdhury,ECE,8.94,4
294002179,Janani Pillai,CIVIL,7.57,1
424812716,Naveen Singh,AIDS,6.85,3
993156883,Divya Iyer,CSE,8.50,5
319456155,Karthik Pillai,EEE,8.68,1
889604979,Niharika Gupta,IT,8.58,4
333207306,Varun Pillai,ECE,8.91,8
434772322,Harini Sharma,IT,9.79,7
348960634,Ananya Naidu,CSE,8.67,4
668378945,Akhil Bhat,CIVIL,9.19,4
879101668,Karthik Reddy,IT,9.37,4
790529219,Aditi Menon,IT,7.34,3
943378144,Chaitanya Bhat,IT,6.53,6
578854282,Tarun Naidu,CSBS,6.53,3
502546620,Rahul Chowdhury,CSBS,9.13,4
751833381,Deepak Gupta,CSE,8.81,8
661953609,Gautam Chowdhury,EEE,7.65,8
725790045,Deepak Pillai,AIDS,7.47,4
529302198,Janani Pillai,EEE,6.80,1
442116810,Aditi Nair,AIDS,6.92,1
401236352,Deepak Singh,CSBS,9.17,8
704273293,Akhil Gupta,CSBS,8.64,7
599033654,Harini Naidu,CIVIL,9.13,2
386940687,Pranav Sharma,MECH,8.26,5
974297793,Tarun Verma,CSE,7.71,6
159390644,Ananya Gupta,EEE,8.19,3
532591846,Akhil Naidu,IT,6.89,2
565361297,Chaitanya Sharma,CSE,8.96,1
956854257,Janani Naidu,CIVIL,9.31,4
805705851,Deepak Chowdhury,CSE,8.07,1
929740859,Janani Reddy,CSE,9.65,4
343203478,Tarun Verma,IT,6.90,3
973113974,Varun Verma,AIDS,8.29,2
454593456,Sneha Bhat,EEE,7.63,8
761697631,Pooja Reddy,EEE,8.09,6
359819227,Akhil Iyer,EEE,7.02,2
307258096,Varun Reddy,CSE,8.73,8
361121960,Vignesh Menon,CIVIL,7.46,1
654374941,Yamini Iyer,CIVIL,9.61,7
576064449,Janani Nair,MECH,7.93,2
168085061,Karthik Kumar,CSE,7.96,2
156290890,Pooja Sharma,AIDS,8.16,7
380138623,Sanjay Verma,EEE,7.95,4
309391263,Janani Pillai,EEE,8.33,2
144106891,Pranav Chowdhury,CSBS,8.46,5
789190949,Sanjay Verma,CSE,8.23,7
367950803,Pranav Reddy,MECH,7.63,2
588517307,Akhil Chowdhury,AIDS,8.71,3
866419558,Varun Pillai,CSBS,9.70,8
726803044,Aditi Patel,ECE,7.76,5
291949683,Yamini Nair,CSE,7.55,5
743984947,Tarun Patel,CIVIL,8.78,1
424290731,Rahul Reddy,IT,8.37,2
865075973,Aditi Reddy,IT,7.61,1
314737941,Aditi Singh,CSE,8.55,8
264281882,Gautam Singh,CSBS,8.35,5
735979991,Aditi Naidu,CSE,8.42,3
647107825,Vignesh Gupta,CSBS,7.86,5
908217519,Tarun Singh,MECH,8.31,1
777311937,Niharika Chowdhury,CSBS,7.95,2
736251055,Kavya Patel,ECE,9.68,7
181058602,Akhil Patel,AIDS,6.77,3
947045836,Tarun Naidu,EEE,6.53,3
728141405,Tarun Gupta,MECH,8.87,3
464960756,Tarun Bhat,CIVIL,7.81,2
810847531,Pooja Menon,CIVIL,6.92,6
542008468,Ishaan Singh,CIVIL,9.10,8
658164354,Vignesh Nair,ECE,7.20,7
996701116,Meera Menon,CSBS,9.35,4
383025072,Janani Rao,IT,9.86,5
968545055,Chaitanya Rao,AIDS,9.67,6
454482930,Rahul Nair,CSE,7.56,3
910982144,Tarun Menon,CSBS,8.29,3
665112166,Harini Gupta,ECE,9.82,5
924504590,Sanjay Chowdhury,MECH,7.97,2
295887033,Harini Rao,EEE,9.35,7
588423883,Karthik Singh,CSE,8.66,4
104637217,Varun Sharma,CIVIL,9.67,5
519368746,Chaitanya Singh,ECE,6.82,4
583035019,Kavya Singh,MECH,9.30,5
532678133,Ishaan Bhat,EEE,7.21,7
736158122,Yamini Gupta,CIVIL,9.28,6
203829597,Aditi Singh,CSBS,9.24,1
510431649,Karthik Singh,IT,9.51,1
302003164,Pooja Gupta,MECH,8.59,5
909397969,Yamini Reddy,IT,6.70,4
516465813,Rithanya Singh,CSE,7.30,4
974020511,Divya Verma,CSE,7.47,5
983100802,Aditi Singh,MECH,8.23,4
445446840,Varun Pillai,ECE,9.84,7
606784416,Kavya Reddy,AIDS,7.32,1
206623866,Rahul Kumar,AIDS,9.42,8
438337069,Ishaan Gupta,CIVIL,7.13,2
293926114,Bhavya Kumar,CIVIL,6.98,8
711333770,Kavya Naidu,AIDS,8.71,8
717665773,Aditi Gupta,IT,9.77,1
364701958,Sanjay Chowdhury,CSBS,7.40,2
367790050,Rithanya Reddy,MECH,8.88,5
572192108,Sneha Chowdhury,AIDS,6.94,5
717149753,Karthik Verma,CSE,6.66,3
298635073,Yamini Naidu,EEE,6.89,2
574920788,Harini Rao,MECH,7.27,8
307424109,Akhil Kumar,EEE,9.81,7
549120361,Chaitanya Rao,AIDS,6.74,8
466140446,Tarun Gupta,IT,6.78,8
243049395,Madhav Pillai,CSE,8.39,7
372423268,Janani Chowdhury,CSBS,7.20,1
513568615,Naveen Patel,CSE,6.70,3
386803629,Niharika Sharma,CSBS,9.44,8
957090767,Harini Gupta,CSBS,7.28,1
422061703,Rithanya Rao,AIDS,9.70,1
368347625,Ishaan Pillai,CSBS,7.44,6
368470354,Bhavya Naidu,AIDS,7.11,8
479102638,Rithanya Nair,CSBS,9.64,2
425083201,Meera Pillai,CIVIL,9.35,1
622907607,Sneha Verma,MECH,9.23,6
214204242,Ishaan Pillai,IT,7.94,3
449630303,Pranav Singh,AIDS,9.10,6
292466941,Divya Sharma,IT,6.66,1
866689663,Karthik Nair,CSBS,6.57,8
890688978,Karthik Naidu,EEE,8.80,8
157680141,Pranav Chowdhury,MECH,8.67,4
258883692,Gautam Singh,AIDS,8.58,5
181191480,Tarun Bhat,CIVIL,8.14,7
901417005,Karthik Nair,ECE,7.45,1
582283385,Sneha Gupta,CIVIL,8.95,7
892209042,Meera Iyer,MECH,7.66,4
194123481,Ishaan Nair,MECH,8.52,5
424698146,Janani Rao,CSBS,8.66,7
211463891,Madhav Gupta,MECH,8.35,6
741764904,Karthik Gupta,MECH,7.23,7
279978363,Chaitanya Bhat,EEE,7.76,6
941768659,Tarun Patel,ECE,7.16,7
981754738,Ananya Menon,CIVIL,9.87,5
280497562,Janani Reddy,CSBS,6.58,3
476244446,Ananya Patel,AIDS,8.97,3
557855188,Chaitanya Sharma,IT,9.45,7
572691517,Janani Nair,ECE,7.68,4
839969909,Ishaan Chowdhury,IT,8.56,3
681503744,Harini Verma,EEE,8.99,3
212639123,Meera Verma,CSE,8.18,1
520240015,Pooja Sharma,CSE,6.52,7
684257355,Madhav Nair,EEE,8.74,2
149839438,Karthik Verma,CSE,6.94,8
663131802,Bhavya Patel,ECE,6.89,1
399123261,Gautam Singh,AIDS,9.80,8
655143035,Aarav Verma,IT,8.86,6
415664345,Aditi Patel,AIDS,9.63,3
900993101,Aditi Pillai,ECE,7.87,5
340847407,Gautam Rao,AIDS,6.90,6
365953230,Sanjay Gupta,CSBS,8.13,4
168863842,Gautam Gupta,IT,7.77,2
688266402,Tarun Kumar,CSBS,8.67,6
179976934,Sneha Rao,EEE,8.90,3
971304905,Tarun Kumar,MECH,7.49,4
376862135,Deepak Verma,MECH,6.88,3
991700358,Niharika Kumar,CSBS,7.99,1
481982584,Gautam Rao,CSBS,9.77,3
176834151,Ishaan Sharma,IT,8.88,6
269541673,Janani Nair,AIDS,7.48,4
282639184,Sanjay Patel,CIVIL,7.19,6
156429552,Pooja Menon,AIDS,9.26,4
664061188,Aditi Iyer,MECH,9.31,7
360225346,Naveen Iyer,EEE,8.43,5
199272969,Meera Menon,EEE,9.52,4
747398816,Bhavya Bhat,CSE,8.57,1
323093489,Sneha Menon,CSE,9.07,5
572793945,Janani Menon,IT,6.53,1
450031407,Sanjay Nair,IT,6.70,8
616434529,Pooja Gupta,CIVIL,6.67,1
259924386,Ishaan Chowdhury,CSE,7.34,1
613438592,Aarav Nair,ECE,6.94,8
322180464,Aditi Iyer,AIDS,8.53,6
704834690,Vignesh Gupta,MECH,7.43,4
977803141,Ishaan Menon,CIVIL,9.47,7
977161827,Sanjay Chowdhury,CSE,9.29,8
494537691,Pooja Pillai,IT,7.35,1
976388135,Harini Iyer,CIVIL,9.79,3
276302311,Janani Verma,CSBS,6.87,6
504522469,Varun Verma,EEE,7.09,7
836663052,Aditi Sharma,MECH,9.02,7
218115222,Akhil Rao,ECE,7.98,7
926448608,Meera Sharma,CSE,6.73,4
178914141,Pooja Nair,ECE,8.70,4
210299898,Ishaan Reddy,MECH,8.54,2
495988974,Varun Gupta,CIVIL,9.26,7
696027579,Niharika Kumar,EEE,7.46,4
922796847,Meera Sharma,CSE,7.65,8
359052801,Karthik Gupta,ECE,8.99,1
268235261,Divya Pillai,ECE,8.31,8
423247819,Divya Reddy,AIDS,7.71,8
139332133,Aditi Naidu,ECE,9.77,1
425491275,Harini Nair,CSE,9.47,1
831939307,Madhav Verma,CIVIL,7.51,3
365835774,Varun Nair,EEE,8.53,1
237263225,Deepak Nair,CSE,7.80,2
779124077,Niharika Rao,CIVIL,8.37,8
530079575,Rahul Pillai,IT,9.23,4
982265653,Karthik Bhat,CIVIL,7.76,2
854388081,Ananya Verma,EEE,7.90,7
826051450,Akhil Kumar,MECH,8.11,8
148806888,Janani Nair,CSBS,8.14,6
998830184,Akhil Kumar,MECH,6.88,5
830255490,Rithanya Singh,ECE,9.57,7
722122002,Pranav Menon,IT,7.54,2
860097844,Yamini Kumar,CSE,8.52,6
110811374,Chaitanya Singh,CSBS,8.07,7
795361398,Varun Naidu,CIVIL,6.95,7
911352957,Gautam Nair,ECE,7.35,3
175404448,Aditi Chowdhury,CSE,6.57,5
444394283,Vignesh Iyer,EEE,8.79,7
532044891,Karthik Reddy,CSBS,6.74,7
913319007,Deepak Sharma,CIVIL,7.89,8
823564049,Rithanya Iyer,ECE,8.19,3
216064294,Vignesh Nair,IT,7.33,4
480308046,Kavya Nair,EEE,8.71,6
797620485,Pooja Sharma,CSBS,9.24,3
322981588,Ananya Iyer,AIDS,7.16,5
266922457,Divya Verma,CIVIL,8.67,4
602554894,Sneha Reddy,CSBS,7.90,1
758157153,Madhav Reddy,EEE,9.09,4
793778144,Yamini Menon,MECH,8.53,6
293906471,Niharika Bhat,CSBS,7.66,1
848048843,Harini Gupta,CSE,7.73,1
524465443,Aditi Bhat,AIDS,7.92,4
105262189,Gautam Reddy,IT,9.61,1
812276341,Tarun Rao,IT,9.14,7
928313890,Divya Kumar,AIDS,7.36,6
160330252,Ishaan Pillai,CSE,6.93,4
566132840,Naveen Naidu,CSBS,8.24,4
498225915,Deepak Chowdhury,IT,7.67,2
564978378,Janani Verma,AIDS,7.33,5
470079264,Divya Gupta,MECH,9.29,4
304624125,Kavya Naidu,AIDS,9.37,5
273189921,Chaitanya Iyer,EEE,9.27,6
595468543,Sanjay Verma,CSBS,8.59,5
892761944,Madhav Reddy,CSE,6.73,4
216937333,Ananya Menon,MECH,9.89,4
612031896,Madhav Sharma,AIDS,6.83,2
462302387,Rahul Nair,MECH,8.45,8
359399809,Divya Bhat,CIVIL,8.25,3
313823732,Pranav Nair,EEE,8.90,2
205445835,Kavya Menon,MECH,9.90,7
521011450,Niharika Iyer,CSE,9.66,8
930896857,Ananya Verma,CSE,6.80,8
426691905,Akhil Singh,ECE,8.37,2
871506629,Rithanya Reddy,IT,7.96,2
204997188,Rahul Nair,IT,7.47,2
628367438,Rithanya Verma,MECH,7.53,6
815966786,Kavya Nair,CSBS,6.52,5
340658560,Naveen Nair,EEE,7.19,3
763900453,Rahul Iyer,CIVIL,8.91,1
412263008,Meera Patel,EEE,9.52,2
818680390,Sanjay Bhat,IT,7.54,1
353916573,Deepak Reddy,EEE,8.27,6
756425135,Sneha Bhat,CSBS,6.53,6
228463650,Vignesh Reddy,AIDS,9.85,4
865635551,Harini Pillai,CSBS,7.14,7
912549425,Niharika Kumar,CSBS,8.36,4
321166266,Niharika Patel,CSBS,8.78,8
722772665,Rithanya Nair,CSE,9.30,1
299238100,Janani Rao,CIVIL,8.74,3
233477622,Divya Pillai,AIDS,8.63,1
550127278,Janani Pillai,EEE,6.67,7
510284416,Akhil Menon,CIVIL,7.80,1
740741324,Rithanya Patel,EEE,7.07,4
773366412,Madhav Naidu,CIVIL,9.28,2
126496841,Janani Patel,CSE,7.57,4
322966946,Akhil Bhat,MECH,7.00,5
308448328,Pranav Rao,ECE,8.42,2
836526145,Karthik Menon,IT,7.87,1
801126799,Divya Reddy,ECE,7.91,7
827741894,Aditi Kumar,CIVIL,7.29,4
249075400,Tarun Pillai,CSBS,7.55,1
994993470,Ananya Chowdhury,AIDS,7.37,6
917650556,Bhavya Gupta,EEE,9.36,6
801269663,Aditi Nair,EEE,9.08,5
882255426,Niharika Kumar,ECE,8.13,8
551988722,Niharika Reddy,CSE,8.85,8
296353801,Sanjay Chowdhury,EEE,8.12,4
700624143,Chaitanya Verma,MECH,8.98,7
541213974,Meera Nair,CIVIL,7.60,5
366116668,Aditi Sharma,ECE,7.77,3
185258408,Divya Gupta,EEE,9.72,3
998518564,Ishaan Chowdhury,IT,8.07,4
483565220,Yamini Nair,ECE,7.37,6
995944188,Niharika Chowdhury,IT,8.84,6
832233606,Pranav Sharma,CSE,8.23,8
361369348,Sneha Nair,CSE,7.40,8
118419777,Aditi Kumar,IT,8.50,5
241828693,Aarav Bhat,EEE,7.34,4
863799686,Ananya Patel,AIDS,9.23,6
545050271,Sanjay Verma,MECH,7.06,8
525866841,Sneha Naidu,EEE,8.31,2
278592238,Pooja Chowdhury,IT,8.68,4
777709892,Aarav Pillai,MECH,9.06,5
389443256,Madhav Naidu,MECH,7.28,3
486683153,Deepak Pillai,CSBS,9.75,1
405713154,Karthik Reddy,AIDS,9.45,5
894863878,Bhavya Chowdhury,AIDS,9.88,2
761155514,Naveen Patel,CSBS,7.11,6
925277457,Aditi Sharma,EEE,8.02,7
257181389,Sneha Rao,EEE,7.57,1
162823258,Chaitanya Patel,CIVIL,7.18,6
100715626,Aditi Patel,EEE,7.12,5
636773217,Varun Kumar,IT,9.70,8
159286634,Sanjay Iyer,CIVIL,9.30,2
369268201,Vignesh Pillai,CIVIL,7.85,8
226642304,Ishaan Kumar,ECE,9.87,1
411351390,Madhav Reddy,CSE,6.80,2
601946523,Aarav Singh,EEE,7.95,5
632160316,Bhavya Iyer,CIVIL,6.61,3
652272494,Chaitanya Sharma,CSBS,7.83,8
528658139,Varun Iyer,IT,9.25,3
734721386,Rahul Bhat,CSBS,9.73,5
263195394,Rithanya Gupta,AIDS,6.71,1
314066096,Sanjay Pillai,CSBS,7.35,8
421413753,Sanjay Pillai,CSBS,8.25,7
694600168,Chaitanya Naidu,AIDS,6.91,8
779389070,Divya Rao,IT,9.84,3
928909605,Meera Singh,CSBS,7.23,6
256920093,Rahul Patel,CIVIL,6.77,3
459955298,Sneha Sharma,CSBS,9.20,2
727210817,Sanjay Naidu,ECE,8.74,1
487114704,Sanjay Sharma,ECE,8.80,4
511611833,Ishaan Iyer,CSBS,9.51,8
395723455,Akhil Pillai,MECH,8.75,3
157218494,Rithanya Sharma,ECE,6.73,1
258486667,Harini Naidu,CSE,8.85,6
302397316,Aditi Naidu,MECH,9.61,5
486037953,Varun Patel,AIDS,9.31,4
733094566,Naveen Chowdhury,MECH,6.60,4
862086522,Chaitanya Bhat,EEE,8.20,8
461432550,Niharika Naidu,EEE,7.45,8
711204016,Aditi Sharma,EEE,7.56,4
801022531,Kavya Patel,AIDS,6.91,8
238709712,Gautam Iyer,IT,9.40,1
968889610,Madhav Verma,CIVIL,6.90,8
680160177,Aditi Menon,ECE,8.58,1
851727078,Sanjay Naidu,EEE,6.55,4
312400378,Deepak Gupta,IT,7.65,6
194547624,Rahul Rao,EEE,6.60,7
183811375,Bhavya Reddy,CIVIL,9.15,6
458276528,Pooja Verma,ECE,8.35,4
769939772,Sanjay Chowdhury,EEE,9.66,3
927089444,Ishaan Singh,CSE,7.54,7
745826844,Sanjay Sharma,ECE,8.62,5
646062354,Janani Bhat,CIVIL,7.90,5
579910391,Naveen Menon,AIDS,8.53,2
578082809,Rahul Verma,IT,8.01,8
508593440,Meera Naidu,EEE,9.23,3
526265533,Janani Verma,CSBS,7.44,8
125858555,Yamini Rao,IT,7.14,1
880162706,Rahul Kumar,CSBS,7.97,1
916349477,Pooja Sharma,CIVIL,7.98,4
706646022,Yamini Sharma,IT,6.61,1
708982626,Akhil Menon,CSE,9.74,2
815593053,Gautam Bhat,MECH,6.86,8
903617227,Rahul Gupta,ECE,7.23,4
291513492,Bhavya Gupta,CIVIL,7.36,1
474542942,Karthik Reddy,AIDS,8.13,1
401256291,Sneha Iyer,CSBS,9.69,8
224307646,Pooja Gupta,MECH,6.60,1
158502220,Varun Reddy,IT,9.87,8
918708265,Sneha Rao,IT,8.98,2
254868028,Gautam Rao,AIDS,7.32,4
994094589,Vignesh Reddy,AIDS,9.42,6
393232507,Vignesh Sharma,MECH,6.58,5
655891738,Ananya Iyer,MECH,7.17,2
811228384,Aditi Nair,EEE,6.75,7
161929409,Tarun Bhat,ECE,8.13,7
581322002,Sneha Verma,AIDS,8.17,5
722665035,Kavya Gupta,CIVIL,7.90,1
220467615,Pooja Bhat,MECH,8.61,6
919356216,Naveen Reddy,ECE,6.81,8
483925611,Pooja Menon,CSE,9.72,5
863553823,Pranav Singh,CSE,8.33,5
190449147,Akhil Naidu,MECH,8.81,3
923820378,Aarav Kumar,MECH,7.19,5
248043899,Karthik Kumar,IT,7.30,2
669842686,Madhav Nair,CSBS,6.59,7
170586447,Karthik Reddy,AIDS,6.88,2
627491397,Niharika Reddy,ECE,6.68,2
886875696,Niharika Naidu,CSE,8.07,8
422839851,Madhav Naidu,IT,6.98,4
387466830,Chaitanya Sharma,ECE,7.82,5
328776412,Janani Menon,MECH,7.13,4
423163004,Vignesh Reddy,EEE,9.27,2
126751868,Karthik Pillai,MECH,9.59,5
295893234,Janani Reddy,MECH,7.21,5
567048457,Vignesh Sharma,EEE,8.97,2
763542403,Pranav Rao,EEE,6.50,3
848304641,Varun Naidu,ECE,8.77,3
654848263,Madhav Verma,AIDS,8.78,4
969584031,Sneha Pillai,EEE,7.89,3
435606446,Niharika Singh,EEE,8.96,3
281715443,Bhavya Menon,CIVIL,9.67,1
665455447,Chaitanya Pillai,MECH,8.94,4
602569076,Janani Rao,ECE,8.30,4
304504785,Sneha Kumar,CSE,9.49,2
685652175,Pranav Verma,MECH,6.76,1
192686249,Meera Pillai,CSBS,9.33,2
944306598,Tarun Singh,CIVIL,7.38,5
347363003,Pranav Sharma,CSE,8.65,2
625347609,Ananya Pillai,CIVIL,7.22,2
576514339,Gautam Gupta,CIVIL,8.19,6
692329354,Pranav Reddy,CSE,7.33,3
304106480,Bhavya Nair,CSBS,9.28,2
516604253,Rithanya Sharma,CSE,8.45,4
468582610,Gautam Naidu,AIDS,8.68,7
222609238,Niharika Pillai,IT,7.31,6
101906698,Vignesh Nair,CSBS,6.86,7
401009442,Divya Verma,IT,9.40,2
187203934,Sneha Gupta,ECE,9.78,5
365071629,Divya Reddy,MECH,9.72,1
319454484,Karthik Bhat,AIDS,9.44,7
705873378,Karthik Verma,MECH,8.16,6
658554822,Madhav Sharma,MECH,7.08,5
501481670,Chaitanya Reddy,MECH,8.64,8
846895050,Gautam Sharma,CSBS,8.33,2
622227116,Ananya Sharma,MECH,7.15,6
890927189,Ishaan Patel,AIDS,7.00,6
365198055,Tarun Naidu,CSE,6.78,3
485809252,Deepak Chowdhury,EEE,8.15,1
238428502,Meera Menon,EEE,8.14,8
774932148,Akhil Verma,AIDS,9.08,1
984904815,Ishaan Pillai,CIVIL,6.79,1
106056663,Vignesh Gupta,EEE,9.13,7
477255086,Rahul Bhat,AIDS,7.60,4
961961507,Madhav Reddy,CIVIL,9.82,1
575953949,Harini Kumar,CSE,6.64,1
314612516,Varun Bhat,ECE,8.81,8
183765936,Rahul Bhat,CIVIL,7.65,8
939441551,Aditi Naidu,CIVIL,6.75,8
102265105,Sanjay Gupta,CSBS,7.39,8
374386238,Vignesh Sharma,IT,8.15,2
746078279,Karthik Gupta,MECH,7.73,4
504377407,Deepak Iyer,EEE,7.61,3
815665236,Chaitanya Gupta,IT,7.28,7
822926980,Deepak Menon,CSBS,9.16,5
481432430,Varun Bhat,ECE,9.89,8
353270756,Harini Sharma,ECE,6.71,2
110419147,Akhil Kumar,CIVIL,7.91,3
751078047,Rahul Menon,EEE,8.60,6
572024898,Aditi Singh,CSE,6.53,7
949113041,Deepak Rao,CIVIL,9.21,5
481743863,Bhavya Bhat,AIDS,9.21,1
329438561,Sanjay Rao,ECE,9.67,1
127014985,Aditi Iyer,EEE,8.58,1
352235420,Kavya Verma,AIDS,7.88,4
444604097,Rahul Chowdhury,MECH,7.73,4
983218385,Meera Naidu,CSBS,8.47,6
576648573,Yamini Kumar,CSBS,8.20,6
270675852,Aarav Nair,CSBS,6.51,4
827344787,Karthik Gupta,CSE,8.40,3
742154180,Ananya Patel,IT,9.09,8
657075135,Harini Patel,ECE,8.18,6
426701976,Kavya Rao,CSBS,9.27,6
428611644,Gautam Nair,MECH,9.57,1
100556581,Varun Singh,CSE,7.81,6
458767546,Vignesh Menon,CSBS,7.14,2
898381547,Yamini Pillai,CSE,7.24,4
419755618,Madhav Rao,ECE,8.60,1
699288134,Aditi Patel,IT,9.27,8
488423838,Ananya Reddy,CSBS,9.40,3
966977234,Divya Verma,ECE,9.62,1
144364195,Bhavya Singh,EEE,8.98,7
219863884,Harini Kumar,CSE,9.65,5
119453522,Ishaan Verma,IT,8.68,1
666920204,Bhavya Reddy,MECH,7.41,8
616586955,Rithanya Reddy,IT,6.55,2
754359526,Madhav Kumar,EEE,8.37,4
108658875,Rithanya Menon,IT,9.75,4
355259103,Meera Naidu,CIVIL,7.71,4
580309950,Tarun Reddy,AIDS,9.06,6
441584783,Kavya Kumar,MECH,8.20,2
181302806,Sneha Iyer,AIDS,7.32,7
850136222,Madhav Kumar,EEE,8.61,8
109336624,Tarun Bhat,IT,7.80,2
440425879,Varun Chowdhury,IT,9.43,3
651709826,Yamini Verma,CSBS,6.94,2
308453135,Divya Bhat,MECH,7.72,2
673723627,Aditi Iyer,CIVIL,7.57,1
321320142,Kavya Naidu,CSE,8.49,5
176996474,Aditi Gupta,EEE,9.18,3
252481256,Janani Pillai,EEE,7.01,6
683720550,Rahul Kumar,MECH,8.15,6
690121701,Naveen Reddy,AIDS,8.76,1
996552008,Harini Gupta,EEE,7.05,1
318399067,Meera Iyer,CSE,8.46,5
564320318,Kavya Patel,EEE,7.75,5
774804936,Harini Gupta,AIDS,7.14,2
621313603,Sanjay Iyer,CSBS,7.75,6
822381155,Kavya Bhat,CSBS,9.17,8
699566612,Rahul Patel,EEE,6.87,7
150232535,Kavya Bhat,MECH,9.38,3
994760109,Ishaan Reddy,MECH,6.90,8
499532993,Rahul Bhat,CIVIL,6.77,8
896277007,Chaitanya Singh,CSE,8.05,6
535087680,Divya Nair,IT,8.77,4
226025686,Niharika Chowdhury,IT,9.02,3
328125996,Aditi Patel,CSE,8.07,5
816877474,Vignesh Menon,ECE,9.29,3
464010793,Tarun Menon,MECH,6.50,4
185104877,Akhil Pillai,MECH,8.30,4
911779484,Chaitanya Kumar,MECH,9.64,2
457071841,Varun Verma,AIDS,9.08,3
106828276,Tarun Nair,AIDS,8.79,5
392470318,Sanjay Verma,CSBS,8.28,5
803235186,Varun Singh,AIDS,7.97,7
432336249,Madhav Patel,CSE,9.36,1
667610096,Tarun Menon,EEE,7.51,6
106700812,Gautam Patel,ECE,8.69,7
400094671,Janani Gupta,CSE,7.88,1
885788861,Sneha Chowdhury,ECE,8.66,5
798631082,Madhav Patel,MECH,7.04,1
429051572,Naveen Verma,CSBS,7.88,5
988170445,Harini Naidu,EEE,7.95,2
434028242,Deepak Gupta,MECH,8.54,5
765388665,Vignesh Singh,EEE,9.45,4
267319173,Karthik Bhat,MECH,8.98,5
891184122,Ishaan Naidu,CSE,7.46,3
376594741,Varun Singh,CIVIL,7.18,1
520283136,Deepak Nair,IT,7.96,3
729430424,Niharika Naidu,EEE,8.10,4
717414743,Pooja Nair,EEE,7.07,3
292842662,Naveen Iyer,MECH,8.89,8
842442589,Aditi Menon,AIDS,8.45,5
213309238,Gautam Pillai,CSE,9.55,6
382881644,Sanjay Singh,IT,8.04,5
923987582,Rahul Bhat,ECE,7.41,4
591067754,Vignesh Kumar,ECE,8.18,5
231142990,Bhavya Verma,CSE,8.31,2
947682707,Pranav Bhat,ECE,7.34,2
643470317,Meera Verma,IT,6.73,3
719200856,Varun Nair,CIVIL,9.16,7
548322236,Sneha Iyer,IT,7.90,6
225977593,Pooja Sharma,CIVIL,6.63,5
420531781,Pranav Gupta,CSE,9.36,6
527203892,Harini Nair,CSE,8.93,5
690264124,Rithanya Menon,MECH,9.61,5
253799890,Naveen Kumar,CIVIL,9.38,4
655393065,Niharika Naidu,EEE,8.68,8
825531426,Ishaan Chowdhury,AIDS,8.27,6
649883529,Sanjay Naidu,CSBS,9.56,3
198840012,Rahul Reddy,CIVIL,8.10,2
175832650,Sneha Iyer,CIVIL,8.74,1
818325993,Rithanya Naidu,AIDS,8.66,7
132309856,Sneha Chowdhury,ECE,7.14,4
173466143,Rahul Pillai,ECE,9.82,1
134935227,Aditi Chowdhury,ECE,7.31,5
769825511,Bhavya Singh,AIDS,8.75,2
432423981,Naveen Sharma,CIVIL,9.17,8
907055771,Akhil Bhat,AIDS,7.55,8
432189544,Akhil Gupta,CSBS,6.85,1
257983746,Tarun Singh,EEE,7.62,6
677165873,Madhav Nair,ECE,7.65,8
183031359,Chaitanya Verma,AIDS,7.77,1
409888587,Chaitanya Reddy,MECH,9.20,1
816224728,Divya Gupta,IT,8.94,5
111861829,Sneha Nair,MECH,7.04,6
290997114,Niharika Rao,CSE,8.33,1
861425755,Harini Rao,AIDS,9.47,8
152996020,Bhavya Menon,ECE,6.77,7
446231845,Niharika Gupta,MECH,7.01,8
395334094,Varun Reddy,EEE,6.63,7
454308230,Harini Nair,CSBS,9.22,5
591679923,Naveen Iyer,CIVIL,9.49,5
440836098,Niharika Iyer,EEE,8.26,6
930117185,Ishaan Chowdhury,ECE,9.18,2
386831066,Deepak Verma,IT,6.75,1
419059007,Aditi Singh,EEE,7.00,2
992522319,Gautam Bhat,AIDS,6.52,8
129924100,Harini Sharma,MECH,7.11,1
916224723,Varun Iyer,MECH,8.33,8
943644667,Bhavya Rao,AIDS,9.14,7
876363562,Gautam Sharma,CSBS,8.23,5
605687624,Janani Verma,AIDS,7.02,8
695344484,Rahul Reddy,CSBS,7.20,3
979139118,Niharika Iyer,ECE,7.82,8
886597928,Pranav Iyer,CSE,7.12,2
787668830,Aditi Nair,EEE,8.14,8
293242510,Chaitanya Iyer,ECE,9.85,7
644388857,Divya Kumar,AIDS,6.52,5
569128974,Varun Bhat,ECE,9.70,8
170805341,Gautam Rao,ECE,6.95,5
114088277,Gautam Kumar,CSE,7.40,1
691151968,Niharika Iyer,EEE,8.54,7
993446845,Karthik Bhat,CSBS,7.17,8
651881892,Bhavya Gupta,IT,8.13,8
739572705,Rithanya Rao,EEE,8.55,1
847432093,Ananya Sharma,IT,8.73,5
563888574,Pranav Verma,AIDS,7.85,8
733646132,Chaitanya Iyer,ECE,9.73,8
947567548,Harini Pillai,CSBS,7.68,5
842407318,Sanjay Rao,MECH,7.61,5
410449641,Yamini Sharma,EEE,6.84,2
881378956,Deepak Kumar,AIDS,9.64,4
765518951,Aditi Naidu,ECE,6.99,3
389182205,Divya Naidu,CSE,7.70,7
552374728,Divya Singh,MECH,9.34,4
352193403,Rahul Rao,AIDS,7.70,7
292947411,Aarav Gupta,CSE,9.80,8
602307953,Pooja Patel,CIVIL,6.91,8
759211494,Aditi Naidu,IT,8.28,4
487497049,Kavya Verma,IT,6.91,6
788434405,Bhavya Kumar,MECH,7.97,1
695346263,Rahul Menon,ECE,9.73,4
259681686,Akhil Naidu,AIDS,8.91,4
200423128,Ishaan Reddy,IT,7.70,4
975368564,Pranav Kumar,CIVIL,7.88,1
745013655,Yamini Menon,ECE,6.87,5
234153942,Karthik Singh,EEE,7.98,3
350812702,Rahul Patel,CIVIL,7.55,5
458784082,Sanjay Sharma,IT,7.42,6
874289861,Vignesh Iyer,CSBS,7.86,8
629415194,Aditi Reddy,CSBS,7.20,3
471521601,Karthik Naidu,MECH,7.17,1
167904598,Naveen Reddy,ECE,6.63,2
915033434,Sanjay Pillai,MECH,7.82,1
253931249,Aditi Sharma,IT,6.81,2
325585075,Yamini Reddy,MECH,6.76,7
464435596,Bhavya Naidu,ECE,6.76,4
569919317,Karthik Kumar,CSE,7.67,4
681871758,Karthik Sharma,IT,9.74,1
500463400,Madhav Verma,EEE,9.40,1
898170383,Yamini Menon,CSE,8.45,3
611882117,Gautam Patel,CSE,8.90,3
406108411,Gautam Reddy,IT,8.28,1
757519584,Niharika Chowdhury,AIDS,9.71,3
435844043,Bhavya Nair,MECH,9.11,5
998304529,Aarav Menon,EEE,8.62,7
961586199,Ananya Menon,MECH,9.04,3
245161395,Sanjay Naidu,CIVIL,6.75,5
710286484,Vignesh Rao,IT,8.18,3
961558554,Sneha Sharma,CIVIL,7.48,8
904590655,Madhav Kumar,MECH,8.25,6
780856458,Divya Verma,AIDS,7.64,8
110551838,Madhav Iyer,CIVIL,8.18,3
917568510,Varun Chowdhury,ECE,6.69,5
762466924,Ananya Naidu,ECE,7.54,8
801788565,Meera Pillai,MECH,7.51,8
429406826,Harini Sharma,CIVIL,7.25,8
395887217,Aditi Patel,CSE,6.59,6
118635951,Chaitanya Sharma,EEE,7.17,6
104083892,Karthik Bhat,MECH,6.73,3
834813526,Deepak Singh,CIVIL,9.80,1
461945486,Ishaan Chowdhury,IT,7.45,4
968657492,Pranav Verma,CSBS,6.52,6
658636896,Pooja Naidu,CIVIL,7.71,5
455225090,Harini Naidu,AIDS,8.90,3
242485260,Tarun Rao,IT,7.51,8
611360357,Bhavya Nair,MECH,7.33,2
983624913,Ananya Bhat,IT,8.46,3
152477359,Varun Chowdhury,CIVIL,8.91,2
801935991,Madhav Patel,EEE,8.98,1
616206246,Aarav Verma,EEE,7.41,6
864571683,Janani Chowdhury,CSE,9.47,2
421154003,Deepak Singh,ECE,7.76,4
440008914,Pranav Sharma,CSE,8.51,3
552365568,Niharika Bhat,EEE,8.63,2
309235567,Aditi Reddy,AIDS,8.51,6
868794053,Deepak Rao,CSE,9.20,2
424822732,Yamini Naidu,CSE,7.60,6
853726994,Meera Naidu,EEE,9.59,8
345426104,Pranav Sharma,IT,7.06,8
234772278,Janani Rao,EEE,6.85,4
310266268,Pooja Naidu,AIDS,9.63,3
978456317,Pooja Rao,MECH,7.01,8
922223102,Madhav Verma,IT,9.75,2
171314036,Yamini Verma,AIDS,6.86,7
423758599,Ananya Rao,CIVIL,9.74,4
696005486,Karthik Patel,AIDS,9.51,7
976634577,Aditi Rao,MECH,7.63,7
992368380,Pooja Nair,AIDS,9.20,2
191509959,Yamini Kumar,CSE,7.84,4
177098367,Vignesh Iyer,CIVIL,7.18,4
236248670,Tarun Naidu,CIVIL,6.76,5
483457290,Janani Verma,CSBS,6.63,1
705856297,Sanjay Iyer,CSBS,8.38,1
111571087,Kavya Chowdhury,CIVIL,8.23,6
894587035,Harini Nair,IT,7.80,6
738368806,Karthik Kumar,MECH,9.33,1
987903767,Chaitanya Reddy,EEE,9.24,2
203202786,Akhil Bhat,MECH,6.97,1
691026557,Naveen Reddy,IT,8.74,5
799160352,Pooja Bhat,CIVIL,8.27,2
540194909,Pooja Rao,IT,9.09,1
840994028,Ananya Chowdhury,CSE,6.71,3
309106598,Yamini Rao,CSE,7.33,1
297568939,Niharika Pillai,ECE,8.28,6
548409094,Vignesh Kumar,CIVIL,7.40,8
728686870,Divya Patel,ECE,6.71,6
994359837,Akhil Kumar,CSE,7.59,2
134769522,Harini Nair,CSBS,7.25,6
310263878,Aditi Sharma,CSBS,9.36,7
889461435,Gautam Singh,ECE,9.55,6
717805967,Bhavya Bhat,MECH,9.12,2
105776723,Rahul Kumar,EEE,9.46,5
533605706,Yamini Pillai,CIVIL,7.04,2
798368831,Sneha Naidu,EEE,7.12,5
401214280,Varun Naidu,CSBS,8.88,1
189674819,Ananya Singh,IT,8.14,2
456429218,Aditi Bhat,AIDS,9.52,8
971243891,Meera Menon,IT,7.06,7
181149578,Pranav Bhat,CSE,7.36,8
168068973,Harini Patel,MECH,9.11,4
941393022,Pooja Rao,ECE,9.35,5
946364123,Janani Singh,MECH,9.19,1
433332923,Yamini Kumar,CSE,7.90,5
934061497,Sanjay Nair,MECH,7.38,1
580833727,Divya Patel,AIDS,7.11,3
455271166,Chaitanya Chowdhury,CSBS,9.39,7
667984848,Rithanya Reddy,CSBS,7.31,7
555901549,Janani Pillai,MECH,8.01,6
528396036,Aarav Patel,MECH,9.72,6
775066757,Naveen Pillai,AIDS,7.76,1
905497265,Deepak Patel,CIVIL,6.89,5
132002079,Ishaan Bhat,AIDS,9.08,3
299255897,Sneha Pillai,ECE,6.76,5
300856284,Ananya Naidu,EEE,8.07,2
324413210,Naveen Iyer,AIDS,8.61,1
959582471,Kavya Nair,EEE,7.26,1
170280882,Madhav Pillai,AIDS,7.45,5
449064965,Pooja Singh,EEE,7.23,5
982917661,Meera Sharma,ECE,6.57,6
394663038,Vignesh Patel,MECH,6.54,2
281816277,Pooja Pillai,MECH,8.94,6
572173072,Ishaan Naidu,CSBS,9.36,6
157966477,Ananya Sharma,ECE,7.80,2
470480324,Harini Patel,AIDS,7.80,6
224950285,Gautam Reddy,CIVIL,7.15,1
356298936,Sneha Bhat,IT,8.25,1
707961036,Bhavya Rao,MECH,7.56,6
205281561,Gautam Iyer,IT,7.45,4
121007410,Bhavya Menon,CIVIL,6.61,5
397714239,Gautam Bhat,MECH,8.61,8
953204620,Yamini Verma,IT,9.26,1
440282297,Karthik Patel,EEE,6.86,4
128359762,Tarun Nair,CSE,8.37,2
143787107,Akhil Rao,CSE,8.79,1
594050740,Bhavya Pillai,CSE,8.63,5
340656270,Gautam Singh,CSBS,7.65,4
816196767,Chaitanya Kumar,EEE,7.93,1
311587344,Varun Patel,CSBS,6.78,2
833383380,Sneha Gupta,CSBS,6.94,6
441615044,Tarun Menon,AIDS,8.11,8
880556129,Pooja Menon,CIVIL,8.05,3
786858174,Gautam Kumar,CIVIL,9.69,6
816220161,Madhav Verma,CIVIL,7.49,1
583429040,Ishaan Singh,ECE,7.40,7
995257600,Pooja Menon,MECH,6.78,5
105251289,Sneha Gupta,CSBS,9.60,8
558523180,Tarun Patel,CIVIL,7.19,8
905608876,Meera Rao,ECE,9.07,1
253935040,Aarav Iyer,ECE,6.55,1
953085356,Karthik Menon,AIDS,7.53,7
125872332,Sanjay Naidu,MECH,9.09,4
258233707,Vignesh Nair,CIVIL,7.51,2
567836664,Rahul Patel,CSBS,8.17,6
226550445,Meera Pillai,CSBS,7.43,4
790389809,Naveen Patel,MECH,6.71,3
715844457,Madhav Singh,CSBS,8.99,7
602600686,Madhav Bhat,ECE,7.34,1
742432481,Akhil Gupta,CIVIL,6.55,2
153883478,Gautam Naidu,CSBS,7.69,3
993575154,Janani Reddy,CIVIL,9.55,8
539504161,Vignesh Sharma,CSE,7.77,2
510927780,Bhavya Iyer,CSE,9.61,3
259938516,Harini Pillai,IT,6.63,1
785278372,Rithanya Rao,AIDS,9.75,4
629567556,Tarun Sharma,MECH,7.06,3
943622249,Pooja Singh,MECH,8.76,5
999297305,Bhavya Menon,EEE,9.38,1
167780663,Harini Menon,CSE,8.23,5
738205866,Bhavya Pillai,CSE,7.09,3
149192287,Bhavya Gupta,IT,9.46,2
971951727,Rahul Verma,CSE,7.55,4
822103696,Tarun Pillai,IT,6.69,2
693253001,Rahul Reddy,CSBS,7.10,6
314240689,Rahul Verma,CSE,8.88,3
789631315,Naveen Nair,ECE,6.55,7
291003407,Meera Menon,MECH,9.38,3
764151701,Pranav Pillai,AIDS,8.97,1
684774275,Yamini Gupta,CSBS,7.21,3
949542151,Meera Pillai,ECE,7.49,1
537194041,Madhav Pillai,IT,7.56,7
722364581,Gautam Kumar,CSBS,9.63,8
241873780,Vignesh Rao,CSBS,9.54,1
687652917,Yamini Menon,IT,6.68,3
264158274,Chaitanya Pillai,AIDS,9.23,4
345437634,Naveen Verma,AIDS,8.61,7
478557978,Divya Chowdhury,IT,8.94,8
208294006,Chaitanya Patel,MECH,9.63,6
542832617,Sanjay Nair,EEE,9.40,2
218377658,Naveen Pillai,CSBS,8.42,6
982174653,Yamini Reddy,CSBS,7.94,2
712436546,Janani Patel,EEE,7.07,1
406193088,Rithanya Bhat,CSE,7.52,7
587910939,Gautam Pillai,CIVIL,9.44,1
880168016,Rithanya Iyer,IT,6.65,1
300326376,Deepak Gupta,MECH,8.43,1
491658532,Ananya Verma,CSBS,7.74,2
689571869,Bhavya Nair,AIDS,7.67,7
615408904,Aditi Rao,ECE,6.53,3
550174248,Harini Verma,IT,7.65,2
406512079,Niharika Reddy,EEE,6.68,3
367405485,Niharika Iyer,AIDS,6.75,7
776534304,Bhavya Kumar,CSBS,9.71,1
564827098,Niharika Bhat,CSE,8.91,6
762848942,Pooja Kumar,EEE,8.31,7
544264897,Sneha Bhat,IT,7.09,3
735584861,Pooja Naidu,CSE,7.13,3
858427570,Madhav Iyer,EEE,9.38,3
441634221,Ananya Verma,MECH,7.45,8
313536767,Madhav Bhat,IT,8.69,7
487331320,Meera Sharma,CSE,7.52,1
198633829,Yamini Reddy,EEE,9.78,7
410923953,Yamini Bhat,CSE,8.35,8
391283840,Pooja Naidu,EEE,7.51,2
415555690,Ananya Pillai,EEE,9.05,3
135592729,Divya Verma,EEE,8.57,6
380023465,Niharika Patel,CSE,7.40,6
274624541,Aditi Patel,ECE,7.05,5
672029997,Ishaan Rao,ECE,7.87,3
682687035,Aarav Bhat,CSE,6.90,2
234415586,Karthik Patel,IT,7.96,3
638643928,Madhav Singh,CSBS,6.86,1
415545225,Aarav Patel,CSBS,6.55,1
554701612,Varun Sharma,EEE,7.19,3
820161270,Vignesh Naidu,CSE,8.17,1
239374495,Sneha Rao,ECE,9.15,7
943094987,Rahul Gupta,CSBS,8.73,1
216568360,Bhavya Sharma,CSBS,9.86,2
803621437,Aarav Kumar,ECE,8.26,4
452903736,Janani Iyer,ECE,8.26,1
124545207,Deepak Naidu,CIVIL,8.72,5
373444366,Rahul Singh,MECH,9.49,4
440728748,Bhavya Gupta,CIVIL,8.00,2
320273167,Kavya Patel,CSBS,9.05,7
622759872,Sanjay Pillai,CSBS,7.47,3
122593264,Naveen Chowdhury,CSBS,7.33,2
413195747,Pooja Iyer,CSBS,9.48,3
436915718,Varun Naidu,IT,7.54,5
818426232,Divya Patel,ECE,7.23,8
683812916,Bhavya Pillai,CSBS,8.87,6
600180542,Gautam Nair,ECE,7.11,7
610534665,Ishaan Verma,IT,7.26,7
650796945,Sneha Menon,IT,7.62,7
315101107,Tarun Rao,IT,6.78,8
715133951,Meera Chowdhury,IT,7.84,8
586587714,Vignesh Chowdhury,CSBS,9.59,6
464312740,Kavya Pillai,CSBS,7.20,2
259044874,Rithanya Verma,AIDS,7.11,1
541632313,Pranav Rao,CIVIL,8.94,4
799561651,Chaitanya Naidu,CIVIL,6.91,7
169662162,Gautam Verma,AIDS,9.19,5
479255785,Aditi Gupta,MECH,6.66,7
204866146,Pooja Singh,CIVIL,8.29,1
868766145,Varun Reddy,EEE,8.28,3
593891707,Chaitanya Singh,CIVIL,7.07,7
964695016,Aarav Nair,CSBS,7.90,5
302137701,Ishaan Reddy,IT,8.91,3
879392564,Vignesh Gupta,IT,9.73,7
192069817,Vignesh Kumar,CSBS,7.22,6
308677841,Niharika Sharma,CSE,9.81,1
803397602,Yamini Kumar,AIDS,9.02,1
491413089,Vignesh Singh,CSE,8.58,6
836283806,Divya Chowdhury,CSE,9.09,6
493897468,Kavya Iyer,CSBS,9.75,1
642296710,Sanjay Verma,CSE,9.15,5
970123691,Meera Menon,CIVIL,8.91,3
689308372,Madhav Gupta,CIVIL,6.95,8
256246720,Ishaan Pillai,CIVIL,8.22,1
883191172,Bhavya Sharma,ECE,8.19,2
674631629,Rahul Nair,CSE,9.37,6
505186922,Aditi Iyer,CIVIL,8.86,3
593905850,Kavya Reddy,CSBS,7.47,3
565715237,Harini Verma,MECH,6.93,8
892924794,Sanjay Verma,AIDS,8.93,3
525525320,Rithanya Patel,MECH,9.01,1
283828939,Janani Nair,CSBS,7.33,2
536217770,Pranav Rao,CSBS,8.67,2
261367071,Varun Patel,AIDS,9.63,1
889200642,Sneha Pillai,CIVIL,9.80,4
558024845,Janani Menon,AIDS,8.19,5
194020172,Akhil Chowdhury,CSBS,6.58,5
404372567,Ishaan Iyer,AIDS,7.32,2
425985297,Kavya Nair,IT,9.17,3
136373992,Aditi Bhat,AIDS,7.09,3
475825443,Ishaan Patel,CIVIL,8.59,4
280397985,Sneha Naidu,CSBS,9.37,4
460256528,Chaitanya Bhat,MECH,6.57,2
903630120,Aarav Singh,EEE,7.67,8
793148757,Rahul Rao,MECH,8.31,8
104394186,Janani Verma,ECE,8.29,6
616856280,Ananya Kumar,EEE,8.76,2
377133851,Aditi Nair,AIDS,8.64,7
526129807,Bhavya Bhat,ECE,6.84,5
643582779,Divya Iyer,ECE,6.52,3
670093885,Deepak Reddy,CSBS,9.85,1
906907940,Aarav Iyer,CIVIL,9.62,5
402056125,Bhavya Singh,CSBS,9.02,6
372428115,Divya Naidu,IT,7.26,8
204008199,Naveen Pillai,AIDS,8.87,7
961334914,Varun Naidu,IT,9.11,6
647496995,Aarav Sharma,MECH,7.63,2
169607429,Akhil Chowdhury,CSBS,9.51,6
473462998,Sneha Reddy,MECH,8.90,4
661041066,Karthik Patel,EEE,6.69,6
862616786,Ananya Menon,ECE,9.05,4
467018327,Naveen Menon,CIVIL,7.45,2
444104912,Varun Nair,MECH,9.00,4
759438942,Sneha Verma,EEE,7.50,1
904948965,Niharika Pillai,EEE,9.78,7
823281635,Rithanya Rao,CIVIL,7.44,8
416972577,Akhil Reddy,AIDS,9.20,1
923579290,Tarun Patel,CIVIL,8.33,6
587881910,Karthik Singh,IT,7.04,2
149825837,Aarav Iyer,IT,9.56,8
988682462,Madhav Chowdhury,AIDS,7.34,2
230991002,Madhav Reddy,EEE,8.69,2
842319978,Akhil Chowdhury,CSE,8.88,5
571145443,Gautam Singh,ECE,8.76,3
922354693,Deepak Iyer,CSBS,7.07,6
702467896,Tarun Bhat,CSBS,7.10,7
764681305,Janani Gupta,AIDS,9.36,2
323410190,Aarav Rao,CSBS,9.88,5
627321549,Varun Rao,ECE,8.94,1
181667952,Sneha Bhat,ECE,8.87,3
197941728,Sneha Kumar,CIVIL,9.45,7
529538404,Meera Verma,EEE,8.29,2
467052746,Yamini Iyer,MECH,9.15,6
371102544,Aditi Gupta,ECE,7.19,3
853566154,Madhav Naidu,CIVIL,6.55,6
240450249,Rithanya Naidu,CSE,6.93,1
506241473,Meera Singh,CIVIL,7.39,8
552650755,Gautam Verma,CSE,7.31,1
710441088,Aditi Iyer,CSBS,8.08,1
340852528,Rithanya Naidu,CSBS,7.15,8
917781907,Harini Pillai,IT,7.43,4
674158159,Kavya Iyer,MECH,7.63,6
197303320,Pranav Reddy,MECH,8.25,3
284329036,Pranav Verma,MECH,9.83,2
529697274,Aarav Rao,ECE,7.56,3
696278428,Janani Kumar,CSBS,6.90,6
523783050,Vignesh Singh,CSBS,9.06,6
158078710,Vignesh Iyer,MECH,8.61,5
257472980,Gautam Bhat,ECE,8.78,1
899715099,Tarun Naidu,AIDS,8.03,1
610455037,Deepak Chowdhury,CSBS,9.40,6
892601202,Sneha Bhat,CIVIL,7.95,5
933941490,Tarun Bhat,EEE,9.02,6
612419449,Bhavya Iyer,ECE,6.66,2
426029771,Pooja Naidu,EEE,9.23,4
958408894,Janani Nair,AIDS,8.60,8
429679353,Aditi Sharma,CIVIL,6.79,4
747392246,Niharika Singh,MECH,9.77,2
102022035,Meera Gupta,CSBS,9.86,3
491001698,Rithanya Rao,CIVIL,6.66,8
736905638,Sanjay Verma,EEE,7.60,3
560989783,Niharika Bhat,CIVIL,9.70,2
295890149,Niharika Menon,CIVIL,7.75,2
918305655,Bhavya Singh,MECH,9.37,7
473593685,Rithanya Nair,ECE,9.84,3
449875525,Bhavya Pillai,ECE,9.47,8
771932822,Vignesh Gupta,EEE,6.87,8
720664111,Vignesh Nair,MECH,7.69,1
899325853,Chaitanya Chowdhury,CIVIL,7.63,3
211321101,Meera Verma,CIVIL,7.35,4
337511509,Varun Reddy,CSBS,9.60,7
949532905,Bhavya Menon,CIVIL,6.57,7
866917202,Gautam Nair,EEE,8.26,6
797507060,Deepak Bhat,CSE,8.15,7
991960264,Varun Verma,EEE,9.30,3
299656643,Ishaan Kumar,CIVIL,7.41,1
371496909,Niharika Rao,AIDS,8.80,6
289542339,Sneha Kumar,CSE,7.72,4
475163128,Niharika Menon,CIVIL,8.06,8
513589616,Janani Naidu,CSE,9.90,3
551843519,Sneha Pillai,AIDS,8.19,8
424570697,Tarun Rao,AIDS,8.11,7
249743524,Sneha Nair,ECE,7.47,4
576768335,Pranav Patel,CIVIL,8.44,3
850833789,Divya Naidu,ECE,8.19,8
650643411,Yamini Verma,MECH,8.70,1
950275152,Kavya Rao,CSE,8.78,2
712508881,Sneha Reddy,IT,7.08,6
976132075,Tarun Kumar,AIDS,8.26,8
662213902,Pranav Pillai,IT,7.90,7
461294513,Madhav Gupta,MECH,8.77,6
827221250,Karthik Patel,ECE,8.79,1
402194037,Yamini Kumar,CSE,7.63,5
953550331,Ananya Kumar,CSE,7.23,8
381465203,Rithanya Sharma,CSBS,8.56,5
794986552,Karthik Naidu,CIVIL,8.93,6
739784472,Yamini Nair,MECH,6.93,4
544664996,Harini Pillai,MECH,7.95,4
819894958,Aarav Iyer,AIDS,9.43,5
454559255,Meera Naidu,AIDS,9.40,4
996734788,Rithanya Naidu,IT,8.91,5
929227227,Janani Nair,CSE,8.51,7
218111176,Pooja Iyer,CIVIL,7.97,8
779248954,Niharika Chowdhury,CIVIL,7.75,4
413575960,Sneha Rao,ECE,8.71,8
828261695,Bhavya Reddy,MECH,7.18,8
478573859,Pranav Gupta,MECH,7.29,7
279744931,Ananya Iyer,MECH,6.51,6
364171731,Janani Verma,AIDS,7.04,7
651220416,Niharika Verma,ECE,8.70,1
803225401,Meera Iyer,CSE,7.49,3
235975147,Madhav Singh,IT,7.98,3
650800138,Varun Singh,CSBS,7.14,5
720656355,Yamini Gupta,AIDS,8.93,2
694876178,Niharika Iyer,IT,8.35,5
208065977,Rithanya Sharma,CIVIL,8.85,6
320128701,Pooja Singh,MECH,7.15,5
405810027,Aditi Iyer,AIDS,7.12,8
916501121,Naveen Iyer,MECH,9.25,4
931296289,Yamini Rao,AIDS,9.74,8
817263638,Divya Patel,MECH,8.68,7
937456568,Deepak Reddy,EEE,7.10,1
668656945,Ishaan Menon,AIDS,8.47,8
762230982,Kavya Verma,AIDS,8.62,5
272160085,Karthik Reddy,CSBS,8.39,7
465999912,Deepak Rao,CIVIL,9.83,4
190356389,Naveen Singh,AIDS,8.47,2
758577343,Madhav Pillai,CIVIL,6.52,2
778361077,Sneha Nair,MECH,7.45,8
594024692,Niharika Nair,EEE,7.49,8
761841208,Naveen Gupta,EEE,7.79,8
379329635,Rithanya Naidu,ECE,9.14,2
551944452,Rithanya Rao,IT,6.99,7
418837359,Ishaan Iyer,IT,9.02,7
578301598,Deepak Gupta,ECE,7.27,1
527226016,Gautam Iyer,CSBS,7.58,3
431029522,Sanjay Verma,IT,7.91,7
105548841,Chaitanya Kumar,EEE,6.64,6
644754569,Varun Sharma,IT,7.68,2
958316287,Kavya Patel,CIVIL,8.51,4
804927930,Naveen Singh,ECE,8.63,3
699938997,Niharika Patel,CIVIL,9.08,6
338872153,Aditi Reddy,CIVIL,9.52,5
896144029,Ananya Nair,EEE,8.03,7
828535075,Aarav Nair,AIDS,8.89,1
773758204,Rahul Nair,IT,9.68,7
511765971,Harini Pillai,ECE,8.31,1
645573657,Chaitanya Kumar,CSBS,6.83,3
101357686,Vignesh Verma,CSBS,7.04,1
344350004,Chaitanya Bhat,AIDS,8.09,4
599139780,Harini Nair,CSE,8.60,1
108406007,Aditi Patel,EEE,6.89,8
539426686,Meera Patel,CSE,7.14,7
910349128,Madhav Verma,ECE,6.69,3
909649538,Deepak Reddy,ECE,6.63,2
977956575,Meera Rao,CIVIL,6.74,1
885143908,Deepak Bhat,CIVIL,8.57,7
592084576,Pooja Kumar,AIDS,7.18,6
923412827,Varun Patel,IT,8.99,1
813361750,Rahul Nair,IT,9.76,6
315505470,Chaitanya Singh,CIVIL,6.65,5
373847059,Harini Sharma,EEE,7.84,8
184584065,Rahul Chowdhury,AIDS,7.32,5
824056864,Ananya Gupta,IT,7.69,5
601515849,Sanjay Singh,EEE,7.65,2
598270507,Naveen Sharma,CIVIL,7.30,1
333730656,Ananya Verma,EEE,7.00,8
664579805,Ananya Iyer,CSE,9.14,5
617097254,Kavya Verma,EEE,9.61,1
862469215,Chaitanya Singh,IT,8.80,8
578219194,Kavya Gupta,CSBS,9.86,7
747396268,Deepak Chowdhury,CSBS,8.82,8
407947251,Sanjay Rao,CIVIL,8.74,7
412361296,Sanjay Reddy,CSE,7.74,6
843229659,Sneha Iyer,CSBS,8.66,6
848441089,Niharika Reddy,AIDS,8.34,7
489838731,Bhavya Gupta,AIDS,9.66,3
831323991,Chaitanya Kumar,IT,8.47,5
924481627,Divya Chowdhury,AIDS,7.43,5
948464362,Chaitanya Bhat,ECE,6.61,7
589089054,Gautam Gupta,CSE,9.54,8
976277602,Niharika Reddy,ECE,7.23,3
777965054,Tarun Naidu,CIVIL,6.82,3
837839190,Sneha Kumar,CSBS,9.48,2
454725270,Ishaan Gupta,CSE,9.69,5
589318563,Vignesh Kumar,ECE,6.73,6
710549690,Varun Verma,CSBS,8.36,6
575015143,Madhav Nair,IT,9.12,1
653165311,Aditi Gupta,ECE,7.11,5
700630389,Madhav Patel,CSBS,7.89,7
323016650,Pranav Iyer,CIVIL,9.80,3
474122349,Rithanya Iyer,EEE,7.86,3
613333813,Varun Rao,EEE,8.28,8
589598235,Tarun Pillai,CIVIL,7.93,8
623960294,Kavya Verma,ECE,8.20,8
725674730,Pooja Reddy,EEE,8.70,4
829430524,Chaitanya Iyer,IT,8.53,3
667312650,Meera Singh,MECH,8.54,8
664428253,Chaitanya Patel,ECE,7.90,1
718971368,Akhil Nair,CSE,9.30,6
636391514,Harini Rao,EEE,8.63,1
112380361,Ishaan Reddy,CIVIL,8.05,6
420098509,Pooja Bhat,CSE,8.68,6
683311369,Ananya Reddy,IT,9.38,1
826033440,Janani Iyer,CIVIL,7.61,4
300342698,Pooja Naidu,ECE,7.57,1
382130822,Divya Chowdhury,CSBS,8.52,3
782676869,Vignesh Pillai,MECH,8.41,7
391007748,Rithanya Sharma,IT,9.77,8
224154918,Akhil Iyer,MECH,7.07,6
719335613,Madhav Kumar,CSE,9.20,3
137033785,Meera Reddy,CSBS,7.06,1
807681028,Pranav Bhat,ECE,9.63,7
106049397,Karthik Naidu,CIVIL,7.63,2
265183864,Kavya Nair,CIVIL,7.72,5
216449870,Rahul Naidu,ECE,8.31,3
110397121,Divya Patel,EEE,7.85,7
218133239,Meera Singh,CIVIL,8.96,8
667472551,Karthik Nair,AIDS,8.29,4
952952750,Madhav Iyer,AIDS,6.54,7
720564924,Tarun Chowdhury,CSE,8.18,6
824099859,Sneha Menon,IT,6.59,8
420794483,Janani Reddy,CSE,8.47,2
507558292,Akhil Reddy,CIVIL,8.70,5
140903932,Divya Naidu,ECE,9.17,4
624708989,Madhav Nair,AIDS,9.22,5
675691368,Pranav Verma,IT,8.75,3
309256220,Pranav Singh,CIVIL,7.49,3
895275979,Ananya Reddy,ECE,8.84,3
213027954,Divya Bhat,CSE,9.13,5
385517928,Madhav Patel,EEE,9.87,5
984006776,Bhavya Nair,ECE,7.64,2
947411619,Deepak Menon,AIDS,7.37,7
258645611,Karthik Rao,CSBS,8.41,8
438496368,Deepak Singh,ECE,6.74,7
821565921,Sanjay Nair,CSE,8.92,4
853332684,Madhav Singh,AIDS,9.73,8
505955330,Vignesh Iyer,ECE,8.96,3
246205691,Varun Naidu,IT,7.86,7
543858958,Ananya Kumar,CIVIL,9.58,4
766382506,Pooja Verma,CIVIL,7.43,6
306716201,Chaitanya Kumar,MECH,9.09,3
255638203,Bhavya Singh,CIVIL,8.03,8
964346262,Divya Menon,EEE,7.33,8
797192308,Janani Menon,IT,8.10,7
617488277,Sneha Patel,CIVIL,9.47,5
788188657,Sneha Reddy,CIVIL,8.85,8
473329289,Madhav Menon,MECH,7.53,4
650253119,Tarun Patel,EEE,6.81,6
768095113,Ananya Kumar,CSE,9.50,7
692870382,Janani Naidu,AIDS,7.37,4
326954265,Karthik Nair,CSE,9.21,7
446708640,Gautam Bhat,ECE,9.01,8
113704196,Sneha Patel,CSBS,7.02,8
839964852,Akhil Sharma,CSE,9.21,4
745544468,Sanjay Kumar,AIDS,7.87,3
711386503,Chaitanya Bhat,CSBS,6.55,4
185107892,Naveen Sharma,CSBS,8.26,8
502280222,Aditi Chowdhury,CSBS,7.06,7
941267125,Yamini Singh,ECE,7.21,7
733540032,Vignesh Patel,IT,8.06,6
744379328,Niharika Singh,CSE,9.75,6
883309663,Madhav Kumar,EEE,8.53,6
429179069,Ananya Kumar,MECH,6.85,3
257584869,Aditi Nair,EEE,8.47,2
133172169,Rithanya Naidu,IT,9.42,1
796021296,Ishaan Sharma,CSE,9.04,3
357364579,Pooja Patel,ECE,9.48,1
237675401,Kavya Menon,CIVIL,8.41,3
388024958,Naveen Gupta,ECE,6.60,6
363074598,Vignesh Naidu,EEE,6.80,7
251838695,Kavya Verma,CSBS,8.95,3
755934713,Aditi Iyer,MECH,6.57,8
365995825,Rithanya Verma,ECE,7.71,3
490611278,Madhav Chowdhury,MECH,8.73,2
586836689,Aditi Rao,EEE,7.61,8
316986730,Karthik Gupta,EEE,6.96,5
783589179,Harini Naidu,CSBS,8.58,7
638765369,Naveen Iyer,MECH,9.12,5
922645360,Aarav Pillai,CIVIL,9.23,2
102383406,Meera Rao,CIVIL,9.55,1
815667087,Meera Singh,CSBS,6.51,5
737472227,Divya Singh,CSE,8.34,7
422743042,Akhil Naidu,AIDS,8.36,5
419069975,Rahul Singh,ECE,6.58,6
575460597,Madhav Sharma,ECE,9.62,7
564437610,Divya Gupta,ECE,7.83,7
921602212,Naveen Verma,CIVIL,7.14,1
772720781,Meera Reddy,CSE,8.38,3
723803804,Deepak Gupta,MECH,8.09,3
410706176,Divya Pillai,CSBS,7.54,5
773749256,Deepak Rao,AIDS,9.14,8
721478042,Meera Iyer,IT,7.80,1
874812202,Deepak Menon,CSE,9.09,7
979566338,Deepak Naidu,IT,9.09,5
595862163,Meera Patel,ECE,7.19,2
394816582,Janani Patel,CSBS,7.33,8
467932788,Divya Naidu,EEE,6.95,5
852031826,Gautam Patel,AIDS,9.32,5
952025244,Akhil Verma,EEE,7.38,3
582224533,Bhavya Verma,CSBS,9.23,4
840606400,Aarav Sharma,IT,6.85,2
614251028,Pranav Reddy,ECE,9.18,8
394411348,Meera Rao,MECH,9.12,5
456168571,Rahul Reddy,AIDS,7.01,6
960556597,Rithanya Kumar,CSBS,6.53,4
152082372,Akhil Verma,AIDS,8.85,8
649990016,Akhil Verma,EEE,7.52,5
722008976,Aditi Nair,IT,7.38,5
303840659,Meera Pillai,IT,9.43,6
909704799,Sneha Pillai,CIVIL,7.97,5
486712907,Rahul Sharma,CSE,9.33,5
923048832,Varun Gupta,AIDS,6.98,4
227554079,Janani Naidu,CSBS,9.17,1
911508915,Gautam Singh,CSBS,7.30,4
296397800,Gautam Naidu,CIVIL,7.87,8
837344763,Chaitanya Menon,MECH,8.31,6
312509652,Karthik Gupta,ECE,7.98,7
334820376,Pooja Chowdhury,CSBS,7.16,5
395852032,Ananya Menon,CSE,8.38,6
600616899,Gautam Iyer,MECH,8.33,5
597707440,Niharika Sharma,CSE,9.83,5
845811956,Tarun Verma,IT,9.07,4
618271758,Meera Sharma,CSBS,7.97,6
651185735,Aditi Naidu,AIDS,6.87,1
893951601,Sneha Pillai,AIDS,7.98,5
141436516,Pooja Chowdhury,IT,6.82,8
988871859,Vignesh Verma,MECH,9.78,2
413170649,Deepak Chowdhury,AIDS,6.56,5
578325793,Sanjay Nair,CIVIL,9.47,3
220076845,Rahul Rao,AIDS,7.94,7
639003844,Aarav Verma,CSE,7.82,1
479380512,Aditi Menon,AIDS,8.71,1
585383649,Sanjay Menon,ECE,7.27,1
681235302,Sneha Naidu,EEE,7.21,5
816868038,Pooja Gupta,CSE,8.24,6
880983807,Meera Menon,CSE,8.98,2
186443125,Varun Bhat,ECE,8.48,7
927521472,Janani Menon,CIVIL,7.33,3
901514907,Pranav Patel,CSE,6.58,3
668772521,Sneha Naidu,EEE,8.64,3
100443822,Deepak Singh,EEE,9.16,1
226677432,Vignesh Rao,EEE,9.26,6
404892898,Rithanya Rao,CIVIL,8.98,2
244450904,Divya Iyer,MECH,8.84,1
968239370,Kavya Naidu,CSBS,8.06,1
327025351,Deepak Reddy,ECE,9.18,2
913486541,Bhavya Chowdhury,ECE,9.13,3
185353000,Gautam Sharma,MECH,8.56,4
266998304,Pranav Chowdhury,CSBS,9.27,2
230039768,Ishaan Bhat,MECH,7.66,1
603092207,Ishaan Bhat,CSBS,7.78,5
325846189,Naveen Verma,CIVIL,9.11,4
650287836,Pooja Pillai,CSBS,9.27,6
993319429,Naveen Sharma,AIDS,8.56,3
150270609,Rahul Verma,AIDS,6.76,7
567953049,Meera Gupta,MECH,8.38,5
419585092,Madhav Nair,CSE,9.11,1
326920602,Kavya Kumar,EEE,6.94,4
184478235,Sanjay Sharma,AIDS,6.92,3
197814792,Sneha Chowdhury,ECE,6.55,5
372671050,Chaitanya Rao,CIVIL,8.46,2
887016128,Chaitanya Verma,MECH,8.91,7
177777969,Aarav Chowdhury,CSBS,9.12,7
629071645,Ananya Singh,CSBS,7.52,7
746877668,Harini Chowdhury,ECE,9.87,4
569030647,Tarun Patel,CIVIL,7.36,3
295626944,Aarav Patel,MECH,6.74,5
802833836,Gautam Menon,AIDS,8.66,6
380778429,Divya Chowdhury,MECH,7.04,8
418170250,Vignesh Singh,CSE,9.52,7
803515397,Kavya Kumar,IT,8.94,6
488147194,Gautam Rao,IT,9.30,1
162986466,Ishaan Verma,EEE,9.23,6
824234911,Akhil Chowdhury,CSBS,9.41,7
308808132,Sneha Sharma,AIDS,9.47,4
323492623,Naveen Menon,CSE,7.68,3
410007213,Niharika Patel,CSBS,9.18,3
751859117,Pranav Nair,EEE,6.89,7
972687776,Karthik Menon,MECH,6.66,8
851330478,Niharika Bhat,MECH,9.34,8
978899677,Ishaan Bhat,ECE,6.64,7
281051599,Rithanya Singh,CSE,8.52,7
131778623,Tarun Rao,EEE,8.11,4
541887943,Kavya Gupta,EEE,8.51,3
600221073,Sanjay Iyer,EEE,7.05,4
188105699,Aarav Pillai,ECE,9.04,7
359410707,Kavya Kumar,CSE,9.30,8
193125653,Bhavya Menon,CIVIL,7.45,6
204269832,Pooja Naidu,IT,6.63,6
348269639,Sneha Iyer,CSBS,7.94,1
478681243,Pranav Gupta,MECH,7.74,5
719348281,Aarav Rao,CSE,9.48,7
750579350,Gautam Kumar,IT,8.45,7
798787472,Niharika Reddy,ECE,9.72,4
493359082,Chaitanya Kumar,IT,8.87,5
556562660,Varun Kumar,CSBS,8.34,4
706127067,Gautam Menon,CSBS,7.18,2
581744338,Kavya Patel,CIVIL,7.60,6
904560993,Chaitanya Chowdhury,CSBS,9.04,1
505871076,Karthik Reddy,CSBS,8.81,1
798655216,Varun Kumar,ECE,8.31,8
866838543,Akhil Rao,CIVIL,8.25,6
351805277,Rithanya Patel,IT,8.29,1
280809876,Chaitanya Iyer,ECE,8.50,2
106985641,Naveen Singh,EEE,6.58,1
813758192,Karthik Gupta,AIDS,9.59,4
966058441,Yamini Chowdhury,CSBS,8.00,6
787362367,Harini Iyer,IT,7.65,5
852500225,Yamini Patel,CSE,8.23,7
125744290,Aditi Singh,EEE,9.69,6
655760273,Deepak Pillai,MECH,7.97,1
406069630,Tarun Chowdhury,AIDS,9.77,7
197823002,Akhil Menon,CSE,8.17,6
867103589,Bhavya Kumar,CSBS,9.86,3
465884858,Yamini Iyer,CSE,9.29,2
172542931,Janani Kumar,CIVIL,9.56,3
254433495,Akhil Bhat,ECE,8.15,4
161759417,Sneha Verma,IT,6.91,1
230729947,Harini Nair,EEE,6.87,8
402018606,Ishaan Pillai,ECE,9.16,6
296384418,Harini Gupta,AIDS,9.73,6
752094010,Harini Nair,CIVIL,7.19,7
174649917,Sneha Pillai,CSBS,9.75,8
121957155,Rithanya Gupta,CSE,9.71,2
584586909,Chaitanya Naidu,IT,9.13,7
292973545,Aditi Reddy,MECH,9.59,7
259935077,Naveen Gupta,MECH,7.75,5
177233793,Niharika Reddy,AIDS,7.44,5
678488152,Ishaan Sharma,IT,9.43,8
604808702,Naveen Sharma,EEE,8.26,4
356436554,Chaitanya Sharma,EEE,8.45,7
927865585,Aditi Naidu,CIVIL,8.62,3
856873910,Naveen Pillai,EEE,6.79,2
902729552,Varun Gupta,CSE,9.27,1
815856791,Sanjay Sharma,ECE,6.63,5
333903101,Chaitanya Singh,CSE,7.75,4
392830849,Karthik Patel,CIVIL,7.55,3
799036190,Bhavya Gupta,AIDS,9.62,4
307002659,Ananya Kumar,EEE,7.60,5
217749976,Sanjay Kumar,MECH,8.65,4
481560887,Meera Verma,IT,9.24,2
170956337,Meera Naidu,CIVIL,8.00,1
853425382,Pranav Singh,MECH,9.36,6
160588049,Rahul Pillai,IT,8.73,2
485906280,Meera Rao,IT,7.66,6
164033969,Deepak Gupta,EEE,7.10,1
355604280,Deepak Reddy,ECE,6.68,4
517643387,Varun Singh,MECH,9.31,4
273715319,Ananya Bhat,EEE,8.42,6
488688808,Kavya Chowdhury,CSE,7.59,1
362467878,Ishaan Patel,IT,7.80,4
132001494,Varun Reddy,IT,7.40,8
854590308,Yamini Menon,CIVIL,8.84,6
712296374,Bhavya Singh,MECH,8.67,4
341489248,Pranav Chowdhury,AIDS,7.84,1
305052039,Madhav Menon,CIVIL,7.10,1
396815903,Karthik Naidu,IT,6.68,2
594446905,Madhav Chowdhury,ECE,6.92,7
965478578,Meera Sharma,CSE,8.99,8
358153379,Akhil Sharma,CSE,8.90,4
718185018,Varun Gupta,EEE,8.60,3
405447977,Meera Nair,EEE,8.84,3
759868894,Tarun Patel,CIVIL,8.28,4
228337576,Sanjay Chowdhury,MECH,6.51,6
524467894,Naveen Sharma,EEE,7.01,4
606535390,Chaitanya Menon,EEE,8.77,3
697206793,Karthik Patel,ECE,7.30,5
864321175,Bhavya Bhat,CSBS,7.42,4
552270890,Kavya Pillai,CIVIL,9.59,4
614384909,Niharika Verma,IT,9.69,7
582106389,Rithanya Chowdhury,IT,6.90,7
224589528,Pooja Naidu,CIVIL,8.29,8
463519405,Janani Pillai,CSBS,8.68,8
197061396,Ishaan Reddy,CIVIL,8.17,3
877585781,Chaitanya Singh,IT,9.10,1
327851544,Gautam Patel,CSBS,8.17,6
700368778,Chaitanya Singh,EEE,7.32,7
143922082,Ananya Naidu,IT,6.55,2
493225447,Rahul Nair,CSBS,9.17,2
349087066,Ananya Rao,AIDS,9.55,6
541784324,Ananya Singh,EEE,7.71,7
752238782,Aditi Pillai,MECH,7.27,6
254856507,Vignesh Rao,EEE,6.58,3
301362947,Aarav Menon,MECH,7.52,7
348844276,Akhil Patel,ECE,8.18,2
256428780,Gautam Gupta,CSE,8.49,7
235465329,Ananya Bhat,IT,6.84,8
846645433,Yamini Reddy,CSE,8.54,2
385497506,Rithanya Iyer,MECH,9.29,6
630207063,Ananya Menon,CSBS,9.40,8
128767010,Gautam Sharma,IT,7.97,6
736242744,Divya Sharma,ECE,9.80,4
892657605,Aditi Rao,CIVIL,6.56,4
287598479,Gautam Patel,IT,6.80,1
975075187,Yamini Verma,ECE,7.37,5
699009761,Karthik Menon,CSBS,9.65,3
502051278,Niharika Reddy,AIDS,7.28,4
159412348,Chaitanya Patel,IT,9.46,5
490902567,Akhil Chowdhury,CSE,7.09,4
669536759,Rahul Singh,CSBS,9.74,5
682123982,Ishaan Rao,AIDS,6.91,1
793520224,Bhavya Nair,EEE,8.40,8
743615585,Gautam Chowdhury,MECH,8.36,1
381027501,Vignesh Patel,AIDS,7.91,2
194915948,Divya Gupta,ECE,7.98,6
311707907,Sanjay Menon,CIVIL,7.49,8
646185364,Pooja Sharma,CIVIL,7.95,1
253505205,Rahul Bhat,CSBS,7.31,8
920964281,Varun Pillai,CSBS,7.20,7
167136159,Aarav Naidu,CIVIL,9.09,1
810350943,Janani Menon,CSE,9.12,6
795507434,Naveen Chowdhury,CSE,9.29,6
899039669,Rahul Nair,AIDS,7.37,1
203220482,Niharika Pillai,MECH,6.87,5
480117532,Rithanya Kumar,MECH,8.66,1
357466447,Chaitanya Chowdhury,CSBS,8.65,8
899034304,Ishaan Rao,CSE,8.16,6
967979614,Kavya Menon,MECH,7.68,5
669672828,Gautam Chowdhury,AIDS,8.72,3
713032503,Akhil Verma,AIDS,9.44,2
487899222,Sneha Rao,CIVIL,9.84,2
739153929,Aarav Sharma,EEE,7.59,8
451296965,Pranav Rao,CIVIL,6.74,4
623701431,Tarun Nair,EEE,8.04,8
133984325,Pooja Verma,MECH,6.68,3
125485307,Pranav Iyer,ECE,9.03,1
418440578,Ananya Iyer,ECE,6.58,4
540308155,Divya Iyer,AIDS,9.71,8
425499690,Akhil Menon,IT,7.75,6
312793860,Pranav Iyer,CSBS,6.87,2
577379624,Ananya Kumar,AIDS,8.08,6
572562637,Bhavya Bhat,CSE,9.33,4
407910704,Bhavya Kumar,MECH,9.42,6
817287117,Harini Sharma,IT,9.10,2
563875240,Gautam Pillai,CSBS,9.66,5
656865615,Yamini Rao,ECE,9.06,6
544145184,Rahul Gupta,EEE,8.88,5
740709235,Rithanya Verma,MECH,8.51,3
681975813,Janani Bhat,ECE,8.74,2
810562268,Rahul Iyer,CSBS,8.35,4
717750653,Meera Singh,EEE,9.28,2
565076312,Niharika Nair,ECE,8.47,1
970500553,Rithanya Rao,IT,8.08,8
323126044,Madhav Verma,CIVIL,8.92,6
414352898,Tarun Sharma,CIVIL,7.43,4
675971793,Gautam Patel,EEE,7.72,3
190117497,Rahul Nair,CSBS,8.00,7
890556900,Gautam Naidu,CSE,9.33,5
317613649,Chaitanya Menon,IT,9.01,6
151539675,Deepak Naidu,CIVIL,7.84,3
234002456,Naveen Pillai,MECH,9.31,5
466411782,Kavya Verma,CIVIL,6.98,5
333063436,Sanjay Verma,AIDS,8.20,2
298371909,Vignesh Iyer,EEE,7.15,2
503061948,Karthik Bhat,AIDS,6.71,1
287889600,Chaitanya Rao,AIDS,8.03,7
888718470,Varun Singh,ECE,7.04,2
746070090,Tarun Verma,AIDS,6.57,4
132389532,Aditi Iyer,CIVIL,6.53,1
701555503,Karthik Menon,EEE,9.29,7
455739593,Meera Naidu,ECE,9.31,5
845741531,Karthik Patel,AIDS,8.13,5
990010069,Ishaan Iyer,MECH,6.52,6
302421188,Madhav Menon,CSE,9.23,4
753456973,Bhavya Patel,ECE,9.55,2
382474129,Tarun Chowdhury,IT,9.15,4
375803391,Sanjay Patel,AIDS,9.60,3
126539199,Naveen Kumar,EEE,8.82,1
122318530,Yamini Verma,CIVIL,7.57,4
501938840,Aarav Sharma,CIVIL,8.41,2
202278522,Rahul Naidu,MECH,6.74,3
442956132,Sanjay Verma,CSE,8.25,2
916636184,Tarun Iyer,AIDS,7.50,4
128241182,Chaitanya Patel,MECH,9.61,8
388388702,Tarun Verma,MECH,9.32,1
285478749,Varun Pillai,ECE,9.29,6
803755909,Sanjay Reddy,EEE,8.35,3
542781361,Madhav Menon,IT,7.31,2
138600176,Gautam Pillai,CSBS,8.56,3
214216417,Aditi Singh,EEE,9.48,8
610278621,Pooja Sharma,ECE,7.44,5
566516224,Pooja Sharma,CIVIL,7.14,8
698507902,Ishaan Naidu,CSBS,9.52,1
372388287,Meera Kumar,MECH,7.95,6
998959688,Deepak Rao,MECH,7.29,5
870627123,Rithanya Patel,EEE,6.51,2
343321670,Pranav Rao,CSE,7.15,6
403326937,Gautam Nair,CSE,7.66,8
296023220,Janani Singh,ECE,8.27,2
655886312,Varun Pillai,MECH,8.53,4
628119067,Yamini Gupta,AIDS,8.92,7
731543020,Meera Iyer,IT,8.88,1
877528267,Harini Sharma,MECH,7.96,8
228258728,Meera Verma,AIDS,8.76,2
847701695,Janani Singh,MECH,8.44,2
347493912,Varun Verma,EEE,8.45,5
181011517,Varun Menon,CIVIL,8.83,1
268436259,Madhav Chowdhury,CSE,9.31,2
370020236,Ishaan Reddy,IT,7.60,3
609616728,Rahul Nair,CSE,8.77,4
507410091,Sanjay Pillai,CSBS,8.38,8
410706989,Tarun Menon,CSBS,9.51,1
865134920,Harini Naidu,CIVIL,8.64,6
848096431,Rahul Nair,CIVIL,9.42,5
380564377,Bhavya Reddy,CSE,6.90,1
828550123,Naveen Gupta,AIDS,8.77,3
625253453,Divya Menon,MECH,8.55,6
346079119,Madhav Sharma,CSE,9.16,4
336338845,Pranav Reddy,IT,7.72,5
637554444,Gautam Gupta,MECH,8.66,7
816448121,Sneha Singh,CSE,9.64,3
947050957,Aditi Gupta,AIDS,6.56,5
221796256,Pranav Menon,MECH,6.63,7
542774347,Tarun Menon,ECE,9.34,5
909666213,Yamini Iyer,EEE,6.61,3
489209678,Ishaan Pillai,ECE,9.65,2
579633965,Akhil Gupta,ECE,8.47,4
928674590,Vignesh Naidu,CIVIL,8.80,6
710727863,Karthik Bhat,CIVIL,6.89,6
640968794,Ishaan Bhat,CSE,9.75,4
734671728,Akhil Pillai,EEE,7.15,4
863783483,Sanjay Gupta,CSBS,6.94,8
909306703,Pooja Menon,CSBS,7.23,7
281573234,Gautam Verma,IT,7.05,2
607541630,Harini Singh,ECE,9.87,3
574664387,Yamini Pillai,AIDS,6.58,6
407913156,Aarav Singh,IT,6.83,6
164383489,Janani Patel,CSE,6.71,6
384612592,Pranav Sharma,CSBS,7.89,6
342770597,Sneha Chowdhury,EEE,7.57,2
925630923,Harini Chowdhury,CIVIL,9.21,6
282106130,Varun Verma,CIVIL,8.93,1
947029863,Yamini Sharma,EEE,9.07,6
214066148,Vignesh Pillai,ECE,9.77,5
751962174,Naveen Nair,MECH,8.32,4
222848125,Gautam Naidu,AIDS,7.27,4
229943393,Bhavya Naidu,CSE,6.89,4
434161910,Pranav Pillai,CSBS,7.19,1
447934690,Akhil Bhat,IT,7.99,6
616441132,Harini Gupta,CSBS,7.84,5
514247947,Rahul Bhat,CSBS,9.58,6
434399428,Tarun Gupta,ECE,8.87,4
984235347,Rithanya Pillai,IT,8.82,1
887537479,Janani Nair,IT,7.00,8
283902883,Akhil Gupta,MECH,9.80,1
229778620,Bhavya Chowdhury,CIVIL,9.26,7
724605344,Tarun Reddy,ECE,6.72,5
953978468,Ishaan Verma,CSBS,7.52,6
721294631,Tarun Iyer,CSBS,8.77,1
365599024,Ananya Gupta,CSBS,7.19,8
694697118,Bhavya Sharma,MECH,8.71,6
502699892,Naveen Kumar,EEE,7.72,3
632065248,Janani Pillai,EEE,7.28,4
417607261,Pranav Patel,AIDS,8.75,6
265746214,Gautam Pillai,MECH,8.89,4
427197504,Karthik Sharma,AIDS,9.63,7
464821676,Kavya Patel,CSBS,9.07,1
600074826,Karthik Patel,EEE,7.22,5
314978344,Divya Reddy,MECH,7.83,7
350791438,Sanjay Bhat,MECH,8.98,6
780564674,Rahul Kumar,MECH,6.93,5
290615429,Tarun Gupta,CIVIL,8.78,8
609104917,Chaitanya Patel,CSBS,6.67,5
534824826,Bhavya Singh,CSBS,8.46,2
807274603,Ananya Kumar,EEE,6.82,8
756694747,Pooja Gupta,ECE,8.76,2
742190961,Rithanya Kumar,CIVIL,7.30,1
375438669,Chaitanya Rao,MECH,7.91,4
890294141,Vignesh Sharma,ECE,8.49,2
684857871,Tarun Patel,AIDS,7.25,1
854338063,Gautam Reddy,CSE,9.68,1
748874885,Sneha Nair,AIDS,9.67,5
228068328,Bhavya Iyer,IT,7.32,4
987272279,Niharika Rao,CSBS,8.95,2
689107186,Niharika Rao,CSE,9.59,6
246308036,Sneha Iyer,CSE,9.68,6
837451030,Janani Gupta,CIVIL,9.37,2
379352857,Rahul Iyer,MECH,9.03,7
619218096,Sanjay Naidu,EEE,7.42,6
997231419,Rahul Verma,ECE,8.71,8
242781165,Naveen Iyer,ECE,6.86,7
130070388,Deepak Rao,EEE,7.53,6
265701167,Tarun Iyer,ECE,9.01,5
963259909,Kavya Pillai,IT,8.07,1
514386438,Harini Rao,EEE,7.39,7
762363306,Vignesh Patel,MECH,9.54,5
652246874,Vignesh Iyer,IT,6.51,3
529983898,Sneha Chowdhury,EEE,9.73,3
693013823,Deepak Menon,EEE,7.01,6
116021001,Bhavya Nair,CSBS,6.88,6
459037986,Aditi Menon,CIVIL,8.51,2
439155907,Aarav Singh,CSE,9.05,1
190243917,Vignesh Pillai,IT,8.60,6
248532381,Deepak Reddy,MECH,7.45,5
916719107,Aarav Verma,AIDS,6.90,5
263596055,Meera Singh,CIVIL,9.25,1
276743497,Karthik Bhat,EEE,8.62,2
584239063,Chaitanya Gupta,CSBS,8.02,4
320535427,Gautam Chowdhury,AIDS,8.60,6
779119191,Karthik Chowdhury,CSE,9.00,4
469254200,Niharika Sharma,AIDS,7.36,1
959842166,Gautam Singh,CIVIL,8.81,6
489581337,Pranav Rao,IT,6.64,7
856734853,Ishaan Menon,CIVIL,6.77,7
528796116,Rithanya Bhat,CSE,7.69,2
134662425,Ananya Reddy,CIVIL,7.11,3
785825496,Naveen Patel,CIVIL,9.52,1
908105507,Vignesh Naidu,EEE,6.70,6
981532170,Sanjay Nair,CSE,7.45,4
900774101,Gautam Singh,CSBS,8.47,7
170316714,Aarav Reddy,CIVIL,7.21,3
979928310,Sanjay Verma,EEE,9.18,4
790934485,Gautam Gupta,CIVIL,8.55,3
195705673,Janani Chowdhury,CIVIL,8.85,2
662987340,Ishaan Patel,MECH,6.76,3
803106685,Pranav Iyer,AIDS,6.91,1
672683344,Aditi Verma,EEE,7.37,2
122705987,Vignesh Bhat,CSE,8.46,2
127720634,Divya Verma,CIVIL,8.40,8
841905537,Vignesh Bhat,MECH,8.91,1
354556907,Bhavya Pillai,EEE,9.80,6
468860386,Vignesh Verma,CSE,8.15,5
506070329,Chaitanya Sharma,CSBS,6.92,3
797480458,Deepak Sharma,CSBS,9.08,7
537975313,Rithanya Nair,IT,8.21,8
321149155,Harini Naidu,ECE,7.63,2
110028647,Meera Naidu,EEE,6.61,8
467323235,Ananya Sharma,IT,9.60,6
991215877,Chaitanya Pillai,ECE,7.49,3
343286650,Pranav Gupta,CSBS,8.41,7
997362740,Deepak Menon,AIDS,9.28,6
787376898,Rahul Patel,CSBS,8.56,5
937992903,Tarun Menon,EEE,6.98,6
126285127,Rithanya Bhat,EEE,9.65,1
321412239,Akhil Gupta,ECE,9.88,1
436371895,Karthik Patel,CIVIL,9.81,3
832078379,Pooja Iyer,CSE,7.75,5
754756328,Divya Patel,MECH,7.44,2
119962658,Harini Rao,EEE,9.24,7
924075759,Tarun Menon,CSE,9.83,7
400721444,Aarav Pillai,MECH,9.55,5
283145840,Bhavya Nair,ECE,6.69,3
936704613,Tarun Pillai,ECE,9.30,3
251680004,Rahul Chowdhury,CSBS,7.93,1
246832288,Gautam Menon,IT,9.49,7
481586383,Pranav Nair,CSBS,9.13,1
569137805,Sanjay Sharma,ECE,6.86,4
119145520,Ishaan Kumar,CSE,8.17,4
922110919,Niharika Chowdhury,CSBS,7.93,5
710682540,Vignesh Naidu,CIVIL,7.28,1
492045712,Harini Reddy,ECE,7.68,7
801767855,Yamini Chowdhury,ECE,6.75,4
360448590,Sanjay Verma,CSE,9.80,4
150911509,Karthik Patel,EEE,7.87,6
835337280,Sanjay Bhat,IT,9.54,2
247604023,Kavya Bhat,AIDS,6.92,4
186945721,Akhil Bhat,AIDS,9.79,3
980681639,Janani Nair,CIVIL,9.05,4
686434837,Akhil Gupta,MECH,9.36,7
599148554,Madhav Kumar,IT,7.59,1
399270377,Rithanya Iyer,CSBS,7.89,7
883345970,Kavya Singh,AIDS,9.13,6
423918066,Varun Pillai,ECE,7.39,5
835888055,Yamini Menon,CSE,7.71,1
524212175,Varun Bhat,AIDS,8.53,7
631828504,Ishaan Menon,ECE,9.14,7
398337566,Kavya Bhat,CSE,8.71,5
839919667,Madhav Verma,MECH,6.95,8
347361159,Ananya Reddy,MECH,9.50,5
420754037,Ananya Pillai,ECE,6.65,8
994719527,Akhil Menon,IT,9.37,5
640475151,Aditi Reddy,AIDS,8.83,2
240021472,Harini Menon,ECE,9.24,2
980739519,Aarav Nair,CSBS,9.05,7
884789634,Kavya Gupta,CSBS,6.97,3
132915421,Pooja Bhat,CSBS,9.55,4
397808204,Divya Sharma,IT,8.01,5
917696723,Karthik Chowdhury,AIDS,6.91,1
228610150,Karthik Iyer,AIDS,8.94,6
362576951,Varun Patel,EEE,8.86,2
947167901,Rithanya Verma,CSBS,9.39,1
546622776,Tarun Chowdhury,ECE,9.78,6
299146065,Naveen Pillai,CSBS,9.72,2
430327734,Ishaan Kumar,ECE,8.59,3
229282192,Kavya Verma,EEE,9.38,1
910187449,Pranav Reddy,IT,8.15,7
131889787,Aditi Gupta,MECH,6.55,1
893177585,Akhil Chowdhury,MECH,7.50,2
791040389,Varun Chowdhury,MECH,8.88,1
551440746,Naveen Iyer,IT,9.69,7
302436890,Deepak Chowdhury,EEE,6.93,4
576082690,Sanjay Patel,CSBS,6.62,3
223376597,Pranav Singh,ECE,7.44,1
799852136,Karthik Chowdhury,EEE,8.84,1
489444590,Pooja Verma,ECE,6.55,7
978588491,Karthik Patel,CSE,7.32,2
475688945,Naveen Iyer,CSE,6.72,2
967856572,Rahul Chowdhury,IT,7.27,7
925263366,Varun Chowdhury,ECE,6.82,7
402586747,Gautam Naidu,ECE,6.68,1
159304451,Pranav Rao,MECH,8.33,6
422630285,Divya Chowdhury,AIDS,6.56,2
657072487,Gautam Iyer,ECE,7.62,4
152720386,Harini Patel,IT,6.59,6
917955917,Harini Menon,MECH,7.18,5
357202800,Janani Gupta,AIDS,9.37,7
599588120,Rithanya Bhat,AIDS,7.05,2
105310554,Gautam Rao,IT,6.74,7
490618367,Rithanya Reddy,ECE,8.98,4
514906747,Pranav Singh,EEE,8.72,4
399250404,Meera Pillai,CSBS,9.34,2
485390891,Varun Gupta,ECE,7.66,3
761540608,Vignesh Nair,EEE,9.87,1
857094092,Deepak Pillai,EEE,8.07,1
546441823,Madhav Rao,CIVIL,9.36,1
420114145,Meera Gupta,CSBS,9.03,2
618718568,Ishaan Chowdhury,MECH,7.53,3
756968580,Kavya Menon,MECH,8.29,3
609665272,Sanjay Bhat,CSBS,8.34,2
105788558,Rithanya Chowdhury,MECH,6.63,3
610799354,Ishaan Bhat,AIDS,7.15,2
758122085,Tarun Rao,CSE,9.41,2
231388946,Varun Nair,EEE,8.71,7
698124185,Rahul Rao,AIDS,9.02,4
320656969,Divya Kumar,CSE,9.58,1
616082639,Meera Naidu,ECE,6.87,6
857004804,Niharika Singh,IT,7.79,7
960148839,Sanjay Naidu,EEE,8.44,3
687086366,Niharika Naidu,MECH,6.88,5
174501297,Pranav Bhat,IT,8.60,6
436368718,Harini Iyer,IT,6.63,7
460996759,Karthik Gupta,IT,7.59,4
270957136,Divya Menon,AIDS,7.37,5
195087294,Akhil Bhat,ECE,8.66,1
441895082,Rahul Sharma,MECH,9.27,7
254328139,Bhavya Patel,CIVIL,9.85,3
846223675,Naveen Patel,AIDS,9.82,5
396545810,Ananya Menon,ECE,9.50,5
872579520,Ananya Chowdhury,IT,9.80,5
954598476,Karthik Singh,CSE,8.96,3
867311002,Rithanya Verma,CSBS,7.49,1
954865256,Akhil Singh,CIVIL,9.25,4
290722912,Janani Reddy,CIVIL,9.76,3
551315352,Karthik Menon,CSE,7.68,2
426287449,Vignesh Sharma,CIVIL,8.46,2
756159825,Divya Nair,CIVIL,9.35,8
879235030,Gautam Verma,ECE,8.05,5
963158891,Sneha Chowdhury,CSBS,9.02,3
790152319,Tarun Menon,EEE,8.14,4
841915226,Harini Iyer,MECH,8.14,1
767174814,Rahul Nair,EEE,7.76,8
756556975,Naveen Sharma,AIDS,8.71,3
882150783,Rithanya Verma,CIVIL,6.95,3
236334407,Akhil Rao,ECE,7.17,2
338610854,Vignesh Nair,AIDS,8.51,2
438749131,Gautam Kumar,EEE,9.58,1
313790390,Kavya Chowdhury,CIVIL,8.76,5
174516523,Harini Reddy,MECH,7.71,6
229435324,Aarav Sharma,CIVIL,8.54,7
199367897,Ananya Bhat,AIDS,7.46,6
290768505,Naveen Verma,EEE,6.99,7
357731040,Tarun Bhat,CSE,7.39,6
324292630,Rahul Chowdhury,CSBS,8.49,2
144331778,Deepak Pillai,AIDS,6.55,8
467688240,Pooja Bhat,EEE,6.51,8
231237201,Akhil Singh,MECH,6.83,3
502158321,Harini Bhat,MECH,8.66,7
420383348,Gautam Patel,IT,7.31,5
455405293,Akhil Naidu,CSE,9.02,5
648855127,Deepak Iyer,CIVIL,8.00,7
399021768,Madhav Chowdhury,EEE,8.39,1
698107470,Sneha Rao,CIVIL,9.65,6
259319333,Ananya Pillai,CIVIL,8.37,8
132933322,Pooja Iyer,ECE,8.82,1
941027469,Tarun Sharma,IT,8.15,3
144899764,Deepak Nair,CIVIL,8.84,5
597602854,Rahul Chowdhury,EEE,7.63,8
513045520,Pooja Bhat,MECH,6.87,5
555265104,Yamini Singh,ECE,8.65,6
747899617,Karthik Naidu,EEE,9.80,6
988853429,Akhil Singh,AIDS,6.72,4
488676993,Rahul Nair,CSE,9.18,6
652519051,Naveen Bhat,EEE,6.85,4
979519201,Janani Chowdhury,EEE,6.59,7
126769804,Akhil Gupta,IT,9.43,6
306507077,Sneha Naidu,EEE,9.41,3
604392340,Bhavya Chowdhury,CSBS,6.95,2
333733251,Deepak Sharma,AIDS,6.60,2
394975544,Tarun Patel,IT,7.27,4
457094826,Kavya Reddy,AIDS,8.95,7
910059694,Naveen Kumar,EEE,7.14,8
605425901,Divya Sharma,AIDS,8.94,7
400426947,Varun Gupta,CSE,9.43,8
588570085,Harini Bhat,MECH,9.33,8
827742803,Aarav Singh,EEE,9.62,2
124912777,Harini Menon,AIDS,7.20,5
208276795,Rahul Reddy,EEE,7.87,3
273829391,Rithanya Chowdhury,CIVIL,8.43,8
687260308,Naveen Rao,EEE,9.83,2
851631105,Ananya Sharma,IT,9.12,3
874946185,Bhavya Iyer,CIVIL,8.80,1
259047395,Tarun Singh,CIVIL,9.69,2
215795781,Harini Singh,CIVIL,7.43,7
942572622,Rahul Chowdhury,CSBS,6.97,3
829880711,Deepak Iyer,AIDS,8.60,2
222615825,Sneha Bhat,CSBS,6.96,4
643738588,Ishaan Reddy,IT,6.54,4
304104744,Aditi Reddy,IT,8.85,4
568870802,Aditi Pillai,CIVIL,7.57,1
757920014,Pooja Patel,AIDS,9.05,8
605560384,Pooja Menon,MECH,7.75,6
134401197,Sneha Sharma,IT,8.82,6
794304044,Tarun Singh,AIDS,9.28,1
113528799,Niharika Chowdhury,ECE,6.65,6
589986686,Janani Singh,ECE,8.41,2
431377649,Harini Nair,ECE,7.23,5
170980940,Vignesh Verma,CSE,8.82,1
195968252,Ananya Menon,EEE,7.69,7
311996427,Ishaan Verma,CSE,7.36,4
998261905,Niharika Patel,ECE,6.60,5
557091293,Niharika Singh,CSE,9.90,4
744241800,Ananya Gupta,CSE,9.23,1
818573578,Deepak Verma,IT,9.63,6
280558358,Sanjay Chowdhury,CSE,6.61,6
503353283,Deepak Singh,MECH,8.28,3
503249065,Bhavya Chowdhury,CIVIL,9.05,8
830901328,Ishaan Pillai,EEE,9.81,4
526319420,Madhav Verma,EEE,8.19,2
482649602,Sanjay Naidu,CIVIL,9.52,7
525139539,Chaitanya Kumar,CSE,7.27,2
470291736,Janani Verma,CIVIL,9.10,7
688313392,Gautam Iyer,EEE,7.96,7
521203984,Aarav Iyer,MECH,8.27,1
969421344,Tarun Kumar,MECH,7.96,5
142350527,Madhav Naidu,CSE,6.69,6
553311397,Kavya Gupta,IT,8.63,5
846260505,Niharika Sharma,IT,8.61,6
884874975,Yamini Sharma,CSBS,7.12,3
915147664,Tarun Verma,MECH,8.53,2
442771468,Harini Naidu,MECH,7.47,4
364417406,Aarav Menon,ECE,6.64,6
656732816,Naveen Reddy,EEE,9.02,3
873519603,Yamini Naidu,CSE,7.24,2
143567968,Naveen Reddy,CIVIL,9.87,4
729456943,Vignesh Pillai,ECE,8.12,8
390504805,Akhil Rao,EEE,6.80,6
324010173,Pooja Bhat,CSE,9.63,7
988687484,Vignesh Pillai,ECE,9.36,2
744942782,Aditi Reddy,MECH,8.92,1
269537909,Deepak Patel,CIVIL,7.51,7
366144567,Ananya Menon,CSE,9.25,3
493011625,Pranav Pillai,CSBS,6.84,1
924886817,Aarav Patel,CSE,7.90,1
960924782,Divya Nair,IT,7.52,8
512376319,Aarav Reddy,ECE,9.16,3
251951152,Niharika Bhat,CSBS,8.47,7
416712368,Meera Menon,CSBS,6.92,6
367790014,Madhav Nair,ECE,7.10,1
757247387,Varun Pillai,CSBS,8.61,1
126778279,Pranav Iyer,CSE,7.35,2
179861955,Ishaan Bhat,CIVIL,9.20,4
842278389,Karthik Chowdhury,MECH,6.81,6
650141316,Ananya Rao,AIDS,6.78,6
825289005,Janani Menon,CIVIL,7.71,1
413582270,Harini Menon,CSE,7.39,6
898116929,Varun Gupta,CIVIL,7.12,3
829976170,Divya Sharma,AIDS,6.68,2
320116594,Harini Patel,IT,9.29,3
624211883,Chaitanya Menon,CSE,9.21,6
108824119,Sanjay Naidu,CSBS,9.59,2
297022563,Bhavya Iyer,CIVIL,8.51,8
702084966,Aarav Menon,MECH,9.01,2
378841277,Niharika Reddy,MECH,6.51,2
742924537,Naveen Kumar,CSBS,8.17,2
956063447,Vignesh Iyer,EEE,6.60,3
777142214,Niharika Singh,IT,7.19,2
640424882,Ishaan Reddy,EEE,6.80,3
750297710,Sanjay Naidu,CSBS,6.50,1
144442947,Rithanya Sharma,IT,8.90,2
746891279,Meera Kumar,MECH,8.29,3
303840059,Naveen Menon,MECH,9.81,7
223542584,Divya Verma,CSE,6.69,4
914803440,Yamini Verma,CSE,6.77,4
110894558,Divya Singh,EEE,6.89,8
707531792,Sanjay Rao,CIVIL,9.82,4
143310433,Tarun Pillai,AIDS,9.40,2
585142356,Janani Sharma,AIDS,8.16,3
625231763,Rahul Nair,ECE,8.16,7
877704990,Janani Gupta,CSBS,8.14,8
649994250,Niharika Verma,IT,9.84,8
168090733,Pranav Chowdhury,EEE,8.58,3
810170391,Varun Nair,CIVIL,8.71,1
119985908,Ananya Chowdhury,CSBS,6.97,7
906683842,Madhav Bhat,MECH,8.93,6
886091329,Akhil Gupta,IT,6.82,8
641607636,Janani Iyer,CSBS,9.15,3
391812237,Karthik Naidu,CSE,6.84,2
118899374,Sanjay Menon,ECE,9.26,8
339128880,Vignesh Singh,EEE,7.15,5
698793559,Yamini Rao,CIVIL,8.31,2
550798465,Niharika Nair,ECE,6.67,1
943851039,Divya Reddy,AIDS,8.99,1
873858570,Pooja Pillai,IT,7.87,7
798655094,Rithanya Singh,ECE,8.41,2
745977908,Vignesh Singh,CSE,8.57,7
305662779,Niharika Chowdhury,IT,9.15,8
973396361,Naveen Naidu,CIVIL,6.68,8
439232380,Aditi Reddy,CIVIL,8.07,2
276226539,Chaitanya Kumar,CSE,9.03,7
982425053,Madhav Bhat,CSBS,6.68,8
200723064,Rithanya Chowdhury,ECE,8.10,1
495741443,Vignesh Nair,ECE,8.87,2
153364018,Karthik Menon,CIVIL,7.86,4
855803252,Tarun Sharma,CSBS,8.24,6
298190002,Divya Menon,CIVIL,7.66,2
177138742,Sanjay Singh,EEE,8.52,6
313024168,Niharika Iyer,CSBS,7.78,4
148377944,Harini Gupta,IT,8.26,3
709518782,Ananya Pillai,MECH,8.50,8
922918857,Pooja Naidu,MECH,8.80,4
515019097,Gautam Singh,ECE,8.71,3
686351602,Aditi Iyer,EEE,7.02,3
923688488,Deepak Kumar,CSBS,8.12,8
542276305,Chaitanya Singh,AIDS,8.78,1
433878803,Aarav Singh,CIVIL,9.09,6
481297892,Rahul Bhat,EEE,7.51,1
745034611,Sneha Rao,CSBS,9.77,3
595206299,Pranav Chowdhury,ECE,8.20,1
434420669,Deepak Reddy,CSE,7.86,2
308813870,Harini Sharma,AIDS,6.65,3
308047469,Meera Iyer,IT,7.11,2
392356270,Yamini Kumar,EEE,8.10,6
378287174,Pooja Naidu,AIDS,7.52,2
485412520,Deepak Singh,CSE,8.26,3
986979472,Tarun Patel,CIVIL,6.71,6
154814991,Sneha Nair,MECH,7.44,7
231781124,Aditi Naidu,CSBS,8.13,1
992669824,Pooja Verma,ECE,7.17,2
904533245,Vignesh Bhat,CIVIL,8.91,1
993573702,Tarun Bhat,AIDS,6.55,1
668401211,Kavya Singh,AIDS,7.04,5
303962964,Sanjay Rao,ECE,9.36,5
902985050,Aditi Pillai,MECH,7.15,2
771492334,Tarun Gupta,CIVIL,8.41,1
664965241,Deepak Sharma,ECE,6.59,1
357716894,Sneha Menon,ECE,7.37,5
548799674,Sanjay Menon,CSE,7.65,3
117188723,Ananya Bhat,CSBS,8.75,5
393263137,Tarun Rao,AIDS,7.62,5
120505653,Pooja Nair,CIVIL,8.93,6
245034776,Ananya Verma,CSBS,6.56,5
889616652,Vignesh Sharma,CSE,7.24,4
726536503,Rahul Bhat,AIDS,7.63,8
843375287,Niharika Reddy,CSBS,7.94,3
619358668,Chaitanya Verma,EEE,7.22,5
269490971,Rithanya Rao,CSE,9.45,1
813584374,Divya Pillai,IT,9.88,5
765393351,Yamini Pillai,EEE,6.96,1
979386468,Sneha Singh,ECE,8.26,7
825889214,Rithanya Nair,AIDS,9.32,1
550913405,Rithanya Singh,MECH,7.03,5
715978787,Varun Sharma,AIDS,6.55,7
261014164,Pooja Pillai,ECE,9.25,8
906290795,Madhav Verma,MECH,9.69,7
294263629,Bhavya Sharma,EEE,7.54,4
611079309,Deepak Singh,CSBS,7.16,8
381975737,Harini Sharma,CSBS,7.74,2
897344948,Meera Rao,CSBS,9.24,4
413410213,Pranav Patel,IT,8.36,7
459978158,Gautam Iyer,ECE,8.50,3
574677194,Harini Bhat,CIVIL,7.26,8
649766324,Ananya Sharma,CSE,9.80,2
348157397,Bhavya Verma,AIDS,9.18,6
211560242,Janani Gupta,AIDS,8.26,6
469819376,Pranav Patel,EEE,9.16,4
908350649,Tarun Gupta,MECH,9.11,3
921866928,Vignesh Bhat,ECE,7.42,7
992507680,Sanjay Gupta,ECE,7.71,3
621725770,Aditi Reddy,AIDS,6.89,2
569270009,Bhavya Naidu,AIDS,7.24,4
978212149,Chaitanya Pillai,CIVIL,9.33,1
788139644,Rithanya Sharma,MECH,7.39,5
586325732,Bhavya Gupta,CSBS,6.77,1
429977015,Sneha Nair,CSE,9.27,5
556809453,Niharika Patel,IT,7.12,3
912053857,Niharika Iyer,CIVIL,8.34,1
430083441,Akhil Rao,ECE,7.38,7
113260351,Yamini Reddy,MECH,7.23,5
889201781,Madhav Patel,AIDS,8.45,7
341633066,Aditi Gupta,IT,8.82,6
230556852,Meera Chowdhury,EEE,9.36,8
920974493,Divya Gupta,CSBS,8.35,3
107622397,Varun Pillai,CIVIL,8.15,8
634806365,Bhavya Naidu,AIDS,7.21,5
870604337,Madhav Bhat,AIDS,7.21,3
882292583,Vignesh Chowdhury,IT,7.71,5
155064913,Bhavya Rao,IT,8.59,8
319168451,Sanjay Singh,IT,7.06,5
506656558,Sneha Naidu,ECE,8.09,3
142240456,Sneha Singh,MECH,7.21,7
604686313,Harini Patel,CSBS,7.05,3
657379003,Ishaan Kumar,AIDS,6.66,7
452503064,Janani Menon,EEE,7.30,6
984796244,Naveen Kumar,CSBS,9.73,1
765600782,Deepak Verma,CIVIL,9.09,5
378809807,Harini Rao,CSE,7.75,1
905745617,Harini Chowdhury,CSE,7.42,3
388798157,Pooja Naidu,IT,7.25,3
141211191,Varun Nair,CIVIL,8.13,4
635603199,Janani Menon,CSBS,8.67,6
358284478,Harini Singh,CSBS,8.03,4
611516051,Rithanya Reddy,AIDS,7.83,5
261279138,Yamini Kumar,AIDS,9.41,5
272014196,Ishaan Reddy,MECH,8.61,4
731036470,Akhil Bhat,CSE,6.77,7
630642135,Vignesh Bhat,IT,7.00,7
283264964,Sanjay Reddy,EEE,9.53,3
432280686,Janani Rao,CIVIL,9.11,1
457502497,Akhil Chowdhury,AIDS,8.10,5
898415868,Chaitanya Kumar,EEE,7.26,3
214315605,Varun Menon,CSBS,8.76,8
844816565,Aarav Nair,MECH,7.75,7
993175583,Janani Menon,MECH,7.43,6
967476365,Akhil Nair,EEE,8.03,2
195973642,Tarun Naidu,IT,8.12,3
173674680,Janani Reddy,CSBS,6.85,3
665112330,Pooja Nair,ECE,9.56,6
899967045,Madhav Sharma,CIVIL,9.35,8
142274272,Kavya Bhat,EEE,8.20,2
288756965,Harini Pillai,ECE,8.39,2
151564982,Bhavya Bhat,AIDS,7.93,5
763629930,Varun Menon,CSBS,7.57,5
516973507,Akhil Kumar,ECE,6.67,8
129431591,Tarun Menon,CSBS,9.40,3
927213886,Sanjay Reddy,CIVIL,8.18,2
177738032,Ananya Bhat,EEE,7.66,4
148422051,Sneha Reddy,EEE,7.83,6
312015609,Karthik Sharma,CSBS,8.26,2
971277508,Gautam Gupta,CSBS,9.52,3
182095171,Sanjay Patel,IT,9.69,2
938491977,Tarun Kumar,EEE,7.99,2
517891174,Varun Verma,IT,8.80,3
508356592,Varun Patel,ECE,7.48,3
578856905,Niharika Gupta,CSE,6.86,8
648297770,Rahul Chowdhury,MECH,7.03,3
480135289,Aarav Chowdhury,CSE,8.49,2
504505993,Madhav Naidu,CIVIL,8.32,3
704838420,Divya Reddy,CIVIL,7.30,1
490505251,Bhavya Reddy,AIDS,6.85,5
915851883,Bhavya Chowdhury,ECE,7.93,7
359576453,Vignesh Sharma,IT,6.51,2
469033552,Gautam Menon,MECH,7.52,7
297325832,Bhavya Iyer,AIDS,7.77,5
417651431,Meera Reddy,MECH,8.83,5
306485973,Sneha Pillai,MECH,9.79,8
264173278,Rithanya Nair,CSBS,9.00,8
503327571,Naveen Reddy,EEE,6.67,5
858958997,Naveen Singh,CIVIL,9.64,8
301757475,Rahul Verma,MECH,6.64,5
711362725,Varun Singh,ECE,8.67,7
140437630,Akhil Naidu,IT,9.43,5
897846066,Gautam Naidu,CIVIL,7.97,5
998174705,Aarav Iyer,CSE,9.45,3
299944806,Pooja Rao,IT,8.58,5
465188298,Yamini Reddy,CSE,8.92,6
988189702,Rithanya Kumar,CSE,7.55,4
392229815,Pooja Patel,CSE,7.13,7
622374012,Pranav Chowdhury,CSE,7.85,7
595909814,Bhavya Gupta,IT,8.14,8
627601671,Tarun Gupta,ECE,7.48,6
413960175,Janani Menon,CSE,9.05,7
919262621,Ananya Pillai,CSBS,8.21,6
296357689,Sneha Sharma,CIVIL,7.24,7
707161481,Aarav Patel,CSBS,8.51,4
998815586,Pooja Naidu,EEE,7.53,7
586983875,Naveen Naidu,CSBS,7.27,4
249054516,Meera Nair,MECH,6.77,5
318160640,Yamini Bhat,ECE,9.57,3
476984612,Ishaan Verma,CSBS,7.52,2
898768315,Rahul Verma,MECH,6.77,3
296017139,Madhav Kumar,EEE,9.60,6
642046670,Akhil Patel,ECE,9.24,5
128208830,Rithanya Sharma,AIDS,7.00,4
823449296,Aarav Gupta,CSBS,9.47,5
144891492,Tarun Menon,IT,8.49,2
964479488,Rahul Nair,AIDS,7.51,3
909163699,Aditi Verma,EEE,9.59,1
241574481,Chaitanya Sharma,CIVIL,6.51,3
525344060,Ishaan Iyer,AIDS,7.03,4
905592277,Aditi Singh,MECH,8.82,3
284837147,Tarun Rao,IT,8.40,3
665110361,Gautam Patel,CSBS,9.48,2
234149839,Karthik Reddy,CSE,7.59,7
667817820,Akhil Iyer,EEE,9.46,3
830787786,Janani Gupta,ECE,9.22,4
476598140,Niharika Pillai,CIVIL,8.58,5
185119032,Janani Sharma,EEE,9.29,1
598648181,Aditi Rao,ECE,7.92,1
661664496,Deepak Menon,CIVIL,8.71,5
501659260,Rahul Kumar,EEE,6.69,2
121153733,Pranav Pillai,IT,8.82,4
398992752,Harini Gupta,AIDS,9.20,5
574240590,Gautam Iyer,ECE,8.79,3
790116270,Tarun Gupta,EEE,9.66,2
943769231,Chaitanya Patel,CIVIL,8.93,5
690414718,Pranav Naidu,AIDS,8.72,2
325876155,Kavya Rao,AIDS,7.78,3
321702488,Deepak Rao,IT,8.64,2
638591300,Yamini Patel,CSBS,8.55,8
234531555,Divya Iyer,ECE,8.16,4
755525825,Kavya Gupta,ECE,9.87,5
883461057,Pooja Reddy,ECE,8.42,2
863787184,Niharika Nair,EEE,8.43,2
119688561,Ishaan Chowdhury,CIVIL,9.58,8
624175759,Akhil Reddy,CSBS,9.15,4
515130399,Harini Gupta,AIDS,9.55,7
544628319,Madhav Sharma,AIDS,9.40,4
864740450,Niharika Reddy,AIDS,6.93,7
777675062,Rithanya Nair,EEE,7.39,1
411217430,Rithanya Patel,ECE,8.28,7
336483163,Gautam Reddy,CSE,8.16,4
892530501,Harini Pillai,AIDS,9.87,2
412258739,Deepak Rao,ECE,8.50,6
582924014,Pranav Rao,CIVIL,8.46,2
810987085,Rahul Menon,EEE,9.65,6
409792267,Madhav Chowdhury,MECH,7.43,6
621728759,Harini Pillai,CSBS,9.21,2
382115271,Yamini Nair,EEE,8.01,5
740977380,Divya Patel,IT,9.54,1
324182329,Divya Naidu,MECH,8.99,2
901530399,Pooja Kumar,AIDS,9.14,8
452885599,Pooja Menon,EEE,8.63,4
531147054,Sanjay Verma,EEE,6.69,2
478077147,Aditi Menon,CIVIL,9.57,5
981888610,Chaitanya Chowdhury,EEE,7.53,2
925558958,Naveen Gupta,AIDS,9.60,2
653298428,Meera Menon,EEE,7.62,6
870086404,Aditi Reddy,CSBS,7.75,5
504692314,Harini Kumar,ECE,7.64,5
935739042,Ishaan Pillai,MECH,7.82,6
191943251,Chaitanya Verma,IT,7.84,1
305536785,Ishaan Chowdhury,CIVIL,7.63,2
551058304,Kavya Menon,CIVIL,8.23,3
992360472,Chaitanya Singh,IT,8.84,5
502153454,Deepak Sharma,AIDS,9.12,1
559869516,Vignesh Sharma,AIDS,6.83,7
551061077,Naveen Nair,CSBS,7.40,1
608989932,Divya Menon,CIVIL,6.78,3
323631399,Gautam Singh,IT,9.27,1
599922210,Divya Kumar,MECH,6.69,7
587754926,Gautam Sharma,CSE,7.05,8
146292511,Aarav Sharma,IT,7.92,5
469125484,Deepak Menon,AIDS,8.69,5
420130176,Divya Nair,EEE,8.51,4
208273542,Niharika Menon,AIDS,8.37,1
415113706,Rithanya Bhat,MECH,9.21,6
280411239,Yamini Menon,CSBS,9.00,7
873494398,Vignesh Naidu,CSE,9.37,3
577113940,Chaitanya Iyer,IT,8.46,6
210169419,Rahul Menon,CSBS,6.98,8
296800535,Divya Chowdhury,AIDS,9.15,5
959239426,Yamini Singh,MECH,8.37,2
739134733,Yamini Patel,CSE,7.37,1
853947267,Sanjay Reddy,CSE,6.74,2
202009727,Janani Chowdhury,CIVIL,8.89,8
665617491,Harini Chowdhury,MECH,7.75,8
820545264,Ishaan Rao,EEE,8.92,2
569156923,Divya Pillai,CIVIL,8.48,5
941626387,Rahul Iyer,CIVIL,8.06,6
482147243,Tarun Bhat,AIDS,6.61,3
421804271,Bhavya Chowdhury,IT,8.49,1
523139543,Deepak Naidu,AIDS,7.94,8
624344258,Naveen Gupta,CSBS,7.37,4
816090948,Vignesh Verma,ECE,9.52,1
173296550,Vignesh Pillai,MECH,8.93,3
986057891,Madhav Patel,AIDS,7.71,1
757493033,Kavya Pillai,EEE,9.14,1
699320381,Meera Verma,CSBS,9.45,3
708977041,Deepak Chowdhury,ECE,6.70,1
844135245,Madhav Chowdhury,CSBS,8.82,2
681183581,Kavya Nair,AIDS,9.76,6
197684013,Pooja Verma,IT,9.18,4
153664194,Bhavya Reddy,ECE,7.67,6
909288002,Akhil Sharma,ECE,8.28,4
272283388,Sanjay Bhat,CSE,8.20,1
299564848,Divya Gupta,ECE,9.43,7
389192341,Janani Menon,CSBS,8.26,4
466894201,Karthik Patel,IT,9.41,7
128646100,Rithanya Chowdhury,IT,7.67,4
666796137,Naveen Patel,CIVIL,8.37,1
739920291,Bhavya Pillai,CIVIL,6.74,3
983100424,Yamini Pillai,ECE,7.49,2
339522764,Aditi Reddy,CIVIL,7.25,1
547392997,Niharika Verma,MECH,7.27,7
812802931,Deepak Nair,CSBS,8.85,3
706875052,Pranav Menon,IT,8.00,5
807022517,Pooja Nair,ECE,8.46,1
926200966,Tarun Pillai,CSBS,9.80,5
948473515,Gautam Pillai,CIVIL,7.09,6
182503988,Karthik Pillai,EEE,7.46,4
296396197,Pranav Pillai,IT,7.35,3
475006805,Harini Singh,MECH,9.41,6
151806125,Ananya Verma,EEE,8.22,2
637331403,Karthik Verma,MECH,7.88,3
686982953,Niharika Pillai,EEE,8.84,7
545951297,Naveen Bhat,MECH,8.49,2
281435490,Karthik Gupta,CSE,9.89,7
320229674,Kavya Verma,AIDS,9.48,8
223128343,Chaitanya Sharma,EEE,7.03,2
129030380,Sanjay Menon,CSE,9.46,7
386426113,Yamini Rao,ECE,7.27,8
185397729,Janani Sharma,ECE,7.56,6
265451629,Meera Sharma,CIVIL,7.28,8
993945225,Divya Iyer,AIDS,7.21,7
996434075,Yamini Kumar,MECH,9.49,3
841230931,Tarun Reddy,IT,9.31,4
409887687,Janani Sharma,CSBS,9.23,7
785653109,Aarav Bhat,EEE,7.89,8
481347924,Sneha Singh,MECH,8.30,3
165084450,Gautam Pillai,IT,7.82,7
822250483,Kavya Iyer,IT,9.02,2
493647597,Akhil Reddy,CSE,6.58,4
806122643,Harini Menon,CIVIL,7.40,2
937846658,Sneha Sharma,CSE,9.74,3
944009931,Divya Chowdhury,CSBS,6.59,6
297305836,Sneha Patel,CSBS,7.05,1
115383356,Chaitanya Patel,CSE,7.68,1
980053747,Varun Bhat,IT,8.15,4
899973972,Sneha Singh,MECH,7.73,8
815314334,Janani Verma,ECE,6.95,6
601234285,Sneha Bhat,CSBS,7.97,4
436003051,Deepak Patel,EEE,6.84,5
148698379,Niharika Patel,CSE,9.70,7
658946527,Karthik Bhat,MECH,8.61,1
974821229,Chaitanya Nair,AIDS,9.20,5
722242588,Pooja Menon,AIDS,7.62,6
715311075,Meera Naidu,EEE,8.52,3
832570599,Tarun Sharma,IT,8.29,1
753294056,Karthik Reddy,IT,8.81,7
223113121,Pranav Reddy,CIVIL,6.73,3
378188137,Divya Singh,CSE,6.62,1
626799918,Madhav Verma,EEE,9.81,4
640304610,Naveen Rao,MECH,8.68,1
129039693,Aditi Singh,CSE,9.13,6
903370838,Bhavya Nair,CIVIL,6.73,8
394164851,Deepak Reddy,CSE,8.10,3
413689123,Varun Naidu,CIVIL,7.39,5
543486912,Tarun Gupta,IT,7.27,6
712921463,Vignesh Gupta,IT,9.34,2
307237472,Harini Pillai,EEE,9.41,7
860358712,Kavya Pillai,EEE,9.48,8
346996152,Karthik Pillai,IT,8.19,4
542401814,Vignesh Patel,CSE,7.04,3
610692024,Gautam Iyer,MECH,8.46,2
893048963,Chaitanya Reddy,CSE,8.36,2
911623355,Chaitanya Reddy,IT,8.48,4
136743051,Kavya Naidu,EEE,9.12,8
403218526,Pooja Bhat,ECE,7.07,7
764972506,Yamini Menon,IT,7.20,1
243199004,Vignesh Kumar,ECE,8.92,3
645709009,Varun Chowdhury,CSBS,7.91,8
361120661,Pranav Chowdhury,CIVIL,6.93,4
829084602,Yamini Gupta,MECH,7.51,8
751745336,Ananya Singh,AIDS,8.89,2
954367581,Aditi Pillai,IT,9.64,8
185640914,Rithanya Iyer,ECE,9.24,8
896551702,Deepak Patel,CSBS,7.43,2
654858118,Ishaan Gupta,AIDS,9.86,2
440197093,Madhav Sharma,AIDS,8.24,6
735879512,Harini Chowdhury,AIDS,9.40,6
525922052,Gautam Kumar,MECH,9.12,2
737423657,Tarun Reddy,CSE,7.39,3
745407688,Naveen Verma,CSE,9.89,6
332814613,Tarun Menon,MECH,8.06,6
545677672,Gautam Rao,EEE,8.32,1
517266432,Bhavya Chowdhury,EEE,8.02,3
213262838,Niharika Singh,ECE,9.21,3
762978896,Pooja Iyer,MECH,7.77,3
870110970,Pranav Singh,ECE,6.88,7
935330997,Bhavya Iyer,CIVIL,8.05,7
924376446,Akhil Reddy,ECE,6.93,5
394155122,Kavya Rao,EEE,9.18,4
899594771,Rithanya Singh,EEE,8.93,5
178309169,Yamini Chowdhury,AIDS,8.62,3
402032935,Aarav Menon,ECE,9.17,2
834176797,Tarun Pillai,CIVIL,8.62,5
144634141,Meera Menon,CIVIL,7.40,5
180261678,Divya Kumar,IT,8.24,6
439506012,Aarav Verma,MECH,9.88,7
141426804,Aditi Naidu,CIVIL,7.09,4
724965880,Varun Bhat,CSBS,7.66,1
199268803,Ishaan Pillai,CSBS,9.73,5
911513549,Vignesh Rao,MECH,7.44,1
228751862,Pranav Singh,CSBS,9.08,7
557752291,Rahul Pillai,CSBS,6.56,5
932461205,Kavya Nair,ECE,8.14,8
899316741,Naveen Sharma,CSBS,7.30,7
159967008,Ananya Bhat,ECE,8.54,3
977461963,Ishaan Reddy,ECE,8.86,1
469151849,Kavya Reddy,MECH,8.33,5
789376804,Madhav Verma,IT,9.21,2
213818654,Meera Naidu,CIVIL,6.71,8
752097327,Sanjay Sharma,ECE,8.05,7
921182411,Tarun Iyer,EEE,9.36,2
529815179,Naveen Sharma,CSE,8.53,6
273074295,Harini Kumar,IT,8.38,3
279215597,Meera Naidu,CSBS,6.94,1
898670041,Gautam Naidu,ECE,6.99,7
333760074,Meera Naidu,AIDS,8.89,7
449593687,Rithanya Verma,CSBS,7.54,6
853984056,Gautam Pillai,AIDS,9.54,5
366086262,Pooja Patel,IT,8.45,7
345149156,Rahul Sharma,EEE,7.89,6
508300187,Varun Iyer,EEE,7.83,1
769296169,Janani Patel,CSE,6.90,4
327332684,Meera Kumar,IT,7.41,7
637701425,Pooja Verma,EEE,9.67,5
913223463,Chaitanya Rao,ECE,6.84,7
680845580,Bhavya Iyer,AIDS,6.90,4
747662544,Niharika Bhat,CSBS,8.95,2
409907766,Chaitanya Menon,AIDS,7.50,5
639929370,Janani Sharma,AIDS,7.39,2
763904861,Rahul Bhat,EEE,7.39,3
463120292,Chaitanya Verma,ECE,9.09,4
388519337,Ishaan Nair,IT,7.04,5
206455339,Aditi Gupta,ECE,6.64,6
744112269,Akhil Gupta,IT,7.88,3
291511806,Akhil Gupta,CSE,7.42,7
455480933,Meera Naidu,CSE,8.97,7
237152008,Tarun Menon,CIVIL,7.00,5
365302629,Janani Menon,EEE,8.03,3
241057837,Ishaan Reddy,ECE,6.86,7
840981237,Aarav Patel,CSE,6.69,4
397024489,Harini Nair,CIVIL,9.89,7
800474045,Ananya Verma,CIVIL,9.20,3
617913713,Bhavya Pillai,CIVIL,9.64,1
513071105,Akhil Gupta,ECE,9.11,3
159535125,Chaitanya Rao,AIDS,6.54,1
258346372,Sneha Gupta,IT,8.31,8
875973586,Gautam Iyer,ECE,7.43,2
350118689,Varun Kumar,AIDS,6.96,5
248827811,Meera Chowdhury,IT,9.34,4
704966373,Akhil Nair,MECH,8.86,2
730348525,Divya Rao,CSBS,9.55,3
703621831,Niharika Bhat,ECE,9.23,5
191289221,Niharika Reddy,CSBS,8.57,1
764706076,Ananya Menon,EEE,7.65,7
763635986,Meera Bhat,IT,8.13,2
648860207,Harini Gupta,IT,7.42,4
653450258,Aarav Rao,CIVIL,7.36,4
622878653,Deepak Chowdhury,CSBS,9.34,7
507549148,Sneha Iyer,AIDS,7.14,2
305819425,Janani Patel,ECE,6.82,8
398745125,Pooja Sharma,EEE,8.15,3
296093707,Harini Verma,AIDS,7.05,4
528514920,Sneha Gupta,MECH,9.19,2
663126701,Rithanya Bhat,EEE,8.58,2
813067902,Yamini Gupta,EEE,6.76,3
880053498,Yamini Sharma,CIVIL,9.16,2
308151101,Pranav Nair,EEE,9.22,2
161890512,Aarav Verma,IT,8.68,5
971544796,Meera Pillai,IT,7.72,1
788278850,Yamini Singh,EEE,6.76,4
479763174,Aditi Chowdhury,ECE,8.93,5
979025166,Naveen Verma,CSBS,8.84,8
779118285,Ishaan Bhat,CIVIL,9.89,5
795355361,Sneha Nair,CSBS,9.84,4
625238641,Ishaan Bhat,ECE,8.57,4
158104308,Kavya Kumar,CSE,7.82,1
827611001,Niharika Pillai,CIVIL,6.77,5
165573133,Akhil Kumar,IT,7.02,1
306363808,Yamini Menon,CIVIL,7.12,1
776647341,Tarun Kumar,CIVIL,9.45,6
119157585,Deepak Chowdhury,EEE,7.51,7
951195185,Vignesh Pillai,ECE,9.47,4
232555645,Chaitanya Chowdhury,CSBS,8.59,5
904020471,Sanjay Menon,CSE,8.65,7
971124816,Chaitanya Sharma,MECH,7.81,4
963390418,Chaitanya Verma,AIDS,7.35,1
344470828,Kavya Patel,CSBS,6.66,8
640220101,Ananya Patel,EEE,8.13,2
995894178,Niharika Iyer,CSBS,8.46,6
519573495,Rahul Chowdhury,CSE,6.72,2
206702900,Meera Nair,AIDS,7.54,5
775200545,Aditi Chowdhury,IT,7.47,6
694819664,Chaitanya Reddy,CIVIL,7.44,5
640977685,Ananya Singh,CSE,9.41,8
364431962,Madhav Sharma,ECE,9.76,4
440575645,Vignesh Verma,IT,8.25,1
547127275,Deepak Nair,MECH,6.99,5
399122576,Janani Bhat,IT,8.55,2
784598470,Deepak Rao,IT,7.31,6
697196645,Naveen Chowdhury,CSBS,6.82,7
294295774,Madhav Chowdhury,CIVIL,8.21,8
332796225,Meera Rao,CIVIL,9.69,5
529050689,Tarun Chowdhury,ECE,7.61,3
204609737,Naveen Naidu,CSE,7.45,5
560921850,Karthik Kumar,CSE,8.22,5
516950650,Chaitanya Pillai,CSE,7.96,5
479862306,Akhil Verma,ECE,8.16,2
628244441,Kavya Rao,CIVIL,7.65,6
843614125,Karthik Singh,CSBS,6.67,5
684768450,Vignesh Pillai,IT,8.68,2
278592222,Pooja Bhat,EEE,8.77,2
178052577,Ananya Reddy,CIVIL,6.81,2
947835402,Rithanya Pillai,ECE,8.21,2
477386095,Vignesh Sharma,CSE,7.17,7
455751074,Pranav Sharma,CSBS,7.68,1
432814500,Rahul Chowdhury,AIDS,7.31,6
610667594,Divya Pillai,CIVIL,9.67,7
534141942,Sneha Gupta,EEE,8.58,6
239213011,Naveen Gupta,CSBS,9.30,8
203999152,Karthik Nair,EEE,8.00,8
208596256,Harini Verma,CSBS,8.31,1
776487171,Yamini Sharma,MECH,7.45,2
957253533,Ishaan Iyer,AIDS,7.41,3
115770687,Niharika Sharma,EEE,9.51,4
523034019,Aditi Menon,IT,9.33,8
917548657,Rithanya Bhat,CSE,6.89,4
866543510,Ananya Sharma,ECE,9.43,5
435709791,Sneha Rao,CSE,6.76,8
978906104,Akhil Sharma,CIVIL,9.38,4
629066745,Meera Gupta,EEE,9.15,8
349231899,Janani Bhat,CSE,9.65,5
169261079,Janani Rao,EEE,7.93,7
655891911,Karthik Bhat,ECE,8.68,1
574542991,Akhil Nair,CIVIL,9.51,8
563648380,Pooja Pillai,EEE,9.49,7
392202428,Yamini Sharma,IT,9.68,3
973894742,Ananya Verma,CSE,7.23,2
216271471,Ishaan Sharma,CIVIL,8.30,8
730504735,Kavya Rao,CSE,8.46,6
902465681,Deepak Pillai,MECH,7.07,4
151004153,Akhil Bhat,MECH,8.62,8
651191746,Rahul Verma,AIDS,7.16,2
670174072,Janani Nair,CSBS,6.62,4
922120778,Chaitanya Sharma,CSE,6.94,5
255121056,Akhil Menon,IT,7.44,1
454753014,Kavya Naidu,AIDS,7.54,2
420624609,Vignesh Singh,AIDS,8.80,8
381083822,Akhil Iyer,MECH,7.97,1
210395213,Yamini Singh,CSE,6.73,5
581498958,Niharika Sharma,MECH,8.64,8
477138532,Vignesh Bhat,IT,7.60,3
520000640,Rithanya Chowdhury,MECH,9.05,7
746369935,Sanjay Iyer,CIVIL,8.63,8
477651378,Sanjay Kumar,ECE,7.07,5
951615008,Ananya Chowdhury,EEE,8.22,4
104109477,Madhav Bhat,CSBS,9.07,7
373186980,Akhil Chowdhury,AIDS,8.29,3
269897374,Gautam Singh,CSBS,7.79,8
606513096,Harini Chowdhury,EEE,8.00,3
734930345,Sneha Singh,MECH,7.41,8
557902256,Gautam Verma,ECE,6.91,4
979427211,Kavya Reddy,EEE,9.34,4
136897082,Kavya Rao,CIVIL,7.50,3
657905911,Aditi Bhat,EEE,8.66,5
592871643,Pooja Menon,ECE,7.09,8
580561167,Harini Pillai,CSE,7.53,4
402293772,Niharika Kumar,CSE,6.71,7
525343797,Rahul Sharma,AIDS,8.99,3
201766080,Divya Patel,ECE,7.64,8
547157715,Pranav Rao,CIVIL,7.50,3
393145487,Deepak Gupta,EEE,8.84,7
194166112,Meera Iyer,CSBS,9.18,5
233104605,Rithanya Chowdhury,ECE,8.52,2
782635339,Sneha Iyer,ECE,9.71,2
986059338,Gautam Rao,MECH,8.48,2
843852462,Rahul Sharma,MECH,7.36,7
897469904,Rithanya Bhat,ECE,9.09,5
855249570,Aditi Singh,EEE,7.91,8
588576270,Naveen Bhat,CSBS,8.47,1
859340957,Niharika Menon,CSBS,9.37,1
126096184,Meera Kumar,ECE,6.74,4
660879880,Niharika Chowdhury,EEE,9.81,8
240153861,Varun Gupta,IT,8.96,1
387485873,Akhil Kumar,MECH,9.00,5
807669472,Madhav Gupta,CSBS,8.45,5
876499100,Deepak Chowdhury,CSBS,8.18,5
338449049,Pooja Sharma,CSBS,7.50,5
353935621,Ishaan Reddy,MECH,7.68,2
755528620,Varun Pillai,MECH,7.84,3
845819805,Divya Rao,CSE,9.22,1
667860502,Sanjay Iyer,ECE,9.62,5
606220789,Pooja Naidu,MECH,8.96,1
499699453,Aditi Naidu,IT,7.84,4
929077401,Chaitanya Iyer,IT,9.65,2
141076620,Tarun Verma,MECH,7.41,3
850324695,Pooja Menon,IT,6.79,8
200307468,Vignesh Naidu,CSBS,7.71,7
748988863,Rithanya Rao,IT,8.48,8
106573082,Vignesh Chowdhury,EEE,8.35,4
393017888,Aarav Verma,ECE,8.54,7
991706779,Yamini Pillai,ECE,8.78,8
227060100,Chaitanya Chowdhury,IT,9.71,3
772322264,Madhav Sharma,AIDS,8.32,8
249876194,Rithanya Gupta,IT,9.02,7
350122773,Tarun Pillai,EEE,8.92,7
487590332,Harini Rao,CIVIL,8.36,8
984660883,Sanjay Nair,IT,8.46,2
629575096,Ananya Pillai,ECE,7.73,3
831409947,Pranav Gupta,CSBS,9.50,4
950191904,Harini Nair,CIVIL,8.09,5
206076349,Meera Bhat,EEE,6.55,2
719727717,Ishaan Bhat,IT,7.66,6
478680083,Tarun Naidu,AIDS,6.54,4
554853998,Harini Nair,IT,9.89,4
927083448,Deepak Iyer,CSBS,9.42,7
446746114,Vignesh Naidu,CSE,9.04,3
111847124,Ishaan Nair,IT,7.28,5
756303652,Sneha Reddy,CIVIL,7.83,5
228894570,Bhavya Iyer,MECH,9.32,8
839417241,Karthik Singh,IT,7.51,2
445917671,Naveen Iyer,CIVIL,9.25,8
487874921,Divya Pillai,EEE,7.31,4
257340103,Niharika Nair,IT,9.23,4
288155962,Deepak Bhat,EEE,8.80,4
530076090,Pranav Sharma,CSBS,9.78,8
122042041,Karthik Patel,AIDS,9.38,1
567339003,Gautam Pillai,AIDS,6.88,7
322312902,Rahul Rao,AIDS,7.40,3
650800850,Aditi Rao,CSE,8.78,7
848439746,Divya Menon,AIDS,7.21,8
363493565,Akhil Verma,AIDS,7.07,3
196769833,Kavya Chowdhury,AIDS,8.04,1
690922498,Pooja Menon,CIVIL,9.70,1
653941182,Karthik Kumar,CSE,6.82,1
168568384,Madhav Nair,AIDS,7.74,4
800757040,Aarav Singh,AIDS,7.44,1
240782787,Chaitanya Sharma,MECH,8.16,2
291954972,Bhavya Gupta,CSBS,7.84,8
404261046,Harini Naidu,CSBS,7.85,5
490480230,Naveen Menon,CIVIL,9.51,7
153665106,Sanjay Kumar,IT,7.50,2
766782028,Deepak Chowdhury,EEE,9.71,3
414595860,Chaitanya Verma,ECE,9.44,3
632472790,Janani Naidu,AIDS,6.69,7
862884013,Meera Bhat,AIDS,7.16,6
855528166,Tarun Nair,MECH,7.47,5
935996579,Harini Reddy,ECE,9.44,7
425914123,Varun Patel,CIVIL,7.00,6
195619045,Deepak Rao,EEE,9.45,6
225994976,Rahul Nair,EEE,6.52,4
843600371,Ananya Reddy,AIDS,8.80,5
271340503,Vignesh Kumar,CSE,8.80,5
331533392,Niharika Patel,MECH,9.53,1
757112253,Meera Menon,CSBS,6.89,2
691430782,Divya Nair,CSE,7.78,7
640959793,Niharika Kumar,IT,9.60,1
178709843,Varun Iyer,CSBS,7.98,3
464046468,Sneha Patel,CSBS,6.90,8
729069417,Ishaan Nair,ECE,9.33,3
261407252,Sneha Sharma,CSE,9.18,7
447493743,Vignesh Patel,CSE,6.83,6
915298254,Pooja Gupta,CSE,8.49,6
332298300,Sneha Chowdhury,CIVIL,8.96,6
280904240,Meera Sharma,IT,8.20,7
109226329,Rahul Singh,ECE,8.79,4
703496726,Yamini Chowdhury,AIDS,8.09,1
606761518,Rahul Bhat,CSE,8.98,6
626064942,Naveen Menon,IT,9.28,4
445398537,Janani Bhat,CSBS,6.81,5
372043328,Sneha Sharma,CSBS,7.12,1
196266242,Karthik Menon,CSE,7.04,2
993411203,Yamini Kumar,AIDS,9.16,2
974391272,Tarun Sharma,EEE,9.40,3
169138850,Akhil Naidu,ECE,6.95,4
728243622,Deepak Pillai,ECE,7.83,5
223521676,Harini Kumar,CIVIL,9.11,8
887232095,Janani Sharma,AIDS,9.18,2
711855443,Niharika Kumar,CIVIL,7.17,6
487121102,Ishaan Rao,AIDS,7.28,4
192053342,Madhav Sharma,CIVIL,9.18,5
358403741,Akhil Bhat,IT,6.85,1
888437292,Harini Bhat,EEE,6.98,8
510409808,Kavya Patel,CSE,9.27,3
319710194,Karthik Kumar,CSE,9.28,3
232178842,Ananya Kumar,ECE,7.39,8
575949006,Aditi Gupta,CSBS,7.62,2
121173533,Madhav Patel,AIDS,6.90,3
620776300,Ishaan Iyer,IT,9.59,7
709643805,Aarav Nair,CSBS,8.41,2
714533814,Janani Verma,CIVIL,7.64,6
440822951,Rithanya Rao,MECH,8.74,3
570042720,Ishaan Nair,AIDS,7.04,2
595862460,Ishaan Menon,AIDS,6.55,3
310038635,Deepak Nair,CSBS,8.53,6
853972493,Naveen Patel,MECH,6.56,1
181817702,Meera Verma,ECE,9.61,7
324981164,Kavya Gupta,AIDS,8.81,4
532677502,Ishaan Iyer,AIDS,8.06,8
413272086,Tarun Naidu,EEE,8.34,8
515805398,Bhavya Kumar,ECE,7.33,1
608320662,Harini Patel,ECE,9.06,8
942945625,Gautam Gupta,ECE,6.94,7
588045293,Vignesh Sharma,MECH,7.79,3
719498764,Meera Rao,CIVIL,7.55,6
807417898,Ananya Reddy,IT,7.21,1
857272136,Kavya Iyer,CIVIL,9.63,2
410963071,Aarav Patel,AIDS,8.04,5
575295402,Varun Rao,CIVIL,8.61,1
678197330,Chaitanya Chowdhury,CSE,8.04,7
677938434,Yamini Sharma,MECH,9.14,5
506512964,Rithanya Verma,AIDS,8.61,8
925165547,Deepak Gupta,CSE,7.38,5
637176860,Madhav Kumar,EEE,8.05,2
938876345,Meera Iyer,EEE,8.30,7
378959977,Madhav Iyer,CIVIL,6.67,1
580924584,Divya Chowdhury,MECH,8.63,8
456562285,Pranav Nair,MECH,6.93,3
119063591,Deepak Iyer,CSE,8.02,6
537799956,Tarun Naidu,CSE,8.06,6
294944082,Harini Iyer,AIDS,9.45,4
660891102,Akhil Pillai,CSBS,7.96,8
485023796,Karthik Kumar,CSBS,8.25,6
847132591,Chaitanya Chowdhury,EEE,8.71,4
177640553,Akhil Bhat,CSBS,6.56,5
757372946,Ananya Iyer,AIDS,7.87,3
961040590,Pooja Iyer,CIVIL,7.38,2
892622096,Pooja Reddy,CSBS,8.65,7
615691921,Chaitanya Iyer,CSE,6.53,5
764843504,Tarun Nair,CSE,8.88,5
254475129,Aditi Naidu,EEE,8.93,3
930000399,Pooja Kumar,CIVIL,7.00,8
122598936,Tarun Kumar,EEE,7.30,8
399537625,Sneha Verma,ECE,8.01,6
482911029,Chaitanya Verma,IT,9.04,3
608577276,Meera Bhat,CSBS,8.87,4
706143822,Varun Menon,CSBS,8.01,6
756810310,Varun Rao,CSE,7.28,7
273856582,Kavya Chowdhury,CSE,8.59,1
377258477,Deepak Menon,ECE,7.31,3
180269179,Divya Patel,MECH,8.87,5
385668571,Chaitanya Bhat,IT,9.44,2
467856987,Ishaan Verma,AIDS,8.08,2
609655540,Pranav Rao,ECE,8.65,8
228253012,Madhav Nair,AIDS,9.63,4
492313747,Vignesh Sharma,IT,8.64,8
558631584,Niharika Nair,CIVIL,6.74,2
843723246,Yamini Gupta,AIDS,7.69,2
425107646,Karthik Nair,EEE,9.10,5
181195079,Gautam Sharma,MECH,8.62,6
723017577,Kavya Nair,AIDS,9.67,1
478870225,Chaitanya Chowdhury,ECE,8.49,8
902468748,Pooja Kumar,MECH,9.03,5
726174635,Sneha Naidu,EEE,9.51,5
333340517,Ananya Sharma,ECE,8.69,7
984276904,Ishaan Gupta,IT,8.36,7
227282986,Rithanya Pillai,MECH,6.89,8
646083480,Naveen Sharma,CIVIL,8.96,1
202671581,Karthik Reddy,IT,8.30,5
363083135,Ishaan Reddy,CIVIL,6.95,1
119338058,Rithanya Menon,CSE,8.51,7
797766081,Vignesh Iyer,IT,8.07,2
135668459,Tarun Bhat,MECH,7.75,4
187840309,Divya Verma,MECH,9.01,7
266225709,Varun Patel,CSE,7.02,2
465175038,Yamini Naidu,ECE,7.24,4
320796197,Madhav Reddy,AIDS,6.61,2
741012701,Rithanya Sharma,MECH,8.84,7
748186000,Pooja Chowdhury,MECH,8.27,3
102499386,Gautam Singh,CIVIL,9.00,2
158132792,Madhav Kumar,CSE,9.66,5
501151057,Vignesh Kumar,AIDS,7.44,6
321052951,Divya Bhat,ECE,7.03,6
155981526,Chaitanya Kumar,EEE,7.95,4
136316990,Pooja Gupta,CSE,6.84,5
460372888,Meera Pillai,CIVIL,9.48,2
639653702,Janani Reddy,EEE,8.50,6
174985634,Gautam Nair,CIVIL,7.36,5
468467495,Aarav Singh,ECE,8.72,5
607570674,Varun Menon,ECE,9.21,7
201636001,Akhil Sharma,ECE,7.87,7
941888429,Yamini Singh,CIVIL,9.55,4
290465438,Gautam Rao,MECH,8.48,3
237124585,Ishaan Gupta,IT,7.12,1
803390520,Meera Rao,CSE,8.27,6
279244459,Rahul Menon,CIVIL,9.00,5
295452599,Ishaan Kumar,CIVIL,7.93,2
567989767,Chaitanya Rao,EEE,7.73,1
505561901,Tarun Patel,CIVIL,9.66,3
924489171,Pooja Iyer,AIDS,9.51,8
674532189,Aarav Sharma,AIDS,7.34,5
290749444,Janani Sharma,CSBS,9.67,6
504781570,Naveen Menon,EEE,7.34,2
351549001,Kavya Rao,CIVIL,9.28,7
635747687,Gautam Gupta,CSE,7.71,7
529329363,Karthik Pillai,AIDS,8.40,6
830529294,Tarun Kumar,ECE,8.53,1
958969892,Aditi Nair,IT,7.06,6
299674478,Ananya Singh,ECE,9.20,7
141620210,Deepak Menon,IT,7.68,2
551984689,Tarun Sharma,ECE,7.23,5
492051337,Akhil Singh,CSBS,6.78,8
990398982,Rithanya Patel,IT,8.19,2
758793956,Ishaan Naidu,MECH,9.09,7
694996248,Pooja Gupta,CSBS,8.57,4
523002559,Harini Nair,EEE,6.61,4
270972639,Tarun Singh,CIVIL,9.88,7
878091387,Ishaan Verma,ECE,7.63,6
305831471,Naveen Kumar,AIDS,8.89,1
453043435,Sneha Iyer,MECH,9.11,2
537300680,Pooja Sharma,IT,9.20,1
687915589,Vignesh Bhat,CSBS,9.76,1
320510571,Harini Gupta,IT,9.61,3
155765712,Naveen Pillai,CSE,8.12,6
297451132,Rithanya Kumar,IT,8.31,5
300158519,Rithanya Naidu,EEE,9.47,8
149721067,Aditi Chowdhury,EEE,7.00,3
438104719,Chaitanya Sharma,MECH,7.36,3
376725771,Naveen Gupta,EEE,8.03,5
141617246,Naveen Naidu,CSBS,7.40,4
760890534,Rahul Gupta,EEE,9.31,4
805764563,Sneha Pillai,CSBS,8.81,3
359798048,Aditi Singh,CSBS,7.06,3
737195087,Bhavya Chowdhury,ECE,7.70,5
881601453,Yamini Singh,AIDS,7.98,8
786485766,Vignesh Patel,MECH,9.69,2
688294593,Aditi Bhat,MECH,7.29,7
187891438,Divya Kumar,MECH,8.50,3
275666504,Karthik Menon,IT,8.14,4
987164915,Sanjay Iyer,IT,9.43,1
973228228,Chaitanya Sharma,CIVIL,8.97,6
414637332,Deepak Iyer,CSBS,7.87,8
572418150,Rahul Nair,EEE,9.48,8
267155372,Sanjay Menon,CSE,6.59,5
965743759,Pooja Singh,CIVIL,9.74,6
547100407,Divya Nair,AIDS,8.93,1
980036954,Sanjay Sharma,MECH,9.80,3
938489053,Vignesh Chowdhury,CSBS,7.08,3
224800718,Sanjay Rao,EEE,7.76,8
919510756,Sneha Gupta,ECE,9.04,4
181831704,Yamini Pillai,CSBS,8.54,4
273053339,Tarun Verma,AIDS,8.84,3
681864439,Ananya Pillai,MECH,9.30,3
504138630,Pranav Pillai,CSBS,6.97,6
653064027,Harini Gupta,AIDS,7.50,8
213657406,Bhavya Patel,MECH,6.83,6
249099896,Ishaan Rao,CSBS,9.37,3
295183969,Deepak Rao,CSBS,9.37,3
811358104,Meera Reddy,IT,7.33,1
147514953,Ananya Bhat,IT,9.74,5
846391008,Naveen Kumar,MECH,9.20,3
465060189,Gautam Kumar,IT,7.68,5
532156458,Gautam Reddy,CSBS,7.25,3
963130188,Gautam Menon,CSE,7.72,4
804061001,Janani Chowdhury,ECE,8.30,4
273984610,Rithanya Patel,EEE,6.79,2
745581874,Karthik Menon,MECH,8.65,8
422605116,Niharika Singh,EEE,7.84,6
860786893,Aditi Bhat,ECE,7.85,7
332443289,Ishaan Gupta,EEE,8.25,6
352078355,Sneha Nair,IT,7.30,5
600493877,Rithanya Nair,CSBS,9.66,4
621308598,Madhav Singh,CSBS,9.70,6
779142635,Naveen Verma,ECE,7.16,8
688403505,Naveen Gupta,IT,8.86,1
948492987,Deepak Nair,AIDS,8.05,3
994842236,Rahul Naidu,EEE,8.66,2
680983541,Ananya Nair,CIVIL,7.65,8
716504522,Pooja Reddy,CSE,8.06,5
223250404,Deepak Pillai,EEE,8.64,5
619885686,Tarun Sharma,AIDS,6.52,8
827491768,Yamini Sharma,IT,8.73,6
400992859,Naveen Reddy,MECH,8.24,7
312369360,Aarav Patel,CSBS,7.42,5
360222618,Gautam Sharma,CSBS,9.78,8
276833420,Divya Rao,CIVIL,8.09,4
280165851,Aditi Patel,EEE,7.51,6
524178737,Varun Patel,ECE,7.07,1
817533044,Pooja Patel,CIVIL,9.00,2
208719456,Akhil Naidu,ECE,6.65,2
933136177,Ishaan Verma,EEE,6.53,5
250121591,Vignesh Naidu,IT,8.47,5
335854152,Sanjay Reddy,ECE,7.44,8
423121428,Pooja Iyer,AIDS,6.98,3
962072253,Divya Rao,EEE,8.01,1
858534679,Yamini Pillai,IT,7.21,5
282913823,Ananya Pillai,CSBS,9.48,2
945033765,Sneha Naidu,IT,7.96,7
558540805,Karthik Gupta,CSBS,9.86,8
726964944,Deepak Verma,CIVIL,8.35,3
882772601,Bhavya Pillai,CSE,7.68,7
955541851,Kavya Reddy,AIDS,8.45,6
862647077,Niharika Iyer,IT,7.57,4
454093769,Meera Menon,IT,8.69,8
180143362,Sneha Singh,CIVIL,6.68,6
124011015,Niharika Gupta,CIVIL,6.98,2
449334548,Ishaan Kumar,AIDS,6.71,8
774280625,Pranav Kumar,ECE,8.01,7
570217816,Madhav Naidu,ECE,6.89,2
475984095,Ishaan Sharma,AIDS,9.33,3
112352825,Tarun Bhat,MECH,6.53,6
387489202,Akhil Verma,CSBS,6.99,8
862888518,Naveen Menon,EEE,8.45,8
296393167,Divya Iyer,AIDS,8.29,7
659324222,Gautam Reddy,MECH,9.18,3
365976327,Pranav Rao,CSBS,7.36,2
150250743,Rahul Chowdhury,CIVIL,8.79,6
851366522,Tarun Nair,MECH,8.02,2
704388836,Deepak Kumar,MECH,9.63,3
889082580,Naveen Verma,MECH,7.27,1
893416455,Rahul Verma,CSE,9.24,8
367671924,Aarav Singh,AIDS,6.63,1
340798066,Aditi Rao,EEE,9.19,4
707057248,Karthik Singh,IT,8.19,7
521840763,Kavya Menon,AIDS,8.98,5
223147400,Madhav Iyer,CSE,9.09,4
100326177,Karthik Menon,CSE,8.44,4
174852884,Chaitanya Chowdhury,CIVIL,8.85,4
153751251,Ishaan Gupta,CIVIL,7.34,7
932582325,Chaitanya Reddy,CSBS,9.01,7
546220491,Janani Iyer,IT,9.80,5
543170985,Pooja Bhat,ECE,6.60,7
504641836,Aditi Singh,IT,6.92,6
626571531,Naveen Singh,AIDS,6.85,4
823952158,Pooja Iyer,AIDS,6.56,8
705751924,Aarav Singh,CSE,8.13,8
249197276,Bhavya Pillai,MECH,7.92,5
634673089,Akhil Rao,CIVIL,8.86,8
156923433,Meera Menon,ECE,8.13,5
899422984,Aditi Naidu,ECE,6.61,1
454090896,Sanjay Chowdhury,ECE,6.79,1
866651049,Vignesh Nair,CIVIL,7.58,8
280952423,Ananya Gupta,CIVIL,8.08,7
655099945,Bhavya Rao,EEE,8.79,3
868277071,Deepak Iyer,AIDS,9.88,3
145231876,Gautam Nair,ECE,7.16,8
243440584,Aditi Kumar,MECH,8.80,2
882926020,Rithanya Reddy,AIDS,9.50,7
608370556,Sneha Singh,CSE,8.38,2
319296029,Akhil Rao,IT,8.15,1
986228651,Naveen Iyer,CSBS,7.31,8
961684154,Bhavya Rao,CSBS,6.87,3
915705925,Harini Menon,CSBS,6.88,1
568247730,Naveen Rao,MECH,6.64,8
826983682,Bhavya Naidu,EEE,6.53,3
888987233,Vignesh Bhat,EEE,6.88,8
624740739,Madhav Verma,IT,9.69,7
708237016,Sanjay Iyer,AIDS,9.74,3
700712447,Niharika Singh,CIVIL,7.13,1
377283566,Bhavya Rao,CSE,8.63,4
475303951,Gautam Patel,EEE,8.87,3
813867724,Bhavya Sharma,MECH,8.65,6
243976957,Janani Kumar,CSBS,7.01,4
669269393,Tarun Nair,CSE,7.13,6
380669913,Rahul Reddy,CSE,7.62,4
605421924,Sanjay Iyer,MECH,7.60,3
411997960,Ananya Verma,CSBS,9.82,5
124698873,Yamini Rao,ECE,7.80,5
704571813,Naveen Iyer,AIDS,7.51,5
520499989,Ishaan Gupta,ECE,8.27,7
397953545,Aditi Bhat,AIDS,9.19,4
922006057,Vignesh Patel,IT,7.32,5
681096601,Yamini Nair,CSE,6.71,1
302967353,Aarav Naidu,EEE,6.64,1
980189168,Deepak Pillai,CSE,9.09,2
638211139,Deepak Bhat,CSE,8.02,1
718953693,Bhavya Kumar,AIDS,7.22,7
989502194,Naveen Singh,EEE,7.56,6
526965059,Gautam Iyer,MECH,9.84,8
780015256,Pranav Naidu,CSBS,6.80,3
752520692,Pooja Iyer,CSBS,6.92,5
270688510,Ishaan Kumar,CIVIL,8.32,8
911514109,Chaitanya Menon,EEE,7.25,4
107884777,Bhavya Patel,IT,8.98,8
410148380,Janani Iyer,MECH,8.80,3
374511326,Ananya Naidu,CSE,9.44,1
128219045,Harini Sharma,CIVIL,9.58,6
142915041,Karthik Iyer,AIDS,9.06,6
934190544,Sanjay Menon,EEE,9.19,3
701676405,Harini Chowdhury,IT,6.64,5
301089101,Ishaan Verma,AIDS,7.49,5
687657642,Rithanya Iyer,CIVIL,8.10,2
257698075,Karthik Naidu,EEE,7.01,3
767439039,Rahul Iyer,EEE,9.76,6
436472401,Pooja Chowdhury,IT,7.92,6
284591469,Vignesh Rao,AIDS,7.94,5
349615611,Ananya Iyer,EEE,9.33,6
101898992,Vignesh Naidu,CSE,7.13,3
260618148,Kavya Singh,ECE,8.42,1
966416907,Rahul Patel,CSBS,8.96,1
556307157,Vignesh Iyer,EEE,6.52,7
252070482,Deepak Reddy,MECH,7.65,4
206848485,Rahul Reddy,CIVIL,9.31,3
470946191,Tarun Rao,IT,7.74,3
978502992,Janani Singh,ECE,7.58,4
695098638,Bhavya Sharma,EEE,9.54,8
184973192,Ananya Iyer,CIVIL,8.18,6
853286160,Harini Rao,CIVIL,9.15,8
606108142,Pooja Patel,MECH,6.68,3
835246953,Harini Patel,EEE,9.53,4
641251423,Ananya Menon,EEE,6.51,5
463532494,Bhavya Sharma,EEE,7.41,6
441098203,Akhil Gupta,IT,7.34,7
712046111,Harini Iyer,EEE,7.49,7
877684939,Kavya Naidu,MECH,6.60,2
558390304,Ananya Bhat,MECH,6.96,3
235593708,Tarun Chowdhury,AIDS,8.72,7
390998764,Akhil Iyer,EEE,7.10,5
411968883,Tarun Rao,ECE,7.88,4
723276637,Naveen Chowdhury,AIDS,9.39,3
705460969,Ananya Nair,IT,7.50,8
194427081,Bhavya Nair,AIDS,7.04,7
805192282,Tarun Patel,CSE,6.59,8
196752833,Chaitanya Sharma,IT,9.00,7
541612199,Rithanya Gupta,IT,7.14,2
231927159,Varun Pillai,CSE,9.68,5
408164220,Madhav Kumar,CIVIL,9.28,6
662476724,Ishaan Sharma,CSBS,9.27,8
752933660,Chaitanya Menon,CSE,9.58,7
916513529,Ishaan Kumar,IT,9.53,7
209893055,Aarav Rao,CSE,9.05,8
892381480,Rithanya Sharma,CSBS,9.61,7
297312049,Ishaan Kumar,MECH,8.74,7
201629973,Kavya Nair,CSBS,6.53,3
502958574,Divya Chowdhury,AIDS,7.26,5
630237328,Bhavya Verma,IT,7.72,2
647788461,Pranav Verma,EEE,7.94,6
500338544,Sanjay Kumar,MECH,8.17,4
925114289,Rithanya Sharma,EEE,7.57,6
313927515,Karthik Naidu,AIDS,8.31,2
899943420,Ananya Gupta,EEE,9.63,1
115475450,Deepak Reddy,EEE,9.09,5
957648661,Pranav Pillai,AIDS,8.74,1
849238059,Sanjay Chowdhury,IT,6.97,1
754897962,Akhil Reddy,CSE,8.17,1
361796609,Sanjay Bhat,CSBS,8.60,3
723438633,Meera Bhat,IT,6.89,2
262801023,Madhav Chowdhury,ECE,8.41,2
191913604,Bhavya Naidu,CIVIL,7.40,2
812156640,Madhav Bhat,ECE,6.69,4
967460202,Madhav Nair,AIDS,8.45,4
340531594,Pooja Patel,EEE,9.03,8
594727958,Rahul Verma,ECE,6.77,5
596809739,Sneha Kumar,IT,9.71,3
926817207,Rahul Menon,AIDS,9.87,2
922659638,Deepak Reddy,IT,8.56,2
814792727,Vignesh Patel,CSE,9.86,6
200550207,Varun Patel,ECE,6.73,5
581739106,Naveen Patel,IT,7.69,4
675468813,Janani Patel,CIVIL,9.56,3
896035252,Madhav Patel,EEE,7.41,7
214487886,Niharika Bhat,IT,7.49,8
204484809,Harini Verma,EEE,7.92,6
709809322,Kavya Sharma,EEE,7.01,1
402296000,Sanjay Singh,CSE,6.66,4
222200004,Varun Naidu,CSE,9.38,2
270425459,Ishaan Pillai,EEE,7.78,2
843483896,Sneha Kumar,CSE,6.78,2
329034053,Pranav Sharma,MECH,9.16,4
794721129,Gautam Menon,CSBS,9.03,8
337953056,Gautam Singh,IT,6.69,1
238338672,Janani Nair,EEE,9.33,1
839291110,Divya Patel,AIDS,9.16,6
417989777,Kavya Pillai,CIVIL,9.46,5
713599434,Rithanya Sharma,AIDS,7.98,8
989900932,Meera Rao,EEE,9.01,8
856565388,Deepak Patel,EEE,6.69,4
263741162,Divya Nair,MECH,8.66,2
434957029,Gautam Rao,IT,6.88,2
211558914,Bhavya Singh,CSBS,6.93,5
685955833,Deepak Naidu,CSE,8.85,2
722771279,Vignesh Naidu,CSE,6.71,8
678318777,Vignesh Menon,AIDS,9.90,1
356131137,Sneha Bhat,MECH,8.18,7
655761397,Yamini Sharma,IT,8.99,6
118367029,Varun Gupta,EEE,8.71,7
956337420,Tarun Kumar,CSE,8.40,3
361821311,Aarav Gupta,AIDS,7.59,4
972316286,Pranav Menon,CSBS,7.64,1
747557204,Vignesh Pillai,IT,7.11,3
359957322,Aditi Gupta,IT,9.89,8
677434994,Sneha Menon,AIDS,7.46,2
535341250,Tarun Sharma,IT,7.97,6
856835712,Aarav Gupta,IT,9.35,2
674412719,Harini Reddy,CIVIL,6.91,1
385104363,Divya Nair,CSE,9.10,2
871648463,Varun Singh,AIDS,7.98,1
178658765,Meera Sharma,EEE,6.79,2
248042840,Yamini Pillai,EEE,7.31,5
661818500,Bhavya Singh,CSBS,8.68,1
615658610,Chaitanya Pillai,CSBS,6.62,2
346965671,Akhil Rao,CIVIL,6.55,5
521982211,Tarun Menon,MECH,7.84,7
156922301,Aditi Pillai,IT,9.02,7
798921131,Harini Sharma,CIVIL,9.26,7
948861675,Harini Reddy,ECE,8.39,7
986602401,Meera Gupta,CSBS,6.63,6
365078305,Chaitanya Nair,MECH,8.13,2
139385085,Akhil Iyer,AIDS,8.47,7
957149433,Meera Reddy,ECE,7.84,3
814483170,Vignesh Gupta,MECH,7.88,3
702825887,Vignesh Patel,CSBS,7.05,1
294291793,Pooja Verma,CSE,7.37,1
226509855,Karthik Kumar,ECE,7.12,6
556937382,Divya Singh,ECE,6.92,6
921367579,Rithanya Verma,EEE,6.62,1
806795314,Vignesh Rao,MECH,8.33,5
261253092,Naveen Rao,CIVIL,9.88,3
637407720,Divya Kumar,MECH,8.19,4
105833421,Gautam Verma,IT,7.18,2
630368186,Sanjay Iyer,CSE,7.99,6
691315982,Bhavya Iyer,CIVIL,9.29,3
339612535,Varun Iyer,CSBS,9.37,7
730520425,Ishaan Naidu,CSE,8.23,5
219807895,Deepak Singh,CSBS,8.83,6
616999696,Pooja Reddy,CSBS,7.23,4
144214103,Aarav Iyer,CSBS,7.60,6
596518803,Chaitanya Pillai,MECH,9.39,8
464294578,Kavya Singh,CSBS,6.89,7
573619848,Niharika Verma,ECE,9.73,7
252581931,Bhavya Chowdhury,CSE,8.01,3
618812240,Tarun Nair,MECH,6.74,6
178835394,Bhavya Singh,MECH,8.43,6
279971356,Janani Rao,AIDS,7.11,1
708080520,Aditi Pillai,IT,7.52,2
595067869,Aditi Reddy,EEE,7.92,4
142007595,Kavya Sharma,IT,9.05,7
652087572,Aditi Gupta,MECH,8.68,5
103559205,Aarav Menon,IT,9.12,2
739950792,Varun Iyer,CSBS,8.07,4
800250139,Chaitanya Verma,ECE,9.77,1
325375874,Rahul Naidu,CSBS,8.28,7
540820054,Karthik Chowdhury,CIVIL,7.78,1
375553982,Varun Pillai,CSBS,8.34,7
606261573,Deepak Menon,IT,8.09,1
728149370,Varun Menon,AIDS,9.89,2
429293104,Sanjay Patel,AIDS,7.60,4
955817474,Rithanya Chowdhury,CSBS,8.38,1
150102304,Aarav Reddy,CSBS,8.29,4
564591276,Divya Nair,CIVIL,7.64,2
653288513,Deepak Bhat,CSE,6.52,1
945618480,Ananya Singh,CIVIL,7.51,4
938510277,Sanjay Naidu,CSE,8.67,2
590626455,Rahul Kumar,IT,9.32,3
424829071,Ishaan Chowdhury,CIVIL,7.02,8
393358097,Yamini Singh,IT,9.51,8
885700190,Naveen Reddy,CSBS,8.53,6
469537398,Gautam Gupta,ECE,9.51,5
271621234,Pranav Gupta,EEE,9.05,2
804304122,Bhavya Pillai,CIVIL,8.41,2
831712347,Divya Nair,EEE,9.16,4
556323462,Varun Reddy,EEE,9.87,2
205933825,Aarav Reddy,CSBS,7.33,5
296939205,Pranav Gupta,AIDS,7.62,4
518568972,Naveen Nair,MECH,7.53,1
731918305,Pranav Verma,CIVIL,7.08,1
983607458,Ishaan Chowdhury,EEE,9.13,2
621838911,Karthik Naidu,MECH,7.79,4
562357802,Deepak Verma,CIVIL,7.04,1
530490972,Ananya Naidu,AIDS,9.02,6
730383166,Deepak Nair,ECE,7.53,8
571791509,Niharika Verma,IT,8.32,2
222321289,Ishaan Singh,CSBS,6.82,3
203448591,Naveen Nair,EEE,6.81,3
572683293,Sneha Rao,CIVIL,9.17,8
312273114,Varun Bhat,MECH,7.40,2
205959125,Deepak Nair,EEE,8.45,7
429958081,Varun Patel,MECH,7.77,2
655000624,Niharika Bhat,AIDS,7.13,1
995002349,Tarun Naidu,ECE,8.17,5
759090786,Janani Patel,CIVIL,7.59,4
589701482,Yamini Sharma,CIVIL,7.34,6
917804138,Divya Patel,CIVIL,9.73,3
205303704,Pooja Iyer,CSE,8.42,5
457727572,Akhil Reddy,AIDS,9.49,3
978855013,Niharika Bhat,CSBS,9.51,4
200980092,Janani Menon,CSBS,7.95,5
163710392,Tarun Singh,IT,8.69,2
715157276,Yamini Gupta,MECH,8.92,3
403627206,Ananya Rao,CSE,7.11,6
950567973,Karthik Singh,AIDS,9.59,2
229173358,Kavya Reddy,CSBS,9.72,4
971148457,Tarun Iyer,CSBS,8.10,1
807422429,Harini Patel,IT,8.15,5
371764360,Divya Verma,MECH,6.74,5
596560822,Aarav Menon,CSBS,7.79,5
735483118,Meera Kumar,CSBS,7.24,6
958848217,Tarun Menon,MECH,7.26,4
677400448,Tarun Patel,CSE,8.75,1
784083173,Madhav Singh,MECH,9.20,4
146975852,Yamini Reddy,CIVIL,9.60,8
126888462,Sanjay Sharma,IT,9.50,2
324942206,Ishaan Patel,EEE,7.28,6
343170456,Rahul Rao,CSE,8.02,6
201642286,Divya Naidu,ECE,9.55,8
416346156,Sneha Pillai,MECH,8.03,2
493241662,Niharika Reddy,CSE,9.85,3
353540712,Yamini Pillai,CSBS,8.12,5
414087699,Ananya Naidu,ECE,6.72,8
122170742,Ishaan Kumar,CSE,8.03,1
764833466,Gautam Iyer,CSBS,7.69,7
301248416,Janani Naidu,EEE,6.52,5
586342094,Deepak Verma,MECH,7.04,6
683673163,Rahul Kumar,ECE,7.19,8
919514428,Ananya Pillai,CSBS,8.65,8
657863222,Pranav Verma,CSE,7.18,8
452208747,Rahul Nair,MECH,8.27,6
299291419,Deepak Pillai,ECE,9.17,5
902984626,Deepak Pillai,CSE,9.01,4
975232468,Aarav Iyer,MECH,7.27,7
709527112,Deepak Gupta,EEE,9.07,5
730656570,Kavya Iyer,MECH,7.98,5
903271535,Karthik Rao,EEE,8.75,1
204379109,Akhil Bhat,IT,8.20,2
758934768,Varun Patel,EEE,7.83,5
215266458,Bhavya Pillai,AIDS,8.72,5
546870597,Chaitanya Sharma,ECE,7.25,3
161219556,Madhav Iyer,EEE,7.82,8
900895939,Karthik Rao,CIVIL,6.83,3
413591981,Vignesh Chowdhury,CIVIL,7.93,8
370288477,Tarun Rao,EEE,8.31,2
744897985,Chaitanya Bhat,CSE,6.84,2
393499282,Varun Bhat,CSE,6.83,2
130871495,Pooja Sharma,AIDS,9.89,2
101766428,Madhav Menon,CIVIL,6.76,1
520638372,Deepak Menon,ECE,9.39,2
277125286,Sanjay Singh,ECE,9.18,8
859197293,Chaitanya Nair,IT,6.90,1
467970255,Yamini Reddy,CSBS,9.26,2
279242844,Naveen Menon,MECH,8.21,7
197668135,Vignesh Bhat,CSBS,8.70,2
953694505,Varun Gupta,MECH,8.30,2
407015829,Bhavya Kumar,CIVIL,8.32,4
727986048,Kavya Naidu,ECE,7.49,3
261110634,Bhavya Nair,MECH,9.54,6
202419187,Gautam Iyer,MECH,8.95,3
186016432,Vignesh Singh,IT,7.45,7
572926409,Meera Singh,AIDS,8.08,4
616193141,Varun Singh,CSE,9.60,8
886723137,Janani Bhat,MECH,8.80,6
439931147,Yamini Pillai,ECE,7.74,3
198633125,Rahul Patel,AIDS,9.90,1
421934061,Meera Verma,CIVIL,8.88,4
680012437,Aditi Naidu,CSBS,9.19,8
316862924,Meera Pillai,MECH,7.52,5
550535268,Deepak Verma,MECH,9.44,4
921842328,Tarun Menon,CSE,7.45,4
457209397,Ishaan Rao,ECE,9.20,2
384233485,Deepak Pillai,AIDS,6.54,3
365214517,Karthik Sharma,CSBS,8.26,2
100070174,Divya Kumar,CIVIL,7.92,2
354206548,Tarun Menon,IT,7.13,6
703479939,Vignesh Menon,CSBS,7.90,8
898916255,Rithanya Bhat,CSBS,8.73,3
943333929,Rahul Singh,MECH,7.70,1
184288090,Karthik Menon,CIVIL,7.64,4
173185357,Rithanya Nair,CSBS,7.29,7
160746910,Pooja Singh,CSE,7.05,8
978997472,Sanjay Reddy,AIDS,6.64,4
184862077,Yamini Rao,CSE,9.25,2
136324320,Gautam Iyer,IT,7.62,2
120860571,Rithanya Verma,IT,9.66,1
711255046,Pooja Kumar,IT,7.75,2
757787341,Pranav Menon,CSE,7.55,7
597201677,Ishaan Naidu,AIDS,9.23,2
559954416,Sneha Sharma,ECE,7.77,3
150925991,Aditi Kumar,IT,9.48,4
271084326,Vignesh Gupta,ECE,9.41,3
503891727,Divya Reddy,MECH,7.33,6
758287910,Bhavya Nair,AIDS,8.90,8
400469783,Pooja Patel,EEE,9.10,4
213146060,Kavya Menon,IT,8.69,7
597731347,Pranav Nair,MECH,7.14,4
342935246,Tarun Verma,ECE,7.28,7
615950674,Sanjay Reddy,EEE,9.12,2
855803326,Rahul Naidu,AIDS,6.65,4
561168552,Naveen Naidu,CSE,9.33,6
236360590,Ishaan Menon,CIVIL,9.01,1
653805503,Aditi Menon,AIDS,7.68,6
836928725,Janani Pillai,IT,8.17,1
267008465,Madhav Sharma,CSBS,9.44,2
698221808,Harini Pillai,ECE,6.69,3
456431786,Pooja Iyer,CSE,7.80,4
689326182,Divya Verma,EEE,8.10,4
340921533,Yamini Patel,IT,9.43,4
874170322,Kavya Patel,EEE,8.20,4
813456316,Janani Bhat,CIVIL,7.20,2
272399145,Naveen Chowdhury,EEE,8.14,6
120730957,Sneha Iyer,AIDS,9.10,4
397806567,Kavya Chowdhury,CIVIL,9.06,1
770629252,Deepak Iyer,EEE,9.20,1
777148855,Aditi Sharma,AIDS,7.20,3
491175648,Bhavya Sharma,CSBS,9.90,2
174862111,Niharika Bhat,CSBS,9.10,2
848223734,Sanjay Nair,CIVIL,7.36,7
821329022,Divya Bhat,ECE,9.09,7
556664499,Madhav Gupta,CSE,6.87,8
839922779,Aarav Bhat,EEE,7.15,3
555901607,Janani Nair,CIVIL,6.73,4
447268441,Deepak Menon,CSBS,9.30,3
602572197,Kavya Patel,AIDS,8.51,5
252227539,Niharika Menon,AIDS,8.71,1
945449432,Pranav Patel,IT,7.39,1
743320478,Chaitanya Rao,AIDS,8.34,6
967458447,Aditi Bhat,EEE,9.44,1
519453462,Naveen Nair,MECH,9.79,3
971564118,Akhil Rao,CSBS,7.72,8
417090750,Meera Kumar,EEE,8.38,4
740694631,Karthik Pillai,IT,8.97,4
582678581,Sneha Rao,CIVIL,9.41,2
884922406,Yamini Sharma,EEE,7.19,1
735456529,Meera Singh,AIDS,8.52,2
464801504,Niharika Nair,ECE,9.47,8
397283781,Akhil Bhat,IT,8.27,8
987804204,Harini Patel,CSBS,9.34,1
527754072,Aditi Bhat,EEE,9.33,3
726070507,Sneha Verma,IT,8.61,4
375285868,Tarun Reddy,CSE,8.25,7
760915157,Naveen Sharma,ECE,8.90,3
454336339,Varun Gupta,IT,8.98,4
485771293,Pooja Nair,EEE,8.64,2
800867754,Kavya Gupta,EEE,8.81,1
508051389,Karthik Bhat,CSBS,8.40,3
148792114,Ishaan Bhat,IT,7.89,6
240573607,Pooja Sharma,AIDS,6.61,4
725106465,Yamini Patel,CSBS,6.57,5
222746659,Varun Singh,EEE,7.63,7
731708844,Vignesh Sharma,IT,8.40,5
664588697,Ishaan Pillai,MECH,8.82,7
668365629,Kavya Iyer,CSE,7.63,2
736427363,Tarun Naidu,AIDS,7.59,1
855639628,Gautam Patel,EEE,7.11,5
866169117,Madhav Bhat,CSBS,7.53,2
948974799,Divya Sharma,IT,9.74,1
871107295,Chaitanya Patel,ECE,7.26,5
930359417,Deepak Kumar,IT,7.50,6
290508904,Naveen Rao,MECH,8.69,4
665240884,Deepak Nair,AIDS,6.81,4
600984217,Vignesh Menon,CSBS,7.72,2
828129239,Pranav Bhat,IT,7.52,1
461551712,Naveen Rao,CIVIL,7.07,2
778452637,Harini Rao,IT,8.22,2
243674928,Ananya Singh,CSBS,7.15,5
988041362,Janani Reddy,EEE,9.44,1
160833172,Chaitanya Nair,ECE,9.80,8
949263890,Niharika Patel,CSBS,9.54,2
551977102,Bhavya Menon,CSBS,8.96,6
290867028,Ananya Rao,MECH,8.50,1
787776331,Divya Pillai,ECE,9.12,1
844824126,Yamini Rao,AIDS,8.94,7
532328005,Pooja Nair,AIDS,7.16,8
253422172,Kavya Bhat,CIVIL,8.28,7
422977756,Pranav Pillai,CSE,7.25,5
257356741,Gautam Bhat,CSE,7.66,4
785284705,Harini Rao,CSE,7.07,1
315401921,Deepak Kumar,CSBS,7.99,6
496946841,Tarun Sharma,EEE,8.05,3
882433231,Naveen Gupta,CSE,9.63,7
105284111,Pooja Verma,IT,6.65,6
443591853,Pranav Reddy,IT,7.73,5
678961500,Janani Naidu,MECH,8.68,8
160478434,Divya Naidu,CSE,8.56,8
944664488,Niharika Patel,CSE,7.22,3
163115157,Niharika Bhat,CIVIL,6.92,7
958321867,Vignesh Naidu,EEE,6.53,5
410538218,Vignesh Sharma,CSBS,7.80,3
365856518,Karthik Menon,CSBS,8.27,5
981400808,Naveen Reddy,CSE,8.28,7
554612668,Aditi Iyer,IT,9.60,3
620425809,Meera Gupta,ECE,7.86,4
919393890,Harini Patel,CSE,7.21,1
959977087,Karthik Nair,AIDS,9.23,6
910215226,Chaitanya Patel,EEE,7.83,3
468508645,Yamini Rao,AIDS,9.04,8
733611514,Pranav Gupta,CSBS,9.38,4
844686872,Sneha Sharma,CSBS,6.59,7
143831736,Sanjay Rao,ECE,7.65,3
524084887,Niharika Sharma,CSBS,7.40,3
804263074,Tarun Pillai,CSBS,6.70,7
908597601,Karthik Bhat,EEE,7.67,4
743709823,Vignesh Rao,CIVIL,8.41,7
538200439,Varun Menon,CSBS,6.89,8
802953658,Varun Naidu,ECE,7.16,3
374087182,Gautam Gupta,CSE,9.37,2
238605593,Deepak Bhat,CSE,6.84,8
840842637,Varun Menon,EEE,9.64,3
279870765,Aditi Reddy,CSBS,8.58,7
371233105,Harini Sharma,ECE,7.25,4
391034237,Ananya Naidu,MECH,7.88,5
913731351,Naveen Singh,CIVIL,8.00,2
716584632,Gautam Iyer,IT,8.09,2
622594926,Varun Patel,AIDS,7.67,7
347781981,Aarav Pillai,IT,7.53,7
918089441,Karthik Rao,AIDS,9.18,1
110677735,Rithanya Patel,EEE,8.22,1
340963314,Gautam Bhat,AIDS,8.28,8
727753449,Divya Verma,EEE,9.02,6
788793329,Tarun Bhat,IT,7.71,2
975835515,Sanjay Reddy,EEE,7.90,5
553648311,Harini Reddy,AIDS,8.58,1
277244026,Sneha Sharma,EEE,9.71,8
892795185,Sneha Patel,CIVIL,6.65,4
543356763,Harini Singh,AIDS,8.85,4
775720710,Akhil Pillai,ECE,7.26,3
208413595,Gautam Menon,EEE,9.85,5
342675739,Meera Singh,CSE,7.69,6
452095662,Madhav Pillai,CSBS,8.13,3
198454455,Aditi Reddy,CSBS,9.83,4
565217406,Ishaan Nair,CSBS,9.72,5
697628148,Niharika Singh,CSE,7.39,2
856557778,Akhil Naidu,CSBS,9.70,3
789754543,Aditi Pillai,ECE,9.58,2
881360943,Divya Menon,MECH,9.06,6
398993444,Tarun Chowdhury,ECE,8.43,3
625802527,Naveen Patel,MECH,7.89,1
250122735,Pooja Pillai,AIDS,8.69,6
627198580,Ananya Bhat,ECE,8.12,1
900772639,Varun Reddy,IT,8.06,5
975449470,Tarun Sharma,CSBS,7.24,8
931018244,Ananya Sharma,CIVIL,6.53,8
319700392,Akhil Sharma,MECH,8.90,6
664826059,Gautam Chowdhury,MECH,8.19,2
130562163,Karthik Rao,CSBS,8.52,4
484335870,Pooja Bhat,EEE,8.12,5
298224422,Madhav Singh,MECH,7.57,1
353955695,Ananya Naidu,IT,9.09,5
655389136,Sanjay Bhat,CSBS,9.24,8
617491399,Akhil Singh,IT,9.66,5
844778742,Ananya Naidu,CSE,6.52,1
815277967,Gautam Pillai,ECE,9.86,8
488808130,Deepak Chowdhury,IT,9.29,6
541877163,Gautam Nair,CIVIL,8.49,6
134903886,Chaitanya Singh,CSE,9.71,1
502444075,Janani Verma,IT,9.21,7
985190577,Rithanya Rao,IT,7.43,1
959102012,Karthik Pillai,EEE,6.57,8
286294128,Tarun Menon,CSE,7.20,3
291543995,Vignesh Verma,AIDS,8.98,1
808354988,Madhav Singh,IT,6.89,1
197197510,Rahul Nair,MECH,9.63,8
383804739,Aditi Iyer,AIDS,8.89,5
816459468,Rahul Chowdhury,CSBS,9.11,3
109496840,Rahul Iyer,CSE,9.89,3
565186593,Janani Reddy,CSE,9.64,1
829571211,Divya Sharma,CIVIL,6.72,5
872161684,Akhil Reddy,CSBS,7.24,7
695532413,Meera Reddy,ECE,8.33,7
751058686,Pranav Nair,EEE,8.20,4
263214846,Sneha Sharma,MECH,7.23,8
197308441,Divya Pillai,CIVIL,6.90,5
780560604,Ishaan Rao,EEE,7.14,3
278713542,Rithanya Verma,ECE,7.72,7
297319959,Sanjay Singh,EEE,8.89,3
662061108,Yamini Reddy,CSBS,7.18,6
994723306,Pranav Bhat,ECE,8.60,2
946910914,Ishaan Naidu,EEE,7.07,3
264951768,Tarun Nair,ECE,8.15,7
289709380,Gautam Iyer,CSBS,8.09,5
809813031,Deepak Menon,CSBS,9.55,5
330311663,Deepak Reddy,MECH,8.62,6
813999309,Naveen Kumar,CSE,9.05,7
976027194,Ananya Gupta,EEE,8.74,8
637593552,Vignesh Sharma,AIDS,8.08,7
995250372,Bhavya Rao,EEE,6.76,1
546701627,Divya Bhat,IT,7.40,4
222323238,Aarav Verma,CSE,6.72,8
898937241,Janani Reddy,ECE,6.97,6
647378460,Meera Bhat,CIVIL,6.89,5
425510660,Ishaan Verma,CSE,9.35,8
835745454,Ananya Bhat,CIVIL,9.24,3
932068190,Sneha Menon,EEE,8.40,4
757862305,Sneha Rao,CIVIL,8.57,2
237391504,Aditi Patel,CSE,9.27,4
404542110,Pranav Bhat,EEE,8.36,2
694077371,Janani Patel,CSE,6.72,2
498389012,Pranav Patel,ECE,9.88,6
338436514,Varun Patel,IT,9.19,5
958937343,Vignesh Verma,AIDS,8.15,4
177733752,Rithanya Reddy,CIVIL,8.20,3
937081860,Divya Sharma,AIDS,7.66,2
459827111,Kavya Rao,ECE,7.80,6
755148340,Akhil Bhat,EEE,9.50,2
674506044,Ananya Bhat,CSBS,9.12,5
212476629,Divya Singh,CIVIL,7.92,6
942566648,Akhil Gupta,ECE,6.57,1
925016324,Akhil Kumar,IT,8.78,6
526917478,Karthik Singh,CSBS,6.81,5
330628296,Aditi Reddy,IT,7.25,7
609506179,Deepak Patel,CIVIL,9.57,1
853061412,Bhavya Sharma,CIVIL,8.69,7
484602007,Sneha Nair,IT,8.33,4
215226737,Harini Bhat,MECH,9.23,5
195562723,Chaitanya Rao,AIDS,9.59,4
762234370,Rithanya Sharma,CIVIL,7.18,1
533381115,Chaitanya Iyer,EEE,8.93,1
300581682,Kavya Gupta,EEE,9.56,6
686351967,Bhavya Gupta,CIVIL,8.97,6
674002441,Niharika Iyer,CIVIL,6.66,8
237809390,Tarun Verma,MECH,7.96,6
573223438,Aditi Kumar,CIVIL,8.94,7
282626086,Aditi Singh,CSE,9.78,4
494063672,Aarav Sharma,MECH,7.64,4
277270790,Niharika Menon,CIVIL,8.18,8
782259134,Aarav Gupta,ECE,7.43,6
608878532,Karthik Gupta,ECE,9.51,2
299133803,Bhavya Sharma,MECH,9.86,4
402552122,Chaitanya Naidu,EEE,7.18,7
160479262,Karthik Sharma,EEE,6.90,5
751874150,Deepak Singh,EEE,8.88,2
998003396,Vignesh Patel,IT,8.02,3
963401179,Madhav Singh,IT,8.62,8
504290780,Divya Nair,CIVIL,6.63,1
662868028,Bhavya Pillai,CSBS,9.33,1
185490428,Chaitanya Reddy,AIDS,9.28,1
221177016,Sanjay Chowdhury,EEE,8.48,3
816746379,Meera Sharma,ECE,6.94,7
449374658,Divya Nair,CSBS,9.40,2
338089921,Ishaan Bhat,EEE,9.40,2
502416349,Aditi Patel,CIVIL,6.51,8
699662491,Tarun Chowdhury,CSE,7.75,7
504523697,Deepak Pillai,AIDS,8.18,2
697852781,Aarav Naidu,IT,9.23,8
759189601,Janani Pillai,EEE,6.55,5
503743678,Akhil Iyer,IT,7.39,7
618449550,Deepak Iyer,AIDS,9.10,2
545939916,Harini Menon,CSE,7.32,7
132132239,Tarun Iyer,EEE,7.30,8
883960014,Madhav Iyer,IT,7.92,5
545016418,Ishaan Pillai,IT,7.19,1
585253198,Vignesh Bhat,CIVIL,7.05,8
930758856,Bhavya Menon,ECE,6.72,3
897212441,Sneha Reddy,MECH,7.16,2
952822836,Tarun Rao,CSE,8.72,7
715562128,Yamini Pillai,MECH,7.79,4
916720846,Madhav Rao,CSE,9.66,2
764185543,Bhavya Verma,CIVIL,8.59,4
343604356,Pranav Menon,EEE,7.76,5
489717079,Aarav Iyer,CIVIL,6.75,7
294155339,Karthik Chowdhury,CIVIL,8.40,1
194777417,Ishaan Singh,MECH,9.10,1
364251395,Sanjay Menon,CSE,8.90,5
449220775,Naveen Kumar,MECH,7.17,2
379067383,Chaitanya Singh,CIVIL,9.42,4
479628733,Ishaan Iyer,ECE,8.08,3
458000643,Janani Patel,CIVIL,8.94,1
885939235,Gautam Iyer,CIVIL,6.96,8
413170314,Chaitanya Bhat,EEE,9.47,5
624176723,Harini Nair,CSE,8.29,5
611218622,Sneha Singh,IT,6.70,7
661033075,Deepak Sharma,CIVIL,8.22,8
826059271,Divya Bhat,CSE,7.95,4
475811013,Divya Bhat,CIVIL,7.57,6
561175732,Sneha Rao,IT,7.15,7
628936290,Divya Reddy,IT,8.90,4
647819475,Rahul Reddy,IT,7.80,1
319343435,Gautam Verma,AIDS,7.06,2
117990298,Ishaan Chowdhury,EEE,7.86,6
611333412,Sneha Kumar,EEE,8.36,5
631960803,Divya Bhat,CIVIL,7.93,1
759301845,Aditi Pillai,CIVIL,7.83,5
991958651,Harini Kumar,ECE,8.98,3
872083880,Naveen Naidu,MECH,9.12,3
103464510,Aarav Iyer,IT,8.30,6
125999725,Akhil Nair,CIVIL,7.36,4
627968557,Pranav Naidu,EEE,7.20,4
149567313,Akhil Menon,AIDS,7.43,7
522760030,Ishaan Kumar,CSBS,6.81,5
921871709,Kavya Singh,CIVIL,6.86,5
346697512,Ishaan Singh,MECH,7.53,2
176568128,Bhavya Bhat,CSE,9.51,1
397035284,Sanjay Patel,ECE,6.88,4
678226341,Tarun Singh,CSE,8.23,4
709519044,Meera Sharma,CSBS,9.56,3
800201135,Meera Gupta,CSBS,6.76,6
583188267,Aarav Naidu,IT,8.95,3
782766585,Pooja Rao,AIDS,8.98,3
332171546,Deepak Bhat,MECH,9.43,1
555091375,Karthik Reddy,CSE,8.34,4
198754770,Bhavya Nair,CSE,8.04,8
297688714,Divya Gupta,EEE,7.90,4
360507232,Divya Kumar,ECE,6.93,7
681498695,Harini Pillai,ECE,9.59,2
900263027,Chaitanya Kumar,CIVIL,6.91,7
353429187,Madhav Chowdhury,IT,8.20,4
952653230,Janani Chowdhury,CIVIL,8.40,8
317888623,Pooja Menon,CIVIL,8.91,4
910835460,Pranav Patel,MECH,9.70,8
523916308,Chaitanya Patel,CIVIL,7.79,8
338216003,Rithanya Reddy,IT,6.69,8
602934490,Sanjay Pillai,EEE,8.49,6
518161683,Pranav Reddy,CSE,9.77,1
973352927,Vignesh Patel,MECH,8.26,5
968502976,Divya Chowdhury,CIVIL,9.33,5
112639533,Janani Verma,MECH,6.96,8
478578093,Gautam Reddy,CSBS,7.64,7
680558201,Naveen Rao,MECH,8.99,7
364951654,Aarav Menon,IT,9.01,7
315247050,Akhil Iyer,CIVIL,8.28,6
332041010,Pranav Naidu,MECH,7.78,7
580565155,Tarun Naidu,CSE,9.15,6
637056489,Rahul Verma,MECH,6.68,3
167775441,Rithanya Kumar,CSE,7.80,8
880148981,Rithanya Naidu,EEE,6.51,6
889208214,Vignesh Menon,EEE,9.82,4
392070600,Rithanya Gupta,CIVIL,7.47,8
584888365,Yamini Nair,CSE,7.46,3
456833416,Chaitanya Gupta,CSE,6.65,8
626451614,Chaitanya Bhat,MECH,9.39,1
496261886,Ishaan Gupta,ECE,9.73,4
995381829,Vignesh Rao,ECE,8.50,6
576326274,Divya Pillai,EEE,7.93,8
298066578,Rahul Chowdhury,CSBS,8.67,4
276858679,Naveen Reddy,CSE,7.48,1
134796664,Sanjay Nair,MECH,9.68,1
136486961,Naveen Bhat,EEE,6.54,5
868359333,Vignesh Patel,CSE,7.65,6
245550284,Kavya Singh,CIVIL,9.23,8
753416897,Karthik Iyer,CSBS,8.70,2
753683042,Kavya Menon,CSE,7.71,6
630225883,Harini Gupta,CSBS,8.96,5
356699420,Niharika Nair,CIVIL,8.06,1
511972163,Sanjay Pillai,IT,7.65,6
242911361,Naveen Gupta,CIVIL,7.04,1
791952153,Aditi Sharma,MECH,9.61,4
983065530,Madhav Gupta,AIDS,7.64,8
106992190,Karthik Pillai,CIVIL,7.80,4
323125005,Bhavya Singh,IT,7.46,3
440729350,Aarav Kumar,EEE,9.27,5
208814387,Madhav Pillai,CIVIL,9.28,1
837308125,Karthik Gupta,IT,8.27,5
511617297,Sanjay Reddy,CIVIL,7.01,4
650001066,Sneha Reddy,AIDS,9.25,3
267650750,Sneha Iyer,ECE,7.48,6
424849262,Bhavya Singh,CIVIL,8.82,3
255082736,Vignesh Patel,CIVIL,8.95,7
729476967,Yamini Verma,ECE,8.41,6
382259934,Chaitanya Nair,CIVIL,9.31,8
623965365,Pooja Singh,EEE,7.78,1
504381828,Janani Gupta,CSE,8.84,2
765736015,Madhav Verma,EEE,6.97,7
354994894,Naveen Bhat,CIVIL,8.08,8
671369770,Kavya Bhat,AIDS,7.82,4
810084559,Pranav Pillai,CSE,8.45,3
928781906,Akhil Nair,EEE,6.53,3
199885130,Gautam Rao,EEE,6.51,2
521289211,Ishaan Bhat,MECH,7.64,8
197327447,Rithanya Nair,CSBS,8.25,8
975889216,Pranav Kumar,MECH,9.82,6
533643962,Karthik Patel,AIDS,7.34,6
187451156,Chaitanya Iyer,AIDS,7.70,8
720663256,Akhil Patel,CIVIL,8.53,7
119181955,Harini Singh,CSE,6.71,2
256249760,Rithanya Reddy,CSBS,7.87,6
504414412,Yamini Gupta,CIVIL,9.19,7
558430443,Niharika Chowdhury,EEE,6.53,3
471919168,Akhil Kumar,CIVIL,7.53,4
531290442,Pooja Sharma,AIDS,7.88,8
246970079,Varun Nair,CIVIL,6.76,1
233465085,Akhil Nair,AIDS,9.87,7
993958414,Niharika Bhat,CSBS,9.46,6
350363103,Aditi Gupta,CSBS,8.87,2
272160053,Vignesh Menon,IT,9.43,4
295991526,Varun Chowdhury,CSBS,8.73,2
278935685,Chaitanya Patel,CSBS,7.31,3
546220889,Deepak Nair,IT,7.49,5
414225672,Bhavya Iyer,IT,9.18,6
502574720,Vignesh Kumar,IT,8.75,3
823980146,Karthik Sharma,ECE,8.31,5
522218453,Pooja Nair,EEE,9.35,5
680277463,Tarun Chowdhury,CIVIL,9.73,6
678188446,Yamini Menon,CSBS,9.57,7
538763395,Rithanya Sharma,CIVIL,8.13,8
173847579,Akhil Gupta,MECH,6.97,1
607542331,Aarav Nair,AIDS,7.07,7
403703101,Harini Pillai,AIDS,8.72,7
465211446,Karthik Reddy,ECE,9.41,8
190505276,Ishaan Nair,CSBS,9.12,3
946775514,Varun Singh,IT,6.70,2
642045697,Niharika Gupta,MECH,8.69,6
403503201,Ishaan Menon,CSBS,9.49,7
181280865,Pranav Menon,CSBS,7.96,7
350896290,Sanjay Sharma,MECH,8.09,5
481044716,Harini Bhat,EEE,9.72,6
470585262,Pranav Naidu,CSBS,9.89,4
188932702,Ananya Gupta,AIDS,6.90,8
996322265,Pranav Chowdhury,EEE,9.40,2
726596973,Naveen Rao,IT,6.83,8
111441022,Akhil Singh,CSE,7.95,4
894484024,Yamini Reddy,AIDS,9.20,2
868373041,Sneha Singh,IT,6.56,2
188003476,Naveen Pillai,CSE,9.21,6
840479806,Niharika Rao,EEE,7.13,8
731926926,Sanjay Iyer,CSE,7.22,5
122958735,Yamini Nair,EEE,6.64,7
212892787,Deepak Nair,AIDS,6.60,7
768876100,Yamini Nair,EEE,6.57,8
957526673,Janani Bhat,CIVIL,9.07,2
515954827,Madhav Verma,MECH,9.33,5
561937488,Varun Sharma,CIVIL,9.81,1
948583915,Pranav Naidu,CSE,8.87,4
488696997,Ananya Bhat,IT,8.33,6
304376107,Yamini Verma,CSE,6.87,5
685674745,Naveen Iyer,MECH,8.94,4
166508018,Aarav Reddy,IT,9.50,6
594688402,Yamini Iyer,IT,9.33,4
730658719,Chaitanya Kumar,CSE,9.17,8
171344620,Aarav Rao,CSBS,7.08,2
847942521,Varun Gupta,AIDS,8.43,1
742180083,Pooja Iyer,CSBS,6.91,8
637684373,Karthik Sharma,MECH,7.91,2
235981046,Kavya Gupta,CSBS,9.80,1
428535700,Meera Pillai,EEE,9.78,7
324467299,Madhav Singh,CSBS,6.65,4
560902551,Sneha Verma,AIDS,7.24,4
605298725,Akhil Pillai,ECE,7.86,5
674690007,Yamini Naidu,CSBS,8.66,3
796952916,Sneha Verma,CSE,8.29,7
817509056,Aarav Gupta,CSBS,8.46,8
818160921,Rithanya Rao,CIVIL,7.40,8
788583530,Ishaan Naidu,CIVIL,9.18,2
669705153,Rithanya Verma,CSBS,7.71,1
788797441,Varun Pillai,AIDS,7.46,8
639507515,Divya Iyer,CSE,8.64,4
731959408,Pranav Chowdhury,IT,7.92,4
223650965,Janani Verma,CIVIL,7.11,5
700469629,Kavya Iyer,IT,9.83,4
120619138,Sneha Singh,IT,7.93,5
802480184,Chaitanya Chowdhury,EEE,9.72,7
329160263,Janani Bhat,EEE,6.98,4
792354973,Meera Bhat,EEE,9.82,1
830533229,Gautam Rao,IT,9.73,1
324414922,Niharika Menon,MECH,9.41,3
909400535,Chaitanya Pillai,ECE,8.31,3
146564534,Ishaan Bhat,CIVIL,8.03,2
861288413,Chaitanya Iyer,ECE,8.52,7
304225188,Yamini Pillai,EEE,7.51,6
978499566,Pooja Menon,CIVIL,7.28,8
382911738,Bhavya Verma,CSBS,7.63,7
458804486,Ishaan Chowdhury,IT,6.62,4
771812008,Yamini Bhat,CSBS,8.86,5
344074228,Sanjay Verma,CSBS,9.32,3
545786882,Harini Patel,AIDS,8.71,7
909797974,Madhav Kumar,AIDS,9.04,1
361940962,Ishaan Singh,CSBS,9.45,5
584718113,Madhav Iyer,CSBS,7.86,2
937583147,Bhavya Gupta,MECH,6.51,1
661409499,Bhavya Naidu,CIVIL,7.96,1
401235196,Tarun Sharma,MECH,7.93,8
250789145,Akhil Gupta,ECE,8.66,2
641098622,Meera Iyer,MECH,6.90,5
313539859,Rithanya Bhat,MECH,8.53,2
706520639,Meera Kumar,ECE,8.64,6
538622848,Varun Verma,ECE,7.23,6
604698057,Gautam Chowdhury,CIVIL,9.18,8
473871575,Sneha Naidu,CSBS,7.42,1
660402278,Ananya Chowdhury,CSE,8.08,7
445166660,Sanjay Sharma,CSE,7.79,5
598363134,Aditi Nair,IT,8.33,1
894982456,Varun Reddy,AIDS,9.40,6
711860646,Bhavya Menon,EEE,9.52,6
584459350,Karthik Reddy,IT,8.09,6
213689144,Gautam Bhat,MECH,7.55,5
800339356,Akhil Bhat,EEE,7.47,7
384446235,Aarav Patel,EEE,6.88,5
229016417,Naveen Verma,CSBS,9.16,1
386197070,Madhav Verma,CIVIL,6.85,1
200716370,Ishaan Gupta,IT,7.26,5
335563827,Deepak Chowdhury,CSE,7.64,8
590532211,Niharika Menon,EEE,7.80,4
672152390,Aditi Patel,MECH,8.01,1
337173570,Chaitanya Nair,CSE,8.32,2
343187790,Varun Sharma,AIDS,6.90,7
125320468,Rithanya Chowdhury,CSBS,7.09,2
736777571,Rahul Chowdhury,MECH,9.14,5
457088909,Pranav Patel,MECH,9.32,2
365074538,Aarav Bhat,AIDS,6.59,2
948862642,Divya Menon,CIVIL,6.66,8
840436377,Pranav Naidu,MECH,6.69,2
210937178,Akhil Sharma,MECH,9.87,7
330301815,Yamini Patel,CIVIL,7.05,4
611983912,Naveen Reddy,MECH,8.08,8
658768520,Aditi Verma,IT,9.70,2
496433665,Kavya Bhat,ECE,7.14,4
507521623,Aditi Naidu,CSE,8.16,6
104232195,Gautam Rao,CSE,6.60,4
176192979,Pooja Naidu,ECE,6.85,5
636145681,Niharika Menon,IT,9.01,6
123648502,Tarun Patel,CIVIL,8.65,3
521991435,Naveen Rao,IT,8.73,8
771898284,Aarav Sharma,CSE,7.71,2
542417749,Pooja Naidu,ECE,8.80,4
973929990,Rahul Naidu,CSE,7.43,8
867067786,Madhav Gupta,MECH,6.51,8
248420825,Niharika Naidu,CSBS,8.54,8
742399727,Naveen Naidu,AIDS,9.00,3
975879422,Varun Sharma,MECH,9.14,8
726297617,Bhavya Nair,CIVIL,8.51,5
893388025,Deepak Reddy,CIVIL,8.74,5
131866176,Madhav Patel,CIVIL,7.72,3
837181806,Janani Nair,AIDS,7.45,6
178165386,Gautam Verma,ECE,6.74,4
229441154,Tarun Nair,IT,7.53,5
973491054,Meera Pillai,CIVIL,6.57,6
482263230,Niharika Nair,EEE,8.08,6
837048868,Naveen Iyer,MECH,8.84,4
447257752,Harini Menon,ECE,7.30,6
826066520,Chaitanya Menon,EEE,9.43,6
707187219,Divya Singh,CSBS,9.06,4
906294150,Rahul Reddy,MECH,7.70,6
862245354,Karthik Sharma,MECH,9.26,4
248277061,Aarav Patel,ECE,6.67,4
283658637,Sanjay Gupta,CSE,9.89,4
672973641,Niharika Kumar,CSBS,9.02,1
908985713,Pooja Bhat,CSBS,6.89,1
126484580,Pooja Gupta,CIVIL,7.87,1
137399711,Kavya Gupta,AIDS,9.06,5
925252634,Chaitanya Nair,IT,9.86,6
660486595,Meera Menon,CSBS,7.66,3
333473371,Aarav Singh,CSE,8.27,3
573854390,Deepak Patel,IT,9.30,2
116838312,Sanjay Bhat,ECE,9.87,2
711760092,Ishaan Menon,IT,8.97,2
664854955,Meera Patel,ECE,7.12,3
537932198,Harini Pillai,CIVIL,6.73,3
962884516,Rithanya Sharma,MECH,8.20,7
525663098,Rahul Patel,CSE,7.20,3
982417526,Bhavya Iyer,AIDS,7.21,2
658298767,Ishaan Iyer,CIVIL,9.69,1
623686130,Janani Reddy,IT,9.55,2
995671361,Harini Kumar,AIDS,9.58,5
835854973,Bhavya Iyer,ECE,8.70,6
651865121,Sneha Iyer,CSE,8.04,6
218951662,Aarav Bhat,CSBS,6.55,8
669794106,Chaitanya Chowdhury,CSBS,7.21,6
164419354,Vignesh Verma,CSBS,7.37,6
385931260,Yamini Sharma,AIDS,7.21,6
292855323,Tarun Naidu,MECH,9.62,1
680191502,Akhil Nair,EEE,8.08,7
824498095,Meera Nair,MECH,7.99,1
816070701,Janani Sharma,CSBS,7.36,6
998702952,Pranav Verma,AIDS,8.40,3
753664637,Meera Nair,CSBS,6.67,3
240948814,Aarav Pillai,CSE,6.82,7
537690265,Naveen Verma,EEE,9.90,2
770373122,Divya Verma,ECE,7.52,4
404649941,Sneha Singh,CSBS,7.49,7
697041172,Madhav Menon,ECE,6.52,3
987010967,Bhavya Nair,AIDS,9.69,2
667945503,Niharika Verma,CSE,7.20,6
590383872,Rahul Sharma,ECE,7.37,3
241982209,Bhavya Verma,AIDS,7.83,4
643606582,Rahul Chowdhury,CSBS,7.08,3
697481954,Vignesh Pillai,CSE,8.54,7
347517436,Ananya Naidu,MECH,7.88,2
285658498,Divya Rao,ECE,8.72,1
275534473,Niharika Gupta,CSBS,9.12,2
798405813,Yamini Verma,IT,7.56,2
317996478,Naveen Bhat,EEE,9.66,6
658294634,Naveen Pillai,MECH,7.71,8
958306213,Karthik Gupta,CSE,9.27,7
807958765,Meera Patel,MECH,7.43,3
418155180,Rahul Sharma,EEE,9.48,7
341091744,Ishaan Naidu,ECE,7.23,3
133216397,Ishaan Menon,MECH,9.03,7
445297154,Varun Nair,MECH,9.50,6
955141239,Madhav Nair,AIDS,7.80,1
259659834,Pranav Chowdhury,CSBS,7.27,4
519076036,Bhavya Kumar,CSBS,7.89,7
447894155,Vignesh Verma,CSBS,8.06,7
741870285,Vignesh Nair,CSBS,9.37,5
110951635,Karthik Bhat,IT,8.85,8
127334132,Chaitanya Patel,IT,8.29,2
443603374,Ananya Patel,IT,7.25,8
467694538,Sneha Verma,ECE,8.36,8
456926127,Yamini Verma,CSBS,7.63,4
710563138,Harini Verma,MECH,9.29,6
461952434,Harini Bhat,CIVIL,7.94,2
680322464,Kavya Bhat,CSE,7.03,7
198978874,Akhil Chowdhury,EEE,8.91,8
626032659,Sneha Singh,CSBS,9.43,2
645932275,Deepak Bhat,ECE,8.30,7
402400576,Divya Reddy,CSBS,8.96,2
690146920,Aarav Chowdhury,CSBS,8.80,8
155097823,Rithanya Sharma,CIVIL,6.54,2
921092563,Sneha Chowdhury,EEE,8.37,6
146846701,Rahul Patel,IT,8.58,5
116008064,Kavya Menon,IT,7.25,4
705830836,Meera Verma,CSBS,8.03,6
187435770,Karthik Verma,MECH,7.26,4
921981250,Yamini Rao,IT,8.62,6
234802051,Madhav Singh,CSE,9.13,1
372263090,Yamini Iyer,EEE,8.19,2
999718867,Yamini Menon,CIVIL,6.71,1
942731700,Karthik Chowdhury,MECH,9.06,8
675848691,Divya Pillai,IT,7.21,2
655256806,Varun Patel,CIVIL,9.07,2
589064156,Meera Pillai,AIDS,7.00,7
411357547,Aditi Patel,EEE,7.05,3
374404678,Pooja Iyer,IT,6.82,3
402537368,Janani Kumar,CIVIL,8.05,5
606532935,Aarav Iyer,IT,9.88,6
603353349,Pranav Pillai,EEE,6.78,2
998377845,Niharika Rao,ECE,8.04,4
415290122,Janani Chowdhury,IT,9.31,8
638101045,Niharika Chowdhury,MECH,9.21,5
638506667,Vignesh Gupta,CIVIL,9.42,4
220619903,Aditi Singh,EEE,9.06,1
816455832,Karthik Nair,EEE,6.66,3
386695586,Gautam Gupta,EEE,6.96,8
287499849,Meera Menon,AIDS,6.84,6
305165776,Yamini Kumar,CIVIL,7.89,1
498503364,Aarav Naidu,IT,8.17,2
817006590,Bhavya Naidu,AIDS,7.07,1
842191632,Madhav Verma,AIDS,7.26,8
650963832,Kavya Reddy,MECH,8.55,1
613215676,Niharika Gupta,AIDS,7.06,7
754478291,Rahul Patel,AIDS,8.08,6
624196976,Yamini Singh,CSBS,6.93,5
434829465,Gautam Iyer,CIVIL,9.04,8
595353822,Divya Menon,CSBS,9.07,3
408310954,Aditi Rao,IT,8.48,5
827595416,Kavya Menon,IT,8.91,3
713556223,Divya Patel,CIVIL,9.82,5
539940934,Sanjay Rao,CIVIL,7.06,3
496946912,Ishaan Naidu,IT,7.94,5
391555919,Rithanya Singh,IT,9.09,4
599810004,Gautam Reddy,IT,7.19,7
823264831,Ishaan Singh,MECH,8.44,6
577167571,Pranav Nair,EEE,8.07,8
637055177,Karthik Rao,CIVIL,8.59,6
639247986,Vignesh Pillai,CIVIL,9.90,4
619738818,Sanjay Sharma,IT,8.83,8
802823815,Aditi Nair,CIVIL,9.53,5
378180491,Chaitanya Chowdhury,CIVIL,6.69,4
443212430,Sneha Iyer,AIDS,8.48,7
802844830,Pranav Patel,CIVIL,7.47,3
508088922,Chaitanya Bhat,ECE,8.82,2
927217853,Ishaan Patel,IT,8.03,1
418121156,Aarav Chowdhury,CSBS,8.93,2
121800533,Pranav Rao,CSBS,7.53,7
726288863,Janani Sharma,IT,9.51,1
786837089,Bhavya Nair,CSE,7.88,2
334129396,Rahul Kumar,MECH,7.20,1
240939943,Karthik Kumar,EEE,8.51,2
531156419,Rahul Naidu,EEE,6.53,3
294444060,Pooja Gupta,EEE,6.72,7
760515028,Yamini Naidu,ECE,8.37,2
848969031,Karthik Singh,ECE,7.12,8
653056287,Chaitanya Sharma,IT,6.80,8
107223117,Bhavya Kumar,IT,8.36,3
853573675,Chaitanya Patel,CSBS,7.88,2
737431727,Harini Chowdhury,AIDS,9.19,2
731306200,Madhav Verma,IT,9.37,6
990030088,Sneha Iyer,IT,9.07,4
106062929,Pranav Reddy,ECE,8.72,7
840103353,Divya Naidu,CSBS,9.14,5
286715979,Bhavya Reddy,CSBS,8.55,4
306739580,Aditi Kumar,EEE,6.92,6
278291091,Madhav Patel,MECH,7.76,2
154583016,Yamini Gupta,ECE,9.67,1
147595805,Meera Iyer,EEE,6.77,4
984220460,Karthik Rao,CIVIL,8.17,8
854607816,Chaitanya Naidu,CSE,8.11,1
339351037,Varun Pillai,AIDS,7.35,8
703393148,Divya Chowdhury,AIDS,7.48,5
859309548,Varun Sharma,MECH,9.63,4
518693184,Rithanya Menon,AIDS,9.69,1
613053291,Yamini Iyer,CSBS,8.36,4
163986470,Aarav Sharma,IT,7.65,3
157945163,Sneha Nair,CSE,8.91,3
983447171,Chaitanya Sharma,CSBS,9.82,7
959497870,Rahul Bhat,CSE,7.78,6
404024045,Naveen Reddy,CIVIL,7.25,4
493882483,Niharika Reddy,MECH,8.79,2
271083350,Karthik Sharma,ECE,8.09,3
556708672,Ananya Sharma,IT,6.73,3
281444265,Akhil Nair,CSE,7.88,4
783871157,Yamini Gupta,ECE,8.54,8
343595359,Akhil Naidu,CSE,7.20,8
752125494,Sanjay Reddy,EEE,9.26,4
864291590,Rahul Menon,CSBS,8.16,7
920837864,Karthik Rao,CSE,8.73,1
861930548,Aarav Nair,IT,9.43,7
297018804,Naveen Nair,MECH,9.53,4
799160232,Deepak Pillai,AIDS,7.63,8
481694586,Tarun Reddy,CSE,8.73,4
877817958,Sanjay Verma,CSBS,9.68,2
143576508,Bhavya Bhat,EEE,8.54,2
899565549,Sanjay Patel,AIDS,7.88,6
681574860,Chaitanya Menon,EEE,9.87,2
308429988,Aarav Bhat,CSBS,8.67,1
782501573,Varun Iyer,CIVIL,8.95,2
736553241,Aditi Gupta,IT,7.63,4
599299684,Meera Nair,EEE,6.65,7
993435145,Chaitanya Chowdhury,CSE,7.02,4
534778060,Vignesh Nair,MECH,9.60,5
483174181,Niharika Naidu,AIDS,8.91,2
187351144,Pranav Naidu,CSBS,7.20,3
174095255,Pooja Nair,AIDS,6.63,7
958315945,Kavya Pillai,EEE,8.51,8
109868306,Bhavya Iyer,AIDS,9.50,2
728381333,Yamini Rao,CIVIL,6.53,8
253888422,Kavya Menon,MECH,7.40,1
111191822,Divya Kumar,AIDS,9.83,7
534122947,Karthik Bhat,AIDS,9.87,3
480268765,Chaitanya Nair,AIDS,9.49,6
773638330,Chaitanya Menon,CIVIL,9.61,7
691699090,Deepak Patel,EEE,7.81,7
719981034,Rahul Iyer,MECH,9.51,1
558004665,Divya Gupta,EEE,7.77,4
252468275,Ishaan Nair,ECE,6.54,1
726594088,Yamini Kumar,CIVIL,8.65,4
992661718,Janani Gupta,CIVIL,8.47,7
368072090,Aditi Naidu,CIVIL,7.68,8
576064610,Pooja Chowdhury,CIVIL,9.45,6
605999683,Akhil Verma,AIDS,8.94,1
799943787,Yamini Menon,MECH,9.37,8
103559617,Kavya Bhat,ECE,8.97,6
197928166,Harini Iyer,CSBS,6.69,5
107412998,Varun Rao,MECH,8.41,5
516689397,Pooja Chowdhury,CSBS,7.67,1
231092772,Deepak Kumar,CSBS,8.05,2
495985155,Akhil Patel,EEE,7.48,6
599581617,Deepak Sharma,ECE,9.01,7
466748251,Varun Iyer,CSBS,9.78,8
430875454,Pranav Iyer,CSE,9.57,6
873649451,Sneha Chowdhury,CIVIL,8.19,5
596531006,Harini Kumar,AIDS,9.02,1
349721896,Chaitanya Menon,CSBS,7.44,3
556683667,Rithanya Patel,AIDS,9.04,6
274762879,Bhavya Gupta,ECE,7.34,6
740455072,Sneha Kumar,ECE,7.12,5
286799019,Ishaan Menon,CSBS,7.10,6
558530380,Deepak Reddy,MECH,8.01,6
815144286,Ishaan Bhat,MECH,7.13,4
582657993,Akhil Gupta,MECH,6.78,8
663921386,Naveen Pillai,IT,7.20,6
157716154,Rahul Gupta,MECH,6.68,4
202174680,Gautam Naidu,CSBS,9.33,6
215932964,Tarun Singh,ECE,8.92,2
932204379,Aditi Kumar,EEE,9.59,2
545306591,Rahul Chowdhury,CSE,9.73,1
690113288,Naveen Rao,EEE,9.15,2
288637051,Janani Kumar,EEE,7.08,3
240695411,Rithanya Reddy,CSBS,9.46,4
277266306,Pooja Menon,IT,8.46,7
719098058,Niharika Naidu,EEE,8.42,2
263361334,Yamini Menon,ECE,7.71,1
169645477,Yamini Pillai,MECH,8.93,6
755646302,Madhav Patel,AIDS,7.58,1
890121912,Tarun Nair,EEE,9.26,5
834691715,Varun Sharma,CSE,9.72,7
337653646,Deepak Naidu,AIDS,9.31,1
416175309,Sanjay Menon,EEE,7.47,3
864078354,Akhil Gupta,CIVIL,7.57,2
969975330,Ananya Reddy,AIDS,7.87,8
602976336,Ananya Nair,CSBS,7.33,5
701920399,Kavya Gupta,ECE,8.64,2
326418388,Chaitanya Patel,ECE,7.23,2
520021466,Aditi Sharma,AIDS,7.91,5
969560560,Janani Chowdhury,EEE,7.62,4
192836293,Janani Sharma,MECH,6.74,6
784739660,Gautam Gupta,CSE,9.19,5
362714278,Aditi Patel,CSBS,7.65,3
366013321,Aarav Menon,MECH,8.17,1
980991583,Niharika Iyer,EEE,8.58,5
400041734,Varun Sharma,EEE,7.34,4
263225988,Akhil Rao,CSBS,6.61,6
184196889,Deepak Pillai,MECH,9.40,3
993678380,Janani Sharma,MECH,9.17,4
380935235,Divya Chowdhury,EEE,6.89,8
740881503,Karthik Gupta,CIVIL,7.81,7
683592573,Chaitanya Gupta,CSE,6.51,3
844265474,Sneha Sharma,CIVIL,7.30,3
906296010,Aarav Sharma,AIDS,9.64,1
329533509,Bhavya Gupta,IT,8.43,3
247741103,Aarav Bhat,CIVIL,9.35,6
151842722,Sanjay Reddy,EEE,8.63,4
233765034,Ishaan Sharma,IT,6.57,8
603244525,Bhavya Menon,EEE,8.04,1
534529261,Gautam Bhat,CSE,9.82,3
192734259,Chaitanya Singh,MECH,6.93,7
144873959,Tarun Verma,ECE,8.40,7
528936317,Niharika Bhat,MECH,7.61,1
165594419,Sneha Singh,IT,7.41,6
303726787,Gautam Singh,MECH,6.88,1
278815402,Bhavya Pillai,AIDS,6.91,7
466370061,Janani Patel,MECH,9.37,3
624846749,Harini Pillai,ECE,6.57,6
913499443,Ananya Verma,CSBS,9.72,4
622900212,Rahul Kumar,MECH,7.58,7
246691924,Chaitanya Pillai,EEE,9.62,7
777658146,Sanjay Reddy,AIDS,7.34,1
676894547,Janani Singh,IT,7.47,7
457329569,Bhavya Patel,CIVIL,9.74,1
671388779,Pranav Pillai,CSBS,7.72,6
516596052,Sneha Gupta,CSBS,9.59,7
406464287,Meera Iyer,ECE,8.80,1
762113584,Akhil Patel,EEE,8.36,1
364012328,Varun Pillai,AIDS,7.19,6
227061924,Harini Rao,EEE,7.01,8
170021384,Ishaan Iyer,ECE,7.69,3
549070965,Kavya Menon,CIVIL,6.71,7
131500209,Varun Pillai,CSBS,9.13,5
734672639,Chaitanya Patel,IT,6.75,8
523793003,Varun Sharma,CSBS,7.59,1
801530610,Janani Singh,CSBS,9.45,4
830004051,Varun Naidu,ECE,8.52,7
690796504,Sneha Gupta,IT,8.79,6
670214989,Divya Rao,CIVIL,6.55,8
162431267,Aarav Gupta,IT,8.03,2
191538857,Harini Singh,MECH,8.04,4
790546462,Pooja Reddy,IT,8.82,6
118364678,Kavya Bhat,MECH,7.82,5
489323447,Pranav Reddy,MECH,9.73,4
880157134,Rithanya Singh,EEE,9.53,7
200074232,Gautam Pillai,ECE,9.47,4
955557464,Pranav Patel,AIDS,9.13,6
192736307,Naveen Iyer,ECE,6.99,6
612292269,Meera Naidu,AIDS,6.94,5
256136872,Janani Bhat,EEE,8.41,8
195703710,Aditi Kumar,MECH,8.08,2
482477222,Rahul Menon,IT,9.65,6
195067941,Niharika Sharma,ECE,7.63,8
667961920,Varun Iyer,ECE,8.16,4
270184761,Akhil Verma,CIVIL,7.48,2
807834551,Vignesh Iyer,MECH,7.64,4
977027941,Meera Rao,IT,7.66,8
209358999,Rithanya Iyer,CSE,8.04,7
697883363,Karthik Gupta,IT,7.48,8
810711041,Kavya Sharma,IT,7.87,5
952502448,Divya Patel,CSE,9.22,5
152589595,Ananya Menon,IT,7.15,3
370574257,Meera Menon,CSBS,7.58,8
286679378,Kavya Bhat,ECE,8.40,5
954486188,Kavya Kumar,MECH,8.74,2
131386591,Tarun Patel,ECE,8.85,2
857534606,Rithanya Sharma,IT,9.47,3
118944200,Rithanya Menon,IT,8.42,3
253533051,Niharika Reddy,EEE,7.43,2
750782202,Sneha Chowdhury,EEE,9.48,8
670193108,Sneha Reddy,CSBS,6.78,6
638593125,Vignesh Naidu,IT,6.79,7
742792774,Janani Patel,AIDS,8.68,6
473750814,Sneha Nair,IT,6.87,6
653416212,Ananya Rao,MECH,7.08,8
566658961,Chaitanya Chowdhury,CSE,8.33,3
621699185,Tarun Iyer,EEE,6.80,4
681842024,Gautam Pillai,MECH,8.32,3
260328923,Sanjay Kumar,IT,9.10,3
250770460,Chaitanya Singh,IT,7.03,8
578724873,Divya Patel,MECH,6.90,6
268079452,Aarav Nair,EEE,8.80,1
522093526,Ananya Sharma,CSBS,9.76,3
493396824,Aarav Sharma,CSBS,7.26,8
594153690,Rithanya Singh,MECH,9.26,4
179179105,Yamini Gupta,CSBS,6.81,4
417732630,Akhil Pillai,CIVIL,8.21,6
274376196,Sanjay Nair,EEE,7.70,6
970770341,Rithanya Gupta,CSE,9.17,4
349050480,Sanjay Naidu,CSBS,9.30,7
764706241,Aarav Reddy,EEE,9.85,7
700774606,Vignesh Verma,EEE,8.31,2
184609860,Madhav Rao,CSBS,8.34,6
477503241,Bhavya Naidu,CSE,8.74,3
193478016,Janani Kumar,AIDS,7.88,7
498629906,Meera Bhat,MECH,7.36,8
273735931,Gautam Sharma,MECH,6.54,7
347487842,Meera Kumar,CIVIL,6.51,7
445569930,Sanjay Menon,ECE,7.18,8
705432709,Chaitanya Kumar,CSE,7.82,7
963310621,Aditi Kumar,IT,8.52,2
660001405,Vignesh Pillai,CSBS,7.72,1
329168127,Varun Pillai,AIDS,7.38,3
530459942,Niharika Gupta,CIVIL,8.33,6
652897252,Sanjay Nair,CSE,9.75,1
378335687,Sneha Bhat,ECE,6.97,3
737807155,Akhil Menon,EEE,9.81,7
313809575,Yamini Gupta,CSBS,7.80,7
587347468,Varun Bhat,MECH,8.49,8
681450740,Yamini Bhat,CSE,6.81,1
759356771,Varun Nair,IT,7.36,5
676099244,Divya Menon,CIVIL,8.69,4
859746157,Varun Chowdhury,IT,9.76,5
286032373,Naveen Bhat,MECH,7.60,8
489084158,Aarav Nair,ECE,6.85,3
873075643,Rahul Iyer,CSBS,8.47,4
143042239,Janani Gupta,CIVIL,7.85,3
720693460,Ananya Kumar,ECE,9.67,8
284445664,Rithanya Naidu,AIDS,6.62,2
554606816,Janani Sharma,CIVIL,8.66,5
480659626,Tarun Gupta,IT,7.13,3
594599660,Aditi Chowdhury,IT,6.91,1
850052957,Rahul Pillai,CSBS,6.54,5
486063849,Aarav Menon,AIDS,9.47,2
601933429,Sneha Kumar,EEE,8.83,8
221406584,Aarav Menon,CSBS,7.96,1
340589046,Akhil Chowdhury,ECE,7.77,6
385259227,Rithanya Naidu,AIDS,7.26,1
772165354,Vignesh Rao,IT,8.81,2
149087908,Rahul Iyer,EEE,8.79,5
649364746,Sneha Menon,ECE,9.67,8
578466483,Naveen Pillai,MECH,9.47,5
868526462,Deepak Bhat,MECH,8.73,5
749778026,Bhavya Bhat,EEE,8.47,7
402581320,Yamini Verma,IT,7.78,4
675694113,Yamini Sharma,ECE,9.52,5
911229744,Bhavya Rao,AIDS,6.55,8
310161056,Naveen Reddy,ECE,8.62,4
508879920,Kavya Menon,ECE,6.57,3
352611633,Sneha Iyer,AIDS,9.28,8
427078742,Niharika Gupta,CSBS,7.97,1
128631388,Harini Kumar,CSE,8.19,7
752021377,Chaitanya Gupta,CSE,7.62,5
726465702,Niharika Pillai,CSE,9.03,6
431230641,Divya Gupta,MECH,8.70,7
387334627,Tarun Naidu,CSE,9.75,5
585788753,Janani Verma,MECH,7.04,5
638509117,Tarun Menon,AIDS,6.74,4
532171226,Naveen Rao,ECE,7.55,8
866683354,Pooja Reddy,EEE,7.82,3
794227349,Kavya Gupta,CSE,9.40,2
209074945,Rahul Reddy,CIVIL,8.45,6
657258970,Gautam Naidu,ECE,9.49,4
146040873,Tarun Gupta,IT,7.24,4
567695288,Bhavya Nair,CSBS,7.50,3
907709626,Gautam Sharma,EEE,7.14,6
216154989,Meera Gupta,CSE,9.89,4
154013717,Janani Nair,MECH,6.58,3
175798383,Kavya Sharma,IT,8.90,2
409124969,Harini Reddy,CSBS,9.57,6
592751202,Rahul Gupta,ECE,8.17,7
129935513,Madhav Pillai,CSBS,8.44,4
130031062,Janani Naidu,MECH,8.92,1
165810278,Deepak Verma,CSBS,9.75,5
945326126,Rahul Menon,MECH,9.76,5
846206292,Karthik Reddy,ECE,8.05,4
418433486,Gautam Patel,CSE,9.85,5
166755340,Gautam Menon,MECH,6.78,2
743598771,Pooja Naidu,CSBS,7.74,5
559868935,Yamini Naidu,CSE,7.46,8
236983702,Pooja Rao,CSE,9.22,6
145930153,Pooja Sharma,CSE,8.72,3
884928660,Tarun Sharma,EEE,7.52,2
668911773,Aditi Rao,EEE,9.81,2
968148647,Yamini Pillai,CSE,8.45,7
820160207,Rahul Pillai,MECH,6.60,5
781771237,Pooja Nair,EEE,7.58,3
507030789,Gautam Menon,EEE,8.92,7
671650620,Pranav Bhat,EEE,6.95,4
776132835,Akhil Naidu,CSBS,8.51,3
779282339,Niharika Rao,IT,6.91,1
519359479,Tarun Chowdhury,AIDS,8.05,7
600236112,Ishaan Gupta,ECE,6.77,3
509521101,Aarav Rao,AIDS,8.46,1
810169716,Yamini Bhat,IT,7.44,1
818729960,Niharika Patel,EEE,7.47,8
144049283,Madhav Pillai,CSE,9.30,2
279638686,Divya Bhat,AIDS,8.43,5
986863720,Sneha Nair,AIDS,9.53,5
782905033,Meera Kumar,CSBS,9.58,5
734172338,Ishaan Nair,CSE,7.58,1
156637087,Rithanya Sharma,MECH,9.63,4
355468952,Akhil Singh,CSE,9.04,7
426833799,Ishaan Sharma,IT,7.29,3
632462518,Ishaan Chowdhury,CIVIL,6.92,3
482366222,Aarav Reddy,CIVIL,8.58,5
787796722,Aditi Gupta,EEE,6.90,6
119145091,Niharika Rao,ECE,7.64,7
950677403,Vignesh Bhat,IT,6.95,7
225752220,Tarun Singh,MECH,9.52,2
878199113,Rahul Pillai,AIDS,7.09,4
629028002,Ananya Bhat,AIDS,7.15,7
921215363,Sneha Verma,MECH,9.49,2
559165177,Sanjay Pillai,EEE,7.05,5
291130081,Gautam Naidu,ECE,6.73,3
253923649,Rithanya Iyer,CIVIL,6.59,5
205792801,Rithanya Rao,ECE,6.59,7
840986101,Divya Iyer,EEE,8.66,3
995399938,Deepak Singh,ECE,7.14,6
724836176,Vignesh Patel,MECH,8.19,5
535440849,Meera Naidu,AIDS,8.90,1
588696803,Deepak Menon,AIDS,7.20,3
667448435,Vignesh Singh,ECE,7.94,6
522248124,Sanjay Nair,EEE,6.76,6
309131178,Varun Bhat,IT,8.20,8
317590930,Pooja Iyer,ECE,6.94,7
992673149,Rithanya Gupta,EEE,8.01,1
602071246,Rithanya Singh,MECH,8.17,7
286163690,Divya Bhat,CSBS,8.63,6
146462622,Gautam Pillai,EEE,6.52,1
197584382,Karthik Nair,CSBS,7.50,8
368875645,Sneha Sharma,MECH,9.86,8
827351631,Aditi Patel,CSE,7.62,5
480510679,Rithanya Patel,EEE,7.52,8
957761615,Bhavya Chowdhury,CIVIL,9.81,4
226664048,Rithanya Chowdhury,ECE,7.35,4
229309455,Vignesh Menon,CSBS,7.96,4
919471164,Rithanya Patel,AIDS,9.88,1
139084961,Naveen Bhat,MECH,9.45,6
112202566,Aditi Patel,ECE,6.95,2
919493217,Pranav Singh,CSBS,8.50,3
537822842,Chaitanya Patel,EEE,9.50,7
331626625,Akhil Naidu,EEE,6.90,3
943610601,Pooja Verma,IT,8.22,2
157725268,Kavya Rao,MECH,8.07,4
459966470,Harini Reddy,EEE,7.75,8
683576556,Kavya Verma,EEE,9.56,4
387374324,Pranav Iyer,EEE,6.70,3
497469050,Janani Pillai,MECH,7.27,6
351816902,Bhavya Sharma,IT,8.26,3
938393075,Niharika Singh,IT,8.70,4
912313086,Rithanya Patel,CSBS,7.66,3
772599240,Chaitanya Iyer,AIDS,7.88,8
925422109,Harini Kumar,CSE,8.47,7
496918948,Bhavya Singh,CSE,9.37,7
794837383,Harini Patel,AIDS,7.95,3
659996015,Pranav Rao,AIDS,9.37,7
172646571,Divya Naidu,EEE,8.59,2
693148758,Chaitanya Naidu,MECH,7.50,1
534829116,Akhil Verma,EEE,6.87,6
658950570,Ananya Reddy,MECH,7.42,6
797757726,Deepak Patel,AIDS,8.44,6
260361450,Sneha Patel,EEE,8.07,1
463880003,Rithanya Rao,ECE,7.68,6
701288412,Naveen Verma,CIVIL,6.90,5
950930063,Karthik Naidu,AIDS,7.90,3
930807340,Tarun Menon,CSE,7.63,4
547401685,Madhav Singh,CIVIL,7.26,7
251421569,Yamini Reddy,CIVIL,8.64,4
407402349,Yamini Nair,EEE,9.55,1
602709293,Aditi Nair,IT,8.17,1
684776941,Sneha Chowdhury,ECE,7.56,3
226497200,Rahul Patel,EEE,8.28,2
906679968,Pooja Rao,CSE,6.52,1
416693481,Gautam Pillai,CSBS,8.45,5
843992665,Ishaan Verma,CSBS,8.48,7
696531525,Madhav Kumar,CSBS,9.36,2
883479478,Naveen Pillai,CIVIL,8.96,4
473495341,Chaitanya Rao,IT,8.50,8
659750611,Bhavya Patel,IT,7.94,2
945691375,Deepak Reddy,IT,9.39,5
473352674,Ananya Chowdhury,ECE,7.66,1
942418176,Bhavya Iyer,AIDS,9.51,5
126257303,Ishaan Reddy,CSBS,8.70,1
165045559,Deepak Iyer,AIDS,7.49,8
892132880,Vignesh Sharma,CSE,7.01,1
306092126,Madhav Iyer,CSE,8.81,7
817510429,Aditi Kumar,MECH,9.05,4
762377124,Rithanya Naidu,CSE,7.39,4
804173418,Yamini Iyer,EEE,9.13,7
207539156,Kavya Rao,EEE,6.71,2
167398695,Akhil Patel,CSE,7.12,4
607397084,Gautam Menon,EEE,9.52,1
486591090,Madhav Gupta,CIVIL,7.77,7
728246905,Rithanya Kumar,CSBS,9.53,5
937441982,Rithanya Patel,AIDS,9.67,7
621598753,Ananya Naidu,ECE,6.81,3
764203039,Bhavya Kumar,CSE,9.03,4
857769987,Meera Patel,AIDS,8.74,8
664808608,Gautam Singh,IT,9.36,5
373204820,Karthik Chowdhury,EEE,8.19,6
189147343,Bhavya Patel,AIDS,9.90,6
743309878,Tarun Menon,IT,6.72,3
207652240,Kavya Gupta,ECE,9.74,1
483671581,Divya Menon,EEE,8.08,7
591590150,Sneha Bhat,IT,9.79,1
560909411,Aditi Pillai,AIDS,9.09,7
826414320,Janani Bhat,AIDS,9.64,4
978373892,Ananya Pillai,MECH,9.00,4
196273097,Pooja Singh,EEE,7.42,6
323491313,Kavya Chowdhury,AIDS,7.88,2
814639389,Deepak Bhat,CSE,7.66,3
682237327,Chaitanya Gupta,ECE,8.10,1
458391776,Aarav Kumar,CIVIL,7.55,8
928020481,Tarun Nair,CIVIL,9.04,2
217618484,Naveen Nair,EEE,7.27,5
939290961,Niharika Bhat,IT,7.91,4
285360526,Rithanya Patel,AIDS,8.88,7
994726763,Harini Iyer,ECE,9.20,2
853821039,Pranav Singh,MECH,6.97,6
923692471,Rahul Sharma,ECE,9.42,7
638059748,Pooja Patel,CIVIL,7.34,4
955141940,Aditi Gupta,EEE,8.84,8
163367302,Madhav Menon,MECH,7.69,1
557892964,Meera Kumar,CSE,8.88,5
200555566,Akhil Bhat,CIVIL,9.09,5
269928233,Kavya Pillai,CIVIL,6.77,4
892222032,Rithanya Gupta,EEE,9.85,1
889231119,Akhil Bhat,IT,9.13,3
765780118,Gautam Verma,AIDS,8.31,2
598785330,Aarav Bhat,MECH,8.28,6
549774893,Rithanya Nair,ECE,7.10,5
447627363,Kavya Menon,CSBS,9.36,7
865251590,Divya Gupta,CSBS,6.85,3
887098438,Naveen Iyer,MECH,7.77,5
788196351,Yamini Chowdhury,AIDS,7.61,6
340828618,Bhavya Chowdhury,CIVIL,8.49,7
916500167,Ananya Naidu,MECH,9.11,5
928656039,Chaitanya Gupta,CIVIL,9.73,8
959717622,Aarav Chowdhury,ECE,9.23,5
377009770,Ishaan Nair,CSE,7.98,5
121904322,Chaitanya Patel,MECH,8.64,6
819386469,Gautam Sharma,EEE,7.61,8
304018034,Meera Iyer,CSBS,7.22,7
134804276,Madhav Nair,EEE,6.54,4
782812332,Vignesh Iyer,CSBS,9.31,7
560781852,Pranav Naidu,AIDS,6.93,7
315677223,Rahul Menon,EEE,9.77,8
133842777,Sneha Bhat,EEE,8.43,7
252240470,Aditi Verma,CSBS,7.74,3
587266547,Pooja Iyer,EEE,6.51,5
561010310,Aarav Rao,IT,9.85,4
654840706,Sanjay Kumar,CSE,8.41,3
961687622,Gautam Bhat,CSE,8.23,5
415904324,Varun Naidu,CSE,8.08,2
293245985,Harini Rao,CSE,8.68,5
773506877,Pranav Chowdhury,CIVIL,8.85,2
369394407,Karthik Verma,AIDS,7.81,1
452342258,Pooja Chowdhury,IT,8.18,5
503080617,Chaitanya Pillai,CSE,8.57,1
307759664,Aarav Iyer,EEE,8.27,2
967323674,Chaitanya Kumar,IT,8.83,1
120106469,Divya Kumar,MECH,7.25,3
438969248,Rithanya Reddy,EEE,8.17,2
842464304,Kavya Pillai,EEE,7.50,3
829721643,Niharika Pillai,AIDS,7.50,6
135699295,Harini Rao,AIDS,7.08,6
153624780,Vignesh Chowdhury,CSBS,6.65,1
519213316,Akhil Nair,CSBS,7.33,7
105546617,Divya Nair,EEE,9.16,7
472409135,Rahul Bhat,ECE,8.73,8
596794389,Meera Naidu,ECE,8.57,6
493897841,Aarav Chowdhury,CSE,8.34,5
561254486,Karthik Reddy,MECH,9.69,4
949749984,Ananya Patel,CSBS,6.60,4
325459402,Yamini Singh,AIDS,6.55,5
236869070,Deepak Naidu,ECE,9.46,6
900075719,Meera Kumar,CSBS,7.89,2
915067312,Tarun Chowdhury,CSBS,8.80,8
583442363,Naveen Kumar,ECE,9.06,5
983877694,Madhav Reddy,MECH,8.30,8
492066958,Niharika Sharma,CIVIL,7.73,1
120326201,Kavya Bhat,CSBS,7.77,3
521551915,Madhav Gupta,AIDS,9.82,4
589198123,Varun Menon,CIVIL,8.57,7
876634692,Rithanya Iyer,EEE,8.87,4
327944955,Ishaan Iyer,IT,6.82,1
685807892,Varun Verma,ECE,8.36,7
480278122,Bhavya Bhat,EEE,9.18,1
957789579,Karthik Rao,AIDS,9.38,7
626564122,Rahul Sharma,AIDS,9.86,6
675319071,Niharika Pillai,EEE,8.32,4
895493199,Divya Chowdhury,IT,8.85,5
730372122,Gautam Kumar,CIVIL,6.51,4
973362471,Janani Patel,CSBS,7.85,1
452375462,Rithanya Gupta,AIDS,6.91,4
774948939,Varun Bhat,CIVIL,7.41,4
226543320,Aarav Gupta,CSBS,6.76,1
831548272,Yamini Singh,ECE,7.79,4
350895198,Pooja Kumar,CIVIL,7.16,4
487367039,Pranav Rao,CIVIL,6.76,6
262034928,Niharika Chowdhury,AIDS,6.91,3
387105509,Akhil Patel,CIVIL,9.51,5
490113190,Ishaan Kumar,EEE,9.86,8
432031601,Meera Nair,EEE,7.75,4
106994942,Deepak Menon,IT,7.93,7
752632019,Rithanya Verma,ECE,6.81,8
772840580,Gautam Kumar,MECH,9.22,2
704168122,Sneha Bhat,CSE,7.04,6
601786195,Tarun Bhat,IT,8.17,2
415813095,Bhavya Nair,ECE,7.22,5
168467427,Yamini Kumar,MECH,8.04,6
949936101,Sneha Verma,CSBS,7.27,7
339928154,Chaitanya Kumar,ECE,9.03,2
740061457,Deepak Naidu,EEE,9.35,8
531378020,Vignesh Nair,CSE,6.97,1
191267379,Sneha Pillai,MECH,9.46,6
834338157,Vignesh Sharma,EEE,6.97,3
570482169,Naveen Rao,CIVIL,7.76,2
189923405,Karthik Pillai,AIDS,8.27,5
649895731,Aditi Iyer,AIDS,7.95,6
577173515,Kavya Kumar,IT,7.15,6
797477555,Meera Bhat,IT,7.53,3
622474380,Ananya Chowdhury,MECH,8.55,2
997241771,Akhil Verma,EEE,7.25,3
581199492,Pooja Iyer,CSE,7.53,2
929959518,Aditi Singh,MECH,7.84,8
705718550,Niharika Verma,AIDS,9.12,6
302515078,Kavya Bhat,CSBS,9.55,4
161768815,Kavya Singh,ECE,6.86,7
171853329,Yamini Kumar,CIVIL,8.11,3
759972557,Deepak Reddy,CIVIL,8.18,5
806118634,Karthik Menon,CIVIL,8.82,6
257567605,Varun Menon,CIVIL,9.49,5
389711589,Janani Pillai,CIVIL,8.44,2
667352139,Ananya Rao,CSBS,8.18,5
654352899,Deepak Rao,IT,8.59,6
241982896,Varun Gupta,CIVIL,7.57,6
399134797,Gautam Menon,MECH,6.65,5
247528928,Chaitanya Chowdhury,AIDS,7.85,5
801142868,Sanjay Verma,CIVIL,8.91,4
250409407,Janani Pillai,AIDS,9.87,4
920709630,Varun Rao,CIVIL,8.49,5
530998306,Bhavya Rao,CIVIL,8.57,3
513192983,Harini Verma,CSBS,8.09,2
981736481,Yamini Bhat,CSE,9.16,4
192429606,Divya Patel,CSE,8.61,4
622484330,Tarun Gupta,MECH,7.71,7
411203035,Tarun Patel,EEE,6.64,7
170792948,Karthik Chowdhury,MECH,9.67,2
758010028,Kavya Gupta,EEE,9.06,7
266126495,Rahul Patel,AIDS,6.86,7
262036006,Madhav Rao,CIVIL,9.38,8
957103307,Niharika Kumar,EEE,8.45,5
789752385,Rahul Patel,MECH,7.86,1
384209490,Aditi Naidu,MECH,6.52,1
136485777,Chaitanya Patel,MECH,8.45,2
277924008,Sneha Patel,ECE,7.11,5
829322087,Ananya Menon,CSE,8.30,6
693261802,Janani Singh,CSBS,8.78,3
596835152,Deepak Kumar,EEE,7.10,2
501481729,Akhil Sharma,CIVIL,9.77,7
777689170,Harini Naidu,CSE,6.99,1
484970234,Bhavya Rao,MECH,8.64,7
119987059,Akhil Nair,MECH,7.90,2
963563006,Gautam Naidu,ECE,8.56,6
728135507,Pooja Reddy,MECH,6.51,2
700449824,Divya Kumar,IT,8.42,1
278166468,Divya Verma,CSE,6.62,6
475954036,Rithanya Rao,ECE,8.95,7
569284322,Aarav Verma,CSBS,6.64,4
721730604,Bhavya Patel,CIVIL,7.32,4
668488618,Aditi Nair,EEE,9.07,1
986592401,Janani Patel,ECE,7.84,2
817393479,Aditi Menon,ECE,7.45,1
435721266,Yamini Reddy,AIDS,8.06,1
918837447,Janani Verma,MECH,9.07,4
696811363,Ananya Nair,EEE,9.48,5
206107836,Pranav Chowdhury,CSE,7.02,3
444510045,Varun Reddy,CSE,7.48,3
369656301,Vignesh Iyer,MECH,9.04,3
179710073,Aditi Sharma,ECE,8.94,8
216420517,Aarav Menon,EEE,7.18,5
783570927,Pranav Pillai,AIDS,7.16,4
447765380,Gautam Verma,CSE,9.84,7
716089815,Yamini Rao,AIDS,7.86,2
968776360,Rithanya Reddy,ECE,7.31,8
176613708,Varun Sharma,CIVIL,7.51,2
346345975,Harini Verma,ECE,8.61,4
877582157,Rahul Reddy,CSBS,6.67,7
686470946,Tarun Naidu,ECE,7.23,4
970722988,Akhil Sharma,CIVIL,6.87,8
528530351,Pranav Gupta,CIVIL,9.80,5
828388379,Deepak Singh,EEE,7.65,8
779754043,Janani Rao,MECH,8.72,2
956997058,Meera Rao,IT,8.81,1
639903455,Vignesh Bhat,MECH,7.22,4
536382814,Varun Bhat,AIDS,9.69,4
157569423,Janani Singh,AIDS,9.60,8
798109407,Akhil Patel,AIDS,6.95,6
794473216,Kavya Gupta,AIDS,9.69,3
178059834,Tarun Chowdhury,CSE,8.07,2
706915090,Tarun Rao,EEE,7.97,3
715697455,Akhil Reddy,IT,8.02,8
468873538,Yamini Bhat,ECE,9.52,7
609549367,Gautam Kumar,IT,7.35,5
185247655,Tarun Sharma,MECH,7.12,1
476373448,Naveen Patel,AIDS,9.51,3
168835976,Aarav Reddy,IT,9.77,6
601258281,Tarun Reddy,CSE,7.88,7
443549619,Varun Verma,CSBS,9.29,7
592770181,Yamini Nair,EEE,7.39,5
737857293,Tarun Sharma,MECH,9.83,4
909689923,Meera Gupta,MECH,6.73,5
962870497,Naveen Pillai,CIVIL,7.85,7
280685353,Tarun Nair,CIVIL,9.88,7
670615483,Pranav Verma,AIDS,9.24,7
328791143,Ananya Chowdhury,EEE,6.56,5
390214641,Sneha Pillai,CSBS,6.80,5
280253059,Rahul Gupta,CSE,8.33,3
728149154,Varun Naidu,MECH,7.87,5
582893869,Yamini Verma,IT,8.42,1
511464439,Naveen Rao,CIVIL,6.62,2
776526687,Madhav Rao,AIDS,9.86,6
447140254,Sneha Kumar,AIDS,7.80,2
450548488,Divya Iyer,MECH,7.65,1
866806432,Deepak Pillai,ECE,7.57,6
353009662,Sanjay Iyer,CIVIL,9.79,6
533104480,Janani Nair,CSE,6.68,1
197320580,Rithanya Naidu,CSE,8.41,6
410436177,Chaitanya Bhat,IT,7.56,2
510168529,Tarun Rao,IT,8.01,3
374114278,Rahul Chowdhury,AIDS,9.81,8
537159234,Pranav Nair,IT,7.98,5
650426186,Ishaan Bhat,ECE,7.18,2
224964935,Niharika Naidu,IT,7.20,3
939524902,Tarun Gupta,ECE,9.11,1
454975124,Vignesh Singh,CIVIL,7.32,6
578213977,Madhav Reddy,CSBS,9.52,5
321295135,Kavya Singh,CIVIL,8.62,1
769542338,Niharika Pillai,AIDS,8.76,1
853940721,Madhav Pillai,IT,7.98,6
536255621,Kavya Naidu,IT,7.93,6
229436807,Pooja Singh,AIDS,6.74,4
171371856,Meera Chowdhury,CIVIL,6.96,4
251399230,Sanjay Menon,CSBS,8.06,8
133495195,Vignesh Patel,CIVIL,6.74,6
660508965,Yamini Naidu,CSBS,9.03,3
144211445,Bhavya Gupta,CIVIL,6.76,6
773372043,Vignesh Patel,CIVIL,8.03,8
163071990,Tarun Pillai,ECE,7.74,1
135438446,Janani Sharma,EEE,6.85,8
239114105,Deepak Iyer,ECE,9.24,1
605972625,Rithanya Patel,IT,8.70,5
936150416,Vignesh Chowdhury,CSE,8.39,1
914756078,Madhav Naidu,ECE,8.87,3
580785196,Deepak Sharma,AIDS,9.57,4
207789709,Divya Bhat,AIDS,9.06,5
667601335,Vignesh Singh,CSE,8.00,3
728162133,Yamini Naidu,ECE,8.20,2
127180558,Kavya Chowdhury,MECH,9.87,5
348321130,Aarav Naidu,AIDS,6.68,8
622233883,Harini Pillai,IT,6.53,7
725257366,Rithanya Nair,ECE,8.76,8
270851064,Rithanya Gupta,EEE,6.61,2
439800423,Divya Singh,EEE,8.79,7
691205432,Harini Sharma,CSBS,9.57,5
463138186,Tarun Iyer,ECE,9.18,4
306106739,Akhil Gupta,EEE,9.87,1
957398878,Janani Verma,AIDS,7.87,7
450533538,Divya Chowdhury,IT,8.30,7
489164853,Bhavya Sharma,CSBS,7.17,8
507958648,Sanjay Chowdhury,MECH,7.50,8
456018569,Rahul Reddy,IT,8.00,1
423369469,Yamini Naidu,AIDS,6.93,2
765361951,Chaitanya Rao,CIVIL,7.08,4
289849283,Harini Nair,ECE,8.42,8
928447975,Sneha Naidu,AIDS,7.14,4
527337380,Madhav Menon,IT,9.51,4
413203068,Divya Singh,MECH,7.88,5
382616549,Rithanya Kumar,CSE,7.24,3
923937562,Yamini Rao,ECE,9.54,6
541222022,Janani Verma,CSBS,8.87,5
900921430,Aditi Pillai,MECH,7.77,1
464842971,Vignesh Patel,ECE,9.49,3
438362162,Aarav Menon,CSE,7.25,8
289442300,Harini Kumar,CIVIL,8.52,5
406739413,Aditi Verma,IT,9.12,5
339520318,Naveen Sharma,CSBS,7.93,2
745041881,Meera Gupta,IT,9.88,1
994065524,Varun Menon,EEE,7.70,1
805971293,Divya Sharma,EEE,7.98,3
944692032,Karthik Sharma,EEE,6.78,3
345944956,Deepak Verma,IT,8.86,5
858432183,Rahul Sharma,CSE,9.28,7
181163888,Yamini Nair,ECE,7.54,1
679798108,Vignesh Chowdhury,ECE,6.56,7
428867786,Pranav Gupta,ECE,9.52,4
326812883,Meera Bhat,EEE,8.99,1
666931186,Aarav Naidu,CSBS,6.63,3
613417253,Ishaan Chowdhury,CIVIL,7.14,1
372523841,Sneha Iyer,IT,8.05,1
344856733,Deepak Kumar,IT,8.91,8
345507125,Divya Pillai,EEE,7.96,4
608622857,Ananya Pillai,EEE,7.53,1
179306622,Kavya Verma,EEE,8.18,2
999086984,Pooja Sharma,CSBS,8.27,7
180539883,Vignesh Naidu,MECH,7.44,4
435187589,Meera Nair,EEE,7.05,5
271345884,Harini Gupta,CSBS,6.72,5
125883107,Rithanya Iyer,CSBS,8.36,1
531295253,Chaitanya Singh,CSE,9.76,7
602317277,Pranav Menon,CIVIL,7.65,3
207287173,Meera Singh,IT,8.29,5
234882896,Kavya Kumar,IT,8.21,4
232845557,Janani Nair,EEE,8.55,1
877691989,Rithanya Menon,CSE,6.80,8
425887763,Harini Pillai,CIVIL,9.38,3
919501261,Sanjay Nair,IT,8.13,2
257346219,Meera Rao,CSE,8.73,1
389027745,Madhav Rao,CSE,7.30,1
811524762,Rahul Gupta,EEE,9.20,2
339382468,Yamini Sharma,ECE,7.26,8
135151719,Ananya Chowdhury,CSE,8.46,7
668086510,Tarun Patel,CSBS,7.11,8
606525526,Ishaan Menon,MECH,7.45,2
541597579,Ishaan Bhat,IT,6.55,8
293876436,Deepak Kumar,CSE,8.60,4
425344870,Niharika Reddy,CIVIL,7.84,5
561289157,Ishaan Kumar,CSBS,8.86,5
131226809,Janani Bhat,ECE,9.79,8
744358950,Rithanya Naidu,CSBS,8.77,1
846117222,Sanjay Chowdhury,CIVIL,9.64,2
421266814,Pooja Rao,AIDS,6.60,4
960503192,Rahul Patel,ECE,7.11,6
489703554,Rahul Naidu,CIVIL,9.71,1
309627790,Chaitanya Reddy,EEE,9.84,3
419881503,Sneha Iyer,ECE,7.86,3
929472421,Madhav Naidu,EEE,8.62,5
274749840,Rahul Nair,IT,9.73,6
960373043,Niharika Bhat,EEE,8.50,7
532967688,Pooja Nair,CSE,7.84,3
257857879,Chaitanya Patel,MECH,6.82,8
563634370,Chaitanya Rao,MECH,6.94,6
291796656,Tarun Menon,IT,6.66,1
102539558,Divya Pillai,CSE,9.27,6
133183579,Rahul Reddy,EEE,7.32,4
893148554,Rahul Naidu,AIDS,7.20,5
427310825,Rithanya Iyer,CSE,8.08,1
635704183,Aarav Kumar,MECH,6.64,6
985277097,Meera Rao,IT,8.06,8
745073317,Bhavya Iyer,ECE,6.75,6
275521170,Meera Patel,MECH,8.64,7
132298581,Bhavya Chowdhury,CSE,8.04,3
762211254,Rahul Sharma,CSBS,8.81,4
992111971,Aarav Bhat,CSBS,8.55,2
200694161,Ananya Singh,CSBS,6.96,1
414082034,Yamini Naidu,CSE,8.72,1
816892589,Kavya Reddy,IT,7.47,4
100685349,Naveen Verma,IT,8.03,7
453179497,Sneha Nair,ECE,7.57,4
271326303,Sneha Naidu,AIDS,7.22,1
921986415,Karthik Nair,EEE,7.79,4
287203048,Rithanya Reddy,CSBS,8.25,2
327190769,Niharika Singh,CSBS,7.06,6
508565369,Aarav Menon,MECH,7.39,2
984482727,Harini Nair,CIVIL,8.63,4
868638042,Janani Sharma,MECH,7.66,6
967869380,Akhil Sharma,EEE,7.76,1
447246390,Chaitanya Sharma,CSE,8.23,4
969960036,Rithanya Kumar,CSBS,8.63,4
115534857,Sneha Nair,AIDS,7.79,5
480554262,Meera Pillai,AIDS,8.56,2
278022576,Rahul Sharma,ECE,9.22,8
391400872,Rahul Reddy,CSBS,8.81,8
489599957,Yamini Iyer,CSBS,6.97,7
128228654,Tarun Rao,CSE,7.03,6
414195948,Ananya Singh,MECH,7.88,5
944661930,Pranav Verma,CSE,7.90,6
445020499,Pooja Pillai,EEE,7.73,7
599061981,Madhav Gupta,ECE,9.44,1
353030031,Ananya Bhat,IT,7.76,3
737676697,Niharika Sharma,EEE,8.32,3
944006391,Ishaan Verma,AIDS,6.77,8
453532764,Gautam Rao,EEE,8.22,7
216051474,Divya Naidu,CSBS,9.72,6
559976263,Akhil Reddy,IT,7.75,1
367976071,Chaitanya Sharma,CSE,8.99,5
279902768,Deepak Naidu,IT,8.41,7
278008244,Janani Pillai,IT,8.89,7
813446755,Ananya Menon,IT,7.64,5
545954280,Bhavya Reddy,EEE,7.18,3
385236636,Rithanya Bhat,EEE,6.71,6
863796561,Tarun Iyer,MECH,7.03,7
920400405,Madhav Nair,CSBS,9.65,6
601366738,Madhav Pillai,ECE,6.92,1
651430221,Chaitanya Patel,CSBS,6.74,3
747111129,Sanjay Rao,EEE,8.63,1
443082904,Tarun Kumar,IT,7.20,1
385622530,Meera Chowdhury,EEE,9.85,2
936266360,Yamini Kumar,AIDS,6.62,4
945958475,Sneha Gupta,IT,8.75,7
841227437,Aditi Singh,MECH,9.32,2
670729504,Pranav Naidu,CIVIL,9.31,2
708488335,Chaitanya Patel,EEE,7.09,4
252878518,Rahul Nair,CSE,7.31,7
980481822,Karthik Kumar,IT,7.24,8
514861525,Aditi Sharma,AIDS,8.71,5
238180016,Bhavya Verma,IT,8.13,2
773849360,Rahul Reddy,EEE,6.68,4
131077835,Sneha Verma,CSE,7.29,3
801429973,Ananya Kumar,CSBS,6.99,6
232947253,Gautam Menon,MECH,6.64,6
787616447,Aditi Bhat,CIVIL,6.92,4
168863558,Gautam Rao,MECH,9.54,5
509906358,Bhavya Patel,CSE,7.84,3
957147974,Sanjay Kumar,AIDS,6.58,1
832213833,Bhavya Patel,EEE,8.63,2
288529507,Sneha Verma,AIDS,6.90,3
696913501,Yamini Iyer,CSBS,7.35,7
280803588,Niharika Reddy,ECE,7.53,1
751977393,Chaitanya Kumar,CIVIL,6.83,5
343329891,Yamini Naidu,MECH,8.07,3
915593273,Deepak Singh,CSE,7.50,2
880334941,Divya Menon,MECH,7.70,1
605037134,Sneha Bhat,MECH,7.94,8
202901767,Naveen Chowdhury,MECH,6.58,3
388429361,Yamini Nair,CSBS,8.37,1
400456710,Harini Rao,EEE,8.79,1
825653821,Pooja Reddy,CIVIL,9.38,4
532948080,Harini Naidu,ECE,8.68,1
483568971,Rahul Menon,ECE,8.49,6
406084806,Ishaan Chowdhury,CSE,9.42,1
214872990,Chaitanya Singh,IT,7.20,6
439773410,Kavya Patel,CIVIL,8.98,5
666549899,Aditi Rao,MECH,9.24,7
729173834,Deepak Menon,ECE,8.26,7
288623794,Ananya Singh,ECE,9.24,3
368455076,Aarav Kumar,AIDS,9.03,4
734160107,Varun Nair,CSBS,8.35,6
940477124,Deepak Menon,CSE,8.36,5
532593001,Karthik Rao,ECE,7.57,6
502532925,Aditi Pillai,AIDS,9.24,4
402788348,Bhavya Pillai,ECE,9.13,4
707956589,Aditi Verma,ECE,6.84,8
458810357,Madhav Sharma,CSBS,9.33,1
220759281,Pooja Nair,EEE,7.30,2
410706412,Deepak Iyer,CSBS,7.46,4
509007207,Rahul Menon,MECH,8.50,3
890768932,Pooja Singh,EEE,7.33,4
300329253,Sneha Chowdhury,CSE,7.94,5
858930250,Madhav Gupta,AIDS,6.54,1
373585019,Meera Rao,CIVIL,9.01,7
826830608,Bhavya Singh,CIVIL,8.96,3
823586242,Ishaan Verma,ECE,8.06,3
117328460,Varun Bhat,CSBS,8.49,6
682938151,Yamini Pillai,CSE,6.89,7
858680149,Kavya Patel,MECH,6.80,8
769578176,Deepak Kumar,AIDS,7.77,3
842953418,Deepak Gupta,CSE,9.28,2
514873106,Harini Sharma,CIVIL,7.10,1
563495982,Ananya Patel,MECH,9.90,2
946137599,Rithanya Chowdhury,AIDS,7.14,5
457628235,Niharika Rao,IT,9.56,4
116675963,Tarun Gupta,AIDS,8.27,2
842925097,Ishaan Reddy,CIVIL,9.44,6
506504997,Yamini Iyer,CSE,9.41,3
192036671,Pooja Iyer,AIDS,9.83,8
121272451,Madhav Gupta,EEE,9.59,4
282202139,Sanjay Rao,CIVIL,9.29,6
317986576,Vignesh Menon,CIVIL,9.78,6
866684967,Ishaan Gupta,ECE,8.76,6
241865567,Yamini Singh,CSE,8.32,4
567605836,Madhav Iyer,AIDS,6.69,8
724740721,Harini Menon,CSE,7.21,1
495466169,Deepak Nair,CSBS,9.48,4
517769053,Varun Patel,ECE,9.59,5
346573267,Aarav Naidu,IT,7.00,4
416700815,Tarun Nair,EEE,8.30,3
548450287,Deepak Naidu,MECH,9.34,6
869439693,Niharika Nair,CSBS,6.77,6
493762782,Gautam Reddy,EEE,9.37,8
288256926,Naveen Chowdhury,ECE,6.75,8
444767121,Bhavya Verma,EEE,9.83,2
994458774,Divya Patel,CSE,7.30,8
945441498,Kavya Nair,AIDS,7.62,3
891959642,Chaitanya Sharma,MECH,8.86,3
942973119,Varun Singh,EEE,8.23,5
724086506,Yamini Nair,CIVIL,6.85,7
729741935,Yamini Rao,MECH,9.77,8
996578902,Deepak Kumar,EEE,7.74,3
854471995,Aditi Menon,AIDS,7.03,5
166762275,Pranav Rao,CSE,9.47,2
953187338,Harini Singh,AIDS,9.29,4
573717457,Gautam Chowdhury,AIDS,8.89,7
572061497,Bhavya Menon,IT,9.45,6
178804116,Niharika Reddy,CIVIL,9.88,3
448813877,Bhavya Chowdhury,EEE,8.83,2
145284851,Harini Gupta,MECH,7.75,8
457714410,Chaitanya Reddy,ECE,7.51,8
376744043,Yamini Kumar,CSBS,9.19,5
136845704,Ishaan Reddy,EEE,7.71,6
818951318,Harini Bhat,AIDS,9.06,6
841248608,Naveen Reddy,EEE,9.69,8
938115540,Gautam Gupta,CSE,9.28,6
777422964,Yamini Iyer,AIDS,7.87,2
274476208,Vignesh Gupta,IT,9.32,7
145361860,Meera Nair,CSE,7.21,8
751457615,Deepak Menon,IT,7.38,3
857380462,Chaitanya Iyer,IT,6.83,4
897362837,Meera Chowdhury,MECH,7.80,7
900910858,Rithanya Patel,CSE,7.52,3
916482379,Ishaan Naidu,EEE,7.21,5
107000314,Pooja Singh,EEE,8.96,5
486156613,Sneha Verma,IT,8.09,1
429432646,Janani Reddy,IT,8.13,1
152071201,Bhavya Bhat,ECE,8.85,8
945350720,Vignesh Reddy,AIDS,7.93,2
805747123,Meera Reddy,MECH,8.39,8
593418483,Deepak Gupta,CIVIL,7.26,2
708869232,Rithanya Iyer,ECE,7.97,6
210010176,Pranav Verma,CSE,9.25,7
305153095,Rahul Sharma,CSBS,7.08,3
553934312,Pranav Pillai,IT,7.77,1
177393450,Aarav Kumar,ECE,8.98,8
322701793,Pranav Verma,EEE,9.06,3
356791197,Yamini Nair,CIVIL,6.52,4
404919009,Ananya Nair,MECH,8.66,1
532080150,Sneha Naidu,AIDS,6.80,4
125715091,Meera Sharma,CSBS,7.78,4
723681578,Sneha Bhat,EEE,9.50,5
140967274,Kavya Gupta,CSE,6.77,3
449491904,Rahul Sharma,ECE,8.81,5
641620803,Sanjay Kumar,MECH,8.01,5
694208332,Janani Pillai,IT,8.74,8
877852586,Karthik Patel,MECH,9.68,1
116979950,Sneha Gupta,CSE,7.87,7
902569870,Pooja Nair,MECH,6.50,3
473309368,Meera Menon,IT,9.01,1
326766100,Sanjay Naidu,ECE,9.64,1
816505948,Rithanya Sharma,AIDS,7.30,6
276218471,Gautam Naidu,AIDS,9.77,6
997885539,Yamini Sharma,MECH,8.08,5
591548924,Sneha Kumar,ECE,8.39,4
551306530,Ishaan Menon,AIDS,8.35,7
774520431,Ishaan Bhat,CIVIL,7.79,2
459439222,Niharika Gupta,CSBS,9.36,2
930779637,Sneha Chowdhury,IT,7.44,1
919358111,Pranav Singh,CSBS,8.71,7
633741087,Chaitanya Singh,CIVIL,6.52,6
865209606,Sanjay Sharma,CIVIL,7.82,2
427979209,Yamini Gupta,ECE,6.70,5
765201471,Ishaan Reddy,MECH,8.56,7
565066272,Varun Singh,IT,7.73,8
484883669,Tarun Pillai,ECE,8.01,7
875708717,Varun Kumar,IT,6.86,7
614504624,Harini Iyer,CIVIL,9.59,5
287060258,Rahul Rao,CIVIL,7.18,5
870975292,Sanjay Naidu,EEE,7.75,6
299898519,Deepak Pillai,EEE,8.18,3
592627796,Vignesh Verma,CIVIL,8.64,6
441634712,Kavya Nair,IT,8.36,7
245147781,Divya Reddy,ECE,8.76,3
472652241,Pranav Nair,CSBS,9.37,8
978362731,Pranav Singh,CSE,7.76,1
101192636,Bhavya Bhat,AIDS,9.83,8
361677156,Deepak Reddy,CIVIL,7.75,1
460617473,Akhil Pillai,IT,8.99,6
850315857,Yamini Rao,IT,6.92,4
882252400,Divya Naidu,CSE,6.84,3
724080886,Naveen Iyer,CIVIL,9.01,2
437974506,Harini Verma,CSE,8.25,7
229393212,Naveen Pillai,CSE,7.08,4
372128550,Sanjay Rao,ECE,8.06,2
895806412,Pranav Gupta,CSE,7.89,8
703494262,Ishaan Patel,IT,8.71,5
554620627,Varun Singh,MECH,7.30,1
948064031,Madhav Kumar,CIVIL,8.98,5
371984734,Aditi Kumar,ECE,8.56,6
285348183,Madhav Menon,EEE,7.23,6
783419695,Ananya Kumar,EEE,8.55,7
653700044,Janani Bhat,MECH,8.54,3
823662569,Ishaan Verma,CSE,9.04,3
605975100,Niharika Gupta,MECH,7.57,7
909284003,Ananya Verma,IT,9.42,3
626322854,Rithanya Gupta,IT,7.75,7
826829005,Janani Pillai,CIVIL,8.85,6
397953525,Deepak Gupta,CSE,7.05,8
143272811,Harini Bhat,CSE,8.42,8
770354774,Harini Reddy,AIDS,8.80,1
813227591,Pooja Chowdhury,MECH,9.15,1
924637819,Harini Naidu,CSBS,6.53,7
744241502,Kavya Sharma,IT,8.82,8
852259611,Karthik Patel,MECH,7.87,2
869016100,Rahul Gupta,ECE,7.18,6
474129934,Pranav Iyer,EEE,7.23,5
339783748,Naveen Pillai,CIVIL,9.60,2
353955443,Aditi Naidu,CSBS,8.26,1
807846486,Sneha Kumar,MECH,6.77,8
896151868,Ananya Menon,CSE,9.06,4
811599267,Gautam Patel,AIDS,6.56,8
461295445,Yamini Rao,MECH,9.22,2
710194639,Aditi Verma,CSBS,6.81,8
878987476,Akhil Chowdhury,ECE,7.39,2
120084698,Tarun Patel,EEE,7.57,4
755554059,Karthik Sharma,CIVIL,9.70,7
232553255,Aditi Naidu,IT,8.27,5
430373712,Ishaan Bhat,IT,8.40,2
929337136,Rithanya Singh,CSBS,9.43,7
937842646,Niharika Verma,IT,7.08,8
319714112,Karthik Pillai,MECH,7.76,5
797371406,Ishaan Bhat,IT,9.84,6
176573604,Deepak Menon,CSE,7.00,2
621842600,Kavya Chowdhury,CIVIL,6.94,7
574927293,Sanjay Kumar,CIVIL,9.50,3
905363740,Madhav Reddy,CSBS,6.97,3
790285256,Aarav Gupta,CIVIL,7.68,1
106989405,Harini Iyer,IT,9.26,4
605692777,Chaitanya Kumar,EEE,8.85,5
134393452,Ananya Gupta,IT,7.97,2
245678176,Meera Bhat,CIVIL,8.88,2
857662986,Pranav Pillai,CIVIL,7.98,2
275957654,Akhil Menon,AIDS,7.33,7
512012963,Aarav Menon,ECE,8.85,3
541244883,Sneha Gupta,EEE,6.98,8
894760037,Ishaan Verma,EEE,9.75,3
950977963,Tarun Pillai,CIVIL,8.45,7
525629208,Tarun Reddy,EEE,7.89,1
298231367,Deepak Naidu,ECE,6.86,2
357071020,Vignesh Verma,CSE,8.67,7
761974604,Janani Verma,CSE,9.70,6
519990267,Sanjay Menon,IT,7.57,8
144364497,Pooja Rao,ECE,7.38,1
410143596,Ananya Naidu,IT,9.79,2
113517228,Tarun Sharma,MECH,7.19,5
410544457,Tarun Chowdhury,IT,6.69,6
353783517,Deepak Gupta,AIDS,9.48,6
581587792,Ishaan Verma,IT,7.61,6
530753880,Yamini Patel,EEE,8.64,2
595240166,Divya Chowdhury,CSE,7.27,5
211190325,Harini Pillai,MECH,7.91,1
366520334,Sneha Iyer,CIVIL,8.79,5
735973779,Gautam Verma,AIDS,8.05,6
130694195,Sanjay Menon,CSBS,6.89,4
858061861,Vignesh Sharma,ECE,6.75,4
912278160,Divya Patel,CIVIL,7.97,4
149832051,Tarun Chowdhury,CIVIL,8.59,2
570820692,Rahul Menon,IT,8.44,2
931417422,Karthik Singh,ECE,7.27,7
563530655,Rahul Gupta,ECE,6.55,5
813484249,Bhavya Bhat,CSBS,8.04,5
453275550,Sneha Chowdhury,AIDS,9.44,3
339780239,Kavya Kumar,IT,8.07,8
574907700,Naveen Bhat,CSE,9.41,5
347268434,Varun Chowdhury,ECE,9.79,8
578035195,Ananya Patel,EEE,7.85,7
691798520,Sneha Verma,CIVIL,7.40,2
604031827,Deepak Iyer,ECE,9.80,7
912546288,Deepak Reddy,EEE,6.66,7
838518888,Ishaan Singh,IT,8.39,8
171339546,Karthik Kumar,EEE,6.98,2
330608903,Meera Verma,IT,9.14,1
984231249,Chaitanya Iyer,CIVIL,8.30,3
155215271,Meera Bhat,IT,7.36,8
307894469,Chaitanya Sharma,ECE,6.91,6
966940878,Pranav Rao,CSE,6.83,1
961448104,Madhav Bhat,EEE,7.63,8
956171153,Deepak Rao,IT,9.52,8
327819772,Karthik Singh,EEE,7.11,1
586966421,Chaitanya Gupta,CSE,9.60,3
439405340,Tarun Patel,CSBS,7.42,3
488176854,Tarun Gupta,CSE,7.93,1
134006580,Bhavya Rao,EEE,6.64,6
699545498,Pranav Chowdhury,AIDS,6.94,5
749768260,Chaitanya Naidu,MECH,7.89,5
873232677,Varun Verma,MECH,9.16,1
845034100,Janani Nair,CSE,7.95,1
413672882,Aarav Pillai,EEE,9.08,5
515304295,Niharika Gupta,IT,9.28,7
579868929,Naveen Patel,CIVIL,9.40,1
694168999,Rahul Patel,ECE,7.31,8
130843303,Akhil Singh,MECH,7.32,3
201504364,Janani Kumar,ECE,7.22,2
757364255,Naveen Chowdhury,CIVIL,8.43,6
973517866,Chaitanya Kumar,CSE,8.70,2
213125003,Varun Patel,ECE,8.03,8
956310176,Rahul Singh,CSE,8.48,2
934721416,Gautam Rao,MECH,8.84,7
705309462,Deepak Rao,EEE,7.25,1
934805747,Ishaan Gupta,CSBS,7.44,8
900752684,Ishaan Chowdhury,ECE,7.42,5
324306813,Ananya Sharma,CSBS,8.28,4
419491459,Niharika Nair,AIDS,9.28,3
198340435,Yamini Chowdhury,CSE,9.77,3
947289119,Janani Singh,IT,7.55,2
178451847,Chaitanya Kumar,IT,8.66,5
324454678,Akhil Sharma,EEE,8.54,5
527994044,Harini Bhat,CIVIL,7.42,3
162720532,Chaitanya Bhat,CIVIL,8.39,3
448456532,Harini Patel,MECH,9.39,7
418789993,Ishaan Menon,MECH,7.78,8
416462188,Meera Reddy,CSE,7.74,3
437159352,Bhavya Kumar,CSE,8.83,4
398377226,Pooja Reddy,EEE,7.76,6
402433739,Sanjay Patel,CSBS,7.26,1
158240918,Aditi Bhat,ECE,9.45,4
128481349,Niharika Sharma,CIVIL,9.78,4
229256023,Aarav Kumar,EEE,8.46,4
477663433,Janani Singh,AIDS,7.66,2
224696315,Deepak Verma,CIVIL,8.14,7
113539802,Yamini Pillai,EEE,9.87,7
298987260,Vignesh Pillai,CSBS,8.05,5
865383807,Rahul Verma,AIDS,8.37,7
630897082,Ananya Pillai,CIVIL,9.25,6
186954320,Deepak Singh,IT,7.93,2
113029551,Divya Reddy,IT,8.80,6
345670466,Ishaan Pillai,MECH,6.62,4
148770237,Akhil Verma,ECE,9.77,6
626426111,Deepak Menon,ECE,7.75,3
606227151,Akhil Gupta,AIDS,8.54,1
695663966,Ananya Kumar,CIVIL,9.84,6
273048951,Tarun Nair,CSE,9.66,3
433459666,Niharika Pillai,CIVIL,7.57,1
288816394,Aditi Bhat,CSBS,9.07,8
946743479,Naveen Chowdhury,CSE,6.69,3
911791582,Meera Rao,EEE,9.89,1
679758100,Gautam Chowdhury,ECE,7.17,3
583960312,Naveen Patel,CSE,9.48,6
400616609,Naveen Nair,AIDS,7.92,1
811216006,Rahul Verma,ECE,6.92,1
901958971,Tarun Bhat,CIVIL,8.81,1
272680442,Aditi Naidu,CSBS,7.70,7
605300111,Yamini Rao,EEE,9.58,2
113677543,Pranav Kumar,ECE,8.09,2
745675096,Yamini Nair,MECH,7.32,4
850398840,Tarun Sharma,ECE,9.62,6
485152660,Harini Menon,MECH,9.27,5
194932428,Bhavya Patel,CSE,6.94,6
815283157,Yamini Reddy,CSE,7.95,1
848694658,Pooja Menon,MECH,6.71,1
540577890,Deepak Iyer,CSBS,8.85,7
625617547,Karthik Chowdhury,CSBS,9.06,5
491023615,Chaitanya Reddy,CIVIL,6.69,8
787903921,Yamini Reddy,IT,8.94,1
276174029,Kavya Menon,MECH,7.31,1
198971710,Sneha Kumar,ECE,7.95,7
803477312,Tarun Pillai,EEE,8.73,1
339742726,Aditi Chowdhury,IT,7.13,3
485788414,Vignesh Iyer,CIVIL,7.62,8
704651523,Yamini Menon,IT,7.00,3
827084316,Ananya Reddy,MECH,7.07,7
513853997,Ishaan Menon,CSE,7.34,6
872985601,Aditi Naidu,IT,7.56,5
274112096,Bhavya Iyer,CSBS,6.53,7
832600014,Ananya Gupta,CSE,9.71,8
635342304,Niharika Sharma,IT,9.09,2
263902225,Rithanya Iyer,MECH,8.08,4
906680804,Aditi Iyer,ECE,8.75,6
863916802,Meera Pillai,CIVIL,8.03,6
683572063,Vignesh Menon,CSE,7.44,7
102004969,Meera Menon,CIVIL,6.71,1
165316755,Akhil Naidu,MECH,8.86,7
215271114,Ishaan Pillai,CSE,8.44,1
727980361,Pooja Iyer,EEE,7.29,2
358382364,Akhil Naidu,CSBS,9.82,4
128628314,Kavya Rao,MECH,9.44,8
112227648,Yamini Verma,IT,8.26,8
174491807,Aarav Menon,CSBS,9.68,2
938230829,Ishaan Sharma,CSBS,8.90,4
566918525,Rahul Kumar,IT,8.90,6
207663839,Deepak Sharma,AIDS,9.05,2
493279385,Kavya Reddy,ECE,9.01,2
596027995,Kavya Iyer,ECE,9.50,3
429560157,Rahul Nair,IT,9.15,7
602858481,Sanjay Kumar,CIVIL,8.69,4
653532942,Bhavya Sharma,EEE,7.00,8
225877943,Naveen Pillai,CSE,8.99,5
118624873,Gautam Sharma,MECH,8.02,6
917917767,Janani Patel,CSBS,8.62,4
372812945,Ananya Sharma,ECE,9.71,3
798109862,Gautam Reddy,AIDS,8.49,1
174236917,Bhavya Reddy,CIVIL,7.18,2
875065466,Ishaan Gupta,CSE,7.60,5
802990758,Sanjay Nair,CSBS,8.33,8
918829960,Sneha Naidu,AIDS,6.85,4
821710225,Harini Menon,CSBS,9.64,2
135406901,Akhil Menon,ECE,9.56,7
425512403,Vignesh Singh,EEE,9.43,6
171636346,Naveen Kumar,MECH,6.73,7
722897536,Gautam Reddy,CSBS,9.28,7
769044753,Sanjay Chowdhury,AIDS,9.72,2
206841475,Bhavya Nair,IT,7.13,6
435564718,Deepak Nair,AIDS,8.07,4
269899794,Tarun Nair,CSE,7.21,2
247890764,Divya Menon,AIDS,9.85,8
345564465,Madhav Verma,CSE,7.94,3
699447810,Varun Naidu,ECE,7.12,6
365175164,Rahul Patel,CSE,7.81,6
495499526,Janani Gupta,MECH,7.32,2
798550540,Sneha Nair,AIDS,7.41,4
170418148,Aarav Patel,CIVIL,9.22,8
750806207,Yamini Sharma,AIDS,7.53,7
588678103,Rahul Gupta,ECE,9.37,2
342813796,Madhav Iyer,IT,8.93,3
792071329,Vignesh Kumar,IT,7.20,5
819337682,Kavya Kumar,CIVIL,9.57,3
525783531,Ananya Naidu,IT,9.30,2
640312757,Deepak Patel,AIDS,8.02,4
971556030,Karthik Pillai,AIDS,8.38,4
440585106,Akhil Naidu,ECE,6.74,4
981345296,Harini Rao,AIDS,7.22,1
942698560,Harini Patel,MECH,7.33,5
163624500,Janani Rao,CIVIL,7.95,3
300074696,Meera Nair,ECE,8.82,5
741777403,Sneha Singh,CSBS,9.49,8
344482812,Aditi Nair,EEE,9.10,4
780699432,Naveen Sharma,MECH,6.98,3
353140899,Bhavya Chowdhury,ECE,9.44,7
557622710,Janani Patel,EEE,8.07,8
624038149,Divya Sharma,EEE,7.60,4
825114809,Gautam Kumar,EEE,8.35,4
778236670,Vignesh Patel,AIDS,6.74,4
211705739,Chaitanya Kumar,CIVIL,9.55,7
163630887,Yamini Verma,EEE,7.01,8
263246975,Aarav Iyer,CIVIL,7.05,4
718154855,Aarav Nair,EEE,8.03,5
162020963,Janani Gupta,EEE,7.52,7
734006369,Kavya Sharma,EEE,7.94,2
212921480,Akhil Naidu,AIDS,9.45,3
223881888,Niharika Rao,MECH,6.78,7
564453279,Aarav Gupta,ECE,9.03,5
704169204,Ananya Gupta,AIDS,7.43,2
887282886,Aarav Nair,AIDS,7.70,6
786458872,Naveen Menon,ECE,7.95,4
666909925,Karthik Singh,ECE,8.43,8
759978136,Varun Gupta,CIVIL,9.48,2
310401016,Varun Menon,CIVIL,7.20,2
348532305,Vignesh Nair,AIDS,7.84,6
930353220,Divya Gupta,CIVIL,8.11,2
118279040,Madhav Naidu,CSBS,8.78,8
792334886,Niharika Reddy,AIDS,9.56,1
890913401,Aarav Nair,AIDS,8.61,3
913583288,Akhil Chowdhury,MECH,6.77,6
998918509,Karthik Sharma,CSE,9.71,1
351989234,Ananya Bhat,MECH,8.52,4
199909598,Kavya Verma,ECE,8.27,1
183260572,Gautam Gupta,CIVIL,8.08,3
306983142,Aditi Kumar,MECH,8.17,6
701293155,Rithanya Reddy,AIDS,7.41,4
566689462,Ishaan Pillai,CSE,9.89,4
577690998,Pranav Sharma,CIVIL,7.43,7
774291310,Yamini Nair,ECE,8.55,3
198607945,Sneha Gupta,MECH,7.84,2
909815912,Deepak Patel,IT,6.95,7
570704377,Rahul Kumar,MECH,6.63,5
357584605,Yamini Singh,AIDS,8.32,4
615410535,Aarav Menon,ECE,6.81,8
697048470,Aditi Sharma,AIDS,7.41,3
280643542,Vignesh Reddy,CSBS,6.84,4
362083765,Deepak Sharma,CSE,8.70,4
295630977,Deepak Reddy,CSBS,6.53,1
707007331,Vignesh Chowdhury,ECE,7.86,6
812023280,Gautam Singh,CIVIL,9.29,4
769821416,Aditi Singh,CIVIL,7.29,6
944154013,Rithanya Rao,MECH,9.61,7
784214371,Sanjay Rao,CSBS,9.41,6
526833956,Sneha Naidu,AIDS,8.93,3
246716680,Sneha Singh,MECH,8.88,8
444480053,Pranav Singh,ECE,9.83,2
984282408,Sneha Nair,CIVIL,6.76,6
330091996,Meera Naidu,MECH,7.35,7
338182805,Karthik Naidu,AIDS,7.41,5
955398775,Sanjay Iyer,CIVIL,8.48,5
327847330,Sanjay Pillai,ECE,9.21,3
160455428,Varun Nair,CIVIL,7.02,7
528395896,Meera Reddy,CSE,7.03,3
146451572,Madhav Nair,ECE,9.07,4
890381765,Chaitanya Pillai,CIVIL,9.41,7
434536832,Bhavya Singh,IT,9.25,2
267524180,Meera Singh,MECH,7.06,6
610322976,Niharika Nair,IT,7.86,7
453411322,Sneha Reddy,IT,9.50,7
931944399,Chaitanya Sharma,MECH,8.59,2
577509646,Janani Chowdhury,IT,6.88,8
742952868,Naveen Chowdhury,AIDS,9.23,3
645683298,Meera Menon,AIDS,7.93,4
550953483,Ananya Menon,CIVIL,9.77,2
596939832,Aarav Chowdhury,IT,8.65,5
339390068,Ishaan Verma,MECH,8.92,8
544246433,Niharika Chowdhury,EEE,9.80,5
377367897,Naveen Nair,AIDS,7.26,8
145031009,Ishaan Pillai,CIVIL,9.80,5
654624756,Rithanya Sharma,MECH,7.78,1
929086523,Gautam Iyer,CSBS,6.73,5
965122579,Kavya Kumar,IT,7.51,3
618722201,Aarav Singh,ECE,8.96,3
486069061,Yamini Naidu,AIDS,7.70,1
855698496,Gautam Naidu,AIDS,7.59,1
328647511,Aarav Patel,IT,8.09,6
616220854,Kavya Chowdhury,EEE,9.37,5
405713414,Aditi Sharma,CSBS,6.82,4
359830309,Karthik Rao,MECH,8.42,2
324837343,Akhil Sharma,AIDS,9.42,4
124814816,Aditi Menon,AIDS,9.47,5
363347311,Gautam Singh,EEE,7.80,6
109757544,Sanjay Verma,EEE,7.92,1
689466661,Rithanya Kumar,CSBS,9.88,5
679505507,Rithanya Rao,CSE,8.31,8
868658794,Rithanya Patel,CIVIL,7.12,4
780200187,Aarav Singh,CSBS,9.26,7
128749897,Karthik Rao,AIDS,9.53,1
679404315,Meera Bhat,AIDS,9.64,3
270552513,Aditi Rao,MECH,7.01,1
310965589,Karthik Gupta,CSE,8.83,3
520755989,Ananya Pillai,EEE,8.83,3
526426520,Karthik Menon,MECH,9.42,2
544921642,Aditi Pillai,CSBS,6.80,7
909827154,Bhavya Kumar,EEE,9.53,2
578877023,Divya Bhat,CSE,7.57,7
406857508,Chaitanya Patel,AIDS,7.04,1
981741108,Ishaan Menon,MECH,7.48,8
691148975,Gautam Kumar,EEE,9.29,3
717639001,Akhil Verma,CSBS,8.52,6
754200285,Gautam Chowdhury,CIVIL,8.93,5
460389268,Gautam Rao,CIVIL,8.52,6
258795212,Tarun Kumar,IT,8.55,5
834453915,Niharika Pillai,MECH,7.76,8
545707772,Janani Singh,CSBS,8.03,3
556594334,Niharika Gupta,EEE,9.24,3
248558495,Rithanya Kumar,ECE,7.45,7
997515433,Madhav Menon,ECE,8.71,7
820922269,Ishaan Kumar,CSBS,6.75,2
532296768,Janani Naidu,IT,7.33,6
435067322,Harini Patel,MECH,8.96,8
530191164,Tarun Nair,ECE,9.06,2
173154538,Yamini Iyer,MECH,8.55,7
148409118,Rithanya Kumar,CSE,7.57,7
475717972,Akhil Nair,CIVIL,9.49,3
881467482,Madhav Naidu,EEE,7.94,6
773869068,Sanjay Verma,AIDS,6.70,8
404255111,Ishaan Chowdhury,ECE,7.55,4
901778845,Rahul Menon,MECH,8.73,1
162161658,Pooja Rao,EEE,7.17,3
873520140,Akhil Reddy,MECH,6.62,2
772068032,Sanjay Pillai,AIDS,9.87,5
387195267,Chaitanya Sharma,CSBS,7.99,2
900731276,Deepak Nair,MECH,7.21,6
363498868,Aditi Gupta,CSBS,8.23,5
636021347,Vignesh Chowdhury,CSBS,7.55,7
746237992,Divya Pillai,CSE,8.15,6
692885000,Divya Iyer,CSE,8.45,3
603487072,Meera Naidu,CSE,6.53,5
795226052,Rahul Pillai,AIDS,8.85,6
457087792,Yamini Menon,MECH,7.37,8
888549955,Ananya Naidu,MECH,9.35,2
436263252,Ananya Kumar,IT,8.10,5
933140268,Ananya Sharma,IT,8.52,4
603465707,Janani Kumar,IT,8.00,4
408595877,Chaitanya Singh,AIDS,7.41,4
926062675,Rithanya Naidu,ECE,8.64,2
840100197,Kavya Patel,EEE,7.62,3
978237644,Pranav Chowdhury,AIDS,8.19,3
517132063,Vignesh Nair,EEE,8.50,7
263106838,Harini Kumar,MECH,7.07,1
784730006,Yamini Pillai,CSE,8.56,7
293099196,Yamini Verma,CSE,9.00,4
748987103,Varun Menon,AIDS,6.76,8
456696584,Pranav Chowdhury,ECE,7.84,5
280162628,Sneha Chowdhury,MECH,9.59,3
803526203,Vignesh Singh,AIDS,7.57,7
818457031,Yamini Rao,IT,8.43,3
211550334,Meera Reddy,AIDS,8.92,5
891558184,Rithanya Bhat,AIDS,7.44,7
689190521,Meera Kumar,MECH,9.89,2
424419945,Chaitanya Reddy,ECE,8.12,8
298215597,Yamini Naidu,CSBS,8.45,8
961573614,Karthik Singh,CIVIL,6.95,6
581847098,Ananya Verma,EEE,8.97,6
347527196,Yamini Gupta,CSE,7.33,3
711198878,Aarav Gupta,CSE,6.76,3
240798228,Vignesh Chowdhury,EEE,8.28,3
592892996,Chaitanya Reddy,CIVIL,9.52,1
153396152,Ishaan Rao,CSE,9.70,8
902359618,Deepak Naidu,AIDS,7.17,2
999447299,Divya Kumar,AIDS,8.49,5
645035904,Divya Patel,CSE,6.70,3
828801046,Madhav Kumar,CIVIL,8.63,6
117076645,Madhav Sharma,IT,7.86,5
190605636,Madhav Sharma,EEE,6.88,8
817154664,Gautam Nair,CSE,8.01,3
732969180,Vignesh Bhat,CIVIL,7.42,3
249210693,Naveen Menon,CIVIL,6.99,7
320400420,Rithanya Bhat,ECE,7.63,1
330360931,Ananya Gupta,MECH,7.60,3
602161325,Harini Nair,MECH,6.69,8
937342885,Sneha Menon,CIVIL,8.01,1
210544158,Ishaan Iyer,AIDS,8.83,6
714103667,Akhil Reddy,CSE,8.50,6
582654142,Akhil Chowdhury,MECH,8.59,4
449081407,Janani Patel,IT,9.89,8
979000711,Naveen Menon,CIVIL,8.55,6
526148463,Chaitanya Kumar,ECE,8.32,6
252718111,Harini Singh,MECH,8.71,5
579081329,Madhav Sharma,CIVIL,8.91,5
550548740,Vignesh Iyer,MECH,9.67,7
769182121,Divya Kumar,IT,8.28,1
141427938,Meera Gupta,IT,8.18,4
792383268,Tarun Kumar,AIDS,7.81,1
266265028,Gautam Nair,ECE,8.03,3
593813865,Sneha Menon,CSBS,7.48,6
846991460,Sneha Sharma,CIVIL,9.15,5
788539025,Niharika Chowdhury,CSE,9.26,5
410044716,Yamini Menon,AIDS,8.05,5
549342849,Vignesh Gupta,CSBS,9.39,7
389980935,Bhavya Rao,MECH,6.88,6
477143102,Harini Naidu,AIDS,8.57,7
574660089,Niharika Reddy,EEE,7.61,1
506904052,Madhav Bhat,CSE,7.05,7
225105046,Vignesh Nair,CIVIL,8.38,4
982020235,Aarav Iyer,EEE,8.41,7
374256916,Bhavya Verma,EEE,7.51,2
337929386,Naveen Verma,IT,7.51,5
524961738,Chaitanya Bhat,EEE,9.56,8
861020698,Vignesh Singh,EEE,8.68,3
295740320,Divya Reddy,AIDS,6.75,5
503634166,Sanjay Rao,EEE,7.92,3
814935291,Akhil Patel,CSE,8.33,4
544778880,Rahul Verma,CSBS,7.86,2
415381045,Ananya Nair,CIVIL,7.03,6
219209804,Varun Pillai,CSE,8.31,8
183643183,Rahul Verma,MECH,7.08,3
173029675,Sanjay Naidu,EEE,6.96,5
568892096,Divya Pillai,EEE,7.65,5
434267491,Chaitanya Kumar,IT,7.13,5
466229892,Pranav Bhat,CSE,9.04,3
727866364,Kavya Patel,IT,7.38,4
126678933,Niharika Menon,ECE,7.99,6
762482318,Sanjay Gupta,ECE,9.73,6
585777953,Divya Iyer,AIDS,7.52,4
173572871,Divya Naidu,CSBS,8.05,4
286930906,Niharika Gupta,CIVIL,7.90,2
404152818,Harini Chowdhury,CIVIL,9.04,1
945430939,Chaitanya Gupta,MECH,8.10,6
928550093,Yamini Rao,EEE,7.80,7
952505828,Sanjay Pillai,EEE,8.26,3
659738197,Janani Gupta,CSE,8.99,4
871375295,Naveen Bhat,CIVIL,7.04,4
691702739,Kavya Rao,MECH,9.67,6
885045683,Varun Singh,AIDS,9.36,1
332565829,Naveen Verma,MECH,8.70,2
202681075,Kavya Pillai,EEE,8.07,5
901172513,Akhil Verma,CSBS,9.29,3
681204058,Bhavya Patel,CSBS,7.63,2
619626133,Kavya Patel,CSE,7.08,1
825914267,Janani Menon,CIVIL,8.41,4
859473513,Yamini Pillai,MECH,8.73,8
853604099,Bhavya Bhat,IT,8.01,4
554864234,Sneha Patel,IT,8.67,3
714119925,Sneha Chowdhury,CSBS,8.01,5
869428107,Meera Nair,CSBS,9.79,7
237560048,Divya Patel,CIVIL,6.82,5
882547658,Rithanya Menon,CSBS,7.70,2
813207360,Sanjay Singh,CSE,7.13,6
269800600,Divya Verma,EEE,6.66,5
312362041,Janani Rao,MECH,9.60,3
487121476,Deepak Nair,CIVIL,9.58,6
603913524,Karthik Pillai,CIVIL,9.16,3
970996592,Ananya Naidu,EEE,9.58,8
637988339,Aditi Rao,AIDS,7.61,8
152318277,Akhil Nair,AIDS,6.58,3
219970156,Deepak Sharma,MECH,8.34,1
307292124,Sanjay Patel,CSE,9.00,3
795664054,Ananya Kumar,ECE,7.14,4
715325305,Rahul Bhat,CIVIL,9.34,4
188380779,Ananya Patel,CSE,7.50,1
659569786,Divya Nair,IT,9.67,1
365432609,Divya Reddy,AIDS,7.36,5
864958825,Pooja Pillai,MECH,7.21,3
207397511,Naveen Singh,ECE,9.78,3
814151364,Janani Kumar,MECH,7.70,3
137029225,Pooja Gupta,EEE,7.11,8
284319028,Ananya Sharma,CSBS,9.15,1
734028482,Rahul Patel,AIDS,6.76,2
956059755,Madhav Chowdhury,CSE,7.02,1
119582217,Sneha Rao,CSBS,7.42,7
404023015,Akhil Naidu,MECH,8.70,8
298778070,Janani Gupta,CSE,9.47,3
635837939,Tarun Patel,AIDS,7.42,1
545819741,Harini Singh,MECH,9.08,3
776097885,Niharika Nair,CSBS,9.36,1
310049278,Janani Patel,AIDS,8.48,8
624167398,Sanjay Iyer,CIVIL,8.19,3
345380166,Kavya Verma,CIVIL,7.80,7
219442423,Aarav Chowdhury,CSBS,7.02,6
208718478,Pooja Singh,ECE,8.12,6
641503670,Tarun Verma,ECE,8.03,7
189274898,Ishaan Pillai,IT,7.14,1
358642133,Chaitanya Verma,CSE,6.88,8
233443410,Meera Menon,CSBS,8.19,6
683831276,Madhav Kumar,CSE,7.59,7
430491233,Rahul Singh,CSE,7.24,6
285498368,Niharika Verma,EEE,7.47,7
695999637,Deepak Singh,MECH,8.26,4
548182541,Yamini Gupta,MECH,9.83,2
403311255,Ananya Iyer,CSE,6.54,1
736893811,Ananya Kumar,EEE,8.30,7
416560643,Pranav Patel,CSE,9.45,3
451328332,Karthik Gupta,EEE,8.32,7
368710052,Ishaan Naidu,CIVIL,8.75,5
362853788,Pooja Bhat,EEE,7.94,6
672967409,Meera Kumar,CIVIL,9.01,2
398987297,Rahul Menon,MECH,6.52,4
891857457,Ishaan Iyer,CSBS,9.87,1
255732466,Chaitanya Gupta,CIVIL,6.96,5
316972153,Deepak Bhat,CSE,9.17,6
578340239,Akhil Bhat,AIDS,8.64,3
915697726,Meera Kumar,CSE,9.58,1
101209188,Yamini Kumar,IT,7.60,5
773457137,Sneha Iyer,EEE,6.94,3
319857837,Niharika Kumar,CSBS,7.38,6
667720558,Pranav Menon,AIDS,7.10,5
246338556,Tarun Rao,CSBS,7.87,8
546617918,Chaitanya Sharma,AIDS,9.15,6
713577994,Sneha Singh,EEE,7.47,5
829612810,Ishaan Pillai,CSE,8.33,1
559850976,Vignesh Nair,CSBS,7.39,3
449502960,Yamini Menon,ECE,7.28,6
548046932,Madhav Singh,MECH,8.22,3
819221123,Yamini Sharma,CSBS,8.46,3
281967624,Ananya Verma,AIDS,6.81,5
971433503,Aarav Reddy,AIDS,9.34,6
916859340,Karthik Singh,CSBS,7.19,4
151932022,Harini Nair,ECE,7.35,6
465185111,Pranav Bhat,ECE,7.47,6
197450250,Ishaan Reddy,IT,9.80,3
304776391,Karthik Rao,EEE,8.44,8
363859255,Kavya Nair,CSBS,6.63,6
207800439,Kavya Patel,CIVIL,7.02,1
329785597,Harini Patel,ECE,6.97,8
624589574,Aditi Patel,ECE,7.94,6
821708970,Gautam Singh,CIVIL,6.52,2
718284803,Pranav Verma,MECH,8.26,4
297959201,Rahul Menon,CIVIL,8.83,2
845594244,Naveen Chowdhury,ECE,9.26,7
944296066,Chaitanya Nair,IT,8.47,2
120896161,Harini Chowdhury,IT,6.52,2
848213280,Pranav Chowdhury,CSE,7.56,4
411472379,Niharika Pillai,AIDS,7.16,1
956586141,Ananya Singh,IT,8.49,6
543988327,Niharika Pillai,EEE,8.08,7
406334206,Harini Menon,CIVIL,9.73,2
420633572,Ananya Patel,MECH,9.23,4
104334585,Bhavya Pillai,ECE,7.63,2
754492718,Bhavya Iyer,MECH,7.26,3
972344006,Harini Verma,CSBS,9.01,7
178821520,Akhil Kumar,CSE,7.42,4
891842552,Vignesh Bhat,EEE,8.39,1
899052264,Rithanya Patel,CSBS,6.84,4
631015371,Niharika Reddy,AIDS,8.74,7
800105295,Vignesh Nair,CIVIL,8.24,3
122853789,Gautam Reddy,EEE,9.41,3
728415225,Sanjay Menon,EEE,8.26,4
287887847,Deepak Reddy,CSE,9.02,4
333599356,Janani Chowdhury,IT,6.89,8
369945195,Aditi Sharma,CSE,6.86,1
609910035,Aditi Bhat,CSE,7.89,7
617351025,Kavya Singh,CIVIL,8.91,2
413028200,Bhavya Naidu,CSBS,7.33,4
415652040,Harini Naidu,MECH,9.71,1
411961831,Aarav Nair,AIDS,8.30,3
903124467,Bhavya Gupta,CIVIL,9.06,2
765128582,Niharika Patel,CSE,6.54,1
696267390,Sanjay Kumar,CIVIL,8.80,3
889758632,Kavya Nair,IT,7.34,5
849788119,Harini Verma,AIDS,7.33,2
831664265,Madhav Gupta,MECH,9.44,6
144505175,Pooja Gupta,ECE,9.54,4
144871026,Akhil Patel,CSBS,7.88,3
861062303,Deepak Kumar,CIVIL,7.67,2
236747353,Varun Rao,IT,7.52,1
917282837,Pranav Pillai,CIVIL,8.67,2
262329565,Vignesh Iyer,AIDS,9.54,8
666659550,Janani Rao,ECE,9.28,8
545716029,Rahul Naidu,CSE,7.58,3
397676833,Divya Rao,IT,8.73,1
595515438,Sanjay Singh,CSBS,8.87,6
969595498,Janani Bhat,MECH,8.93,5
161514990,Varun Menon,EEE,8.63,5
546327145,Rithanya Pillai,CIVIL,8.20,7
341348725,Niharika Gupta,CIVIL,7.47,7
923459445,Aditi Nair,CIVIL,9.61,6
700867125,Aarav Nair,CIVIL,7.89,7
974701317,Varun Naidu,MECH,9.90,3
782893597,Akhil Nair,AIDS,8.22,3
722652275,Meera Iyer,CSBS,7.65,6
931587634,Sneha Naidu,CSE,8.75,5
360718906,Tarun Naidu,AIDS,7.93,7
959904074,Pranav Naidu,AIDS,8.57,6
954002778,Naveen Bhat,IT,7.80,8
321392783,Harini Gupta,EEE,9.89,2
104731170,Ishaan Pillai,CSE,8.37,3
264416007,Janani Gupta,ECE,9.39,2
429802249,Pranav Bhat,CSE,9.46,4
566109889,Harini Iyer,CSBS,6.54,5
447751922,Aarav Iyer,AIDS,7.22,5
530219138,Janani Sharma,CSE,8.29,3
508461878,Vignesh Reddy,AIDS,9.39,7
131125449,Bhavya Nair,AIDS,6.58,5
517103111,Rahul Bhat,IT,9.47,8
158243861,Varun Kumar,IT,8.36,7
412406699,Gautam Bhat,ECE,9.42,4
318913791,Naveen Gupta,CIVIL,9.86,2
371881540,Pooja Bhat,EEE,8.74,7
145358961,Akhil Rao,MECH,7.63,5
933658538,Aarav Kumar,EEE,7.91,7
736937982,Aditi Naidu,ECE,8.04,6
599034402,Aarav Rao,ECE,6.96,6
696317283,Aarav Singh,CSE,9.65,6
612935968,Rithanya Patel,EEE,8.21,6
834405804,Janani Kumar,CSBS,6.87,1
909001896,Varun Pillai,CSE,6.90,5
479511800,Rithanya Menon,AIDS,7.12,4
694319242,Vignesh Chowdhury,IT,6.78,4
613199493,Rithanya Nair,CIVIL,9.10,4
204776953,Gautam Bhat,CIVIL,6.51,6
186432085,Vignesh Sharma,CSBS,7.98,3
541592246,Madhav Patel,MECH,7.22,5
447394939,Kavya Kumar,CSE,7.67,6
766915805,Vignesh Singh,EEE,9.79,8
231486920,Karthik Bhat,ECE,7.14,1
532185052,Karthik Verma,IT,8.92,7
628002178,Rithanya Chowdhury,ECE,8.04,5
636121266,Sneha Iyer,CSBS,8.27,4
869666573,Divya Kumar,CIVIL,9.53,4
745555125,Harini Patel,CSE,8.64,5
226411960,Vignesh Rao,AIDS,7.09,6
602205734,Rithanya Nair,AIDS,8.27,3
619213838,Divya Singh,CSBS,8.85,5
553298949,Pooja Bhat,EEE,7.13,7
288365465,Sanjay Reddy,MECH,9.69,8
362966755,Sneha Reddy,IT,7.13,6
500076528,Gautam Verma,CSE,9.70,5
211176178,Ishaan Verma,ECE,7.24,6
778367682,Ishaan Sharma,CIVIL,8.03,4
694730470,Rithanya Verma,CSBS,6.65,7
815723895,Yamini Reddy,EEE,7.23,7
601506559,Gautam Sharma,CSE,9.00,4
513690290,Rahul Nair,CSE,7.61,5
840760876,Chaitanya Pillai,CSBS,7.98,1
182641980,Bhavya Iyer,MECH,9.11,2
574492244,Chaitanya Rao,CSE,7.93,7
875960687,Sneha Verma,MECH,7.62,6
667349983,Meera Menon,IT,7.78,7
966683762,Yamini Rao,AIDS,8.78,7
251849291,Gautam Verma,ECE,8.50,2
112726956,Vignesh Menon,AIDS,8.46,2
446348905,Akhil Naidu,CIVIL,9.11,1
304908765,Kavya Nair,AIDS,9.25,1
178913553,Ishaan Pillai,ECE,7.89,8
902199462,Harini Kumar,CSBS,9.36,7
398594156,Pranav Kumar,CSE,7.48,6
194670592,Harini Gupta,ECE,8.46,3
398736799,Akhil Singh,CSE,9.38,2
991223536,Karthik Rao,CSE,9.17,4
107919560,Divya Nair,CSE,7.94,1
696813630,Rithanya Pillai,AIDS,7.77,8
122581366,Chaitanya Verma,CSE,6.87,8
871242704,Tarun Gupta,EEE,6.68,7
995145209,Janani Kumar,ECE,8.11,5
253131403,Janani Chowdhury,MECH,6.62,8
475721673,Aditi Reddy,MECH,7.89,7
434664733,Divya Menon,CSE,8.19,3
357583898,Vignesh Bhat,MECH,9.13,3
647371950,Pooja Bhat,CSE,7.89,6
961188212,Rithanya Iyer,CIVIL,9.84,7
943069207,Pooja Singh,IT,9.86,8
916098321,Janani Singh,ECE,6.77,7
807727573,Varun Reddy,IT,6.96,3
300726462,Harini Patel,CIVIL,7.91,4
892792880,Tarun Reddy,ECE,9.03,1
757244544,Yamini Bhat,EEE,9.49,6
802717210,Kavya Naidu,MECH,6.54,4
378190715,Bhavya Sharma,CSE,7.98,2
316079288,Bhavya Gupta,MECH,9.06,3
398350605,Varun Bhat,MECH,8.05,2
163772780,Janani Gupta,EEE,8.15,6
434681845,Sneha Chowdhury,IT,6.67,6
522384310,Deepak Nair,EEE,6.70,8
440938851,Divya Gupta,CIVIL,8.68,3
215789774,Sanjay Chowdhury,AIDS,9.11,2
729424224,Kavya Singh,ECE,9.87,2
439665351,Meera Kumar,CIVIL,9.33,3
189307037,Chaitanya Kumar,EEE,6.72,2
869020053,Akhil Kumar,MECH,8.06,8
185078955,Chaitanya Menon,AIDS,6.68,4
493144977,Aditi Kumar,AIDS,9.79,6
190892388,Gautam Patel,CSE,7.71,4
335165181,Naveen Bhat,ECE,8.38,1
206834745,Niharika Bhat,AIDS,7.64,6
103346782,Karthik Patel,MECH,8.71,3
850958094,Rithanya Sharma,IT,9.13,4
743353427,Divya Naidu,AIDS,9.32,7
792511060,Kavya Bhat,CIVIL,7.17,7
196537996,Gautam Menon,MECH,7.66,8
782257083,Ananya Sharma,EEE,9.80,7
540316988,Naveen Iyer,ECE,6.87,6
346077443,Sanjay Rao,EEE,7.22,3
695513062,Gautam Rao,EEE,8.36,4
356273090,Ananya Iyer,IT,7.10,7
883483660,Janani Singh,MECH,8.28,3
254028123,Janani Iyer,MECH,7.16,3
934827245,Divya Nair,AIDS,7.29,6
202954462,Vignesh Patel,CSE,7.34,3
150510785,Divya Verma,CIVIL,8.86,3
732043412,Yamini Rao,MECH,6.64,2
760781921,Aditi Iyer,EEE,9.86,8
144581137,Varun Naidu,AIDS,7.90,7
634187165,Rahul Reddy,CIVIL,7.42,4
265436312,Naveen Kumar,CSBS,7.65,2
272395684,Karthik Menon,CIVIL,6.60,5
561011149,Naveen Chowdhury,MECH,8.42,2
464829149,Sneha Verma,CSBS,6.69,1
475294981,Chaitanya Bhat,CIVIL,8.65,2
714752254,Gautam Rao,CSE,7.66,7
271251893,Meera Chowdhury,MECH,9.80,8
653054609,Pranav Kumar,CIVIL,7.77,8
300056317,Ishaan Verma,CSBS,9.10,1
939794387,Harini Kumar,CIVIL,8.48,6
492071571,Rithanya Chowdhury,ECE,7.21,4
259276686,Rahul Verma,ECE,7.61,5
241992886,Vignesh Chowdhury,CIVIL,7.45,7
324174877,Deepak Naidu,CIVIL,7.57,4
653537898,Karthik Naidu,ECE,9.10,7
888291873,Pranav Rao,EEE,6.95,8
831932375,Ananya Kumar,ECE,6.67,8
758971583,Akhil Singh,CIVIL,7.44,4
588431570,Pranav Verma,CIVIL,9.38,5
283661238,Aditi Singh,CSBS,9.43,6
535884435,Deepak Gupta,IT,6.76,5
375581905,Akhil Naidu,IT,7.21,3
358235103,Naveen Menon,AIDS,7.71,4
493231573,Gautam Sharma,CSBS,9.01,1
699303561,Aarav Sharma,CIVIL,7.40,2
561695282,Niharika Gupta,IT,8.02,8
981133237,Rithanya Pillai,EEE,9.41,2
373738281,Naveen Menon,IT,9.73,8
173425260,Naveen Nair,CIVIL,7.93,2
135029992,Varun Verma,IT,7.94,2
231664120,Gautam Kumar,AIDS,7.11,4
793783476,Akhil Naidu,EEE,8.46,4
218369375,Karthik Sharma,EEE,9.74,3
931716817,Janani Reddy,ECE,6.70,3
531125053,Tarun Sharma,CSBS,9.22,4
895756581,Naveen Sharma,IT,8.92,4
144485428,Madhav Pillai,EEE,8.22,3
510053944,Divya Menon,CSBS,6.93,5
452221649,Akhil Naidu,AIDS,8.57,1
773719051,Ananya Kumar,CSE,9.87,4
871297093,Chaitanya Reddy,ECE,9.30,8
554194753,Pranav Gupta,ECE,9.34,8
586969127,Tarun Iyer,CSE,6.56,6
619330289,Pooja Singh,CSE,9.84,8
232935877,Janani Iyer,CSE,8.13,8
720958274,Madhav Rao,EEE,8.73,5
349872864,Naveen Sharma,MECH,9.88,4
707675812,Ananya Rao,ECE,9.22,5
440571338,Pranav Chowdhury,CSE,8.99,1
351461690,Ishaan Nair,ECE,7.20,8
912702969,Aditi Patel,EEE,8.60,5
990029106,Rithanya Menon,EEE,9.10,6
437795816,Rithanya Naidu,CSBS,8.32,4
904820283,Deepak Sharma,CSBS,6.63,3
731417155,Akhil Rao,MECH,9.32,4
232692369,Harini Bhat,CIVIL,7.55,5
392748257,Yamini Naidu,IT,9.69,7
260193674,Madhav Chowdhury,EEE,9.17,4
899085742,Harini Nair,CIVIL,9.31,2
645146648,Akhil Sharma,ECE,9.04,6
515798765,Gautam Chowdhury,EEE,6.65,7
731561605,Janani Gupta,CSE,8.38,3
887130570,Aditi Kumar,IT,6.75,7
898265075,Harini Iyer,IT,7.18,4
265434262,Chaitanya Pillai,IT,6.93,1
376308384,Ananya Patel,CIVIL,8.34,8
274120565,Naveen Verma,CIVIL,9.50,4
645191724,Deepak Nair,MECH,6.85,4
951591800,Janani Reddy,AIDS,7.61,6
651984942,Deepak Chowdhury,CSE,6.83,2
943986343,Varun Bhat,IT,8.14,1
781907235,Harini Chowdhury,AIDS,8.06,1
165080209,Pooja Singh,AIDS,8.16,6
730380341,Niharika Iyer,CSE,9.22,5
253426665,Gautam Gupta,CSBS,6.71,7
442930251,Ananya Patel,EEE,8.39,2
414078113,Varun Kumar,IT,6.55,8
142900514,Ishaan Rao,EEE,7.22,6
817795138,Rithanya Singh,IT,8.89,5
347623859,Meera Menon,IT,9.45,2
436647366,Tarun Iyer,AIDS,8.23,2
236246497,Sneha Iyer,ECE,9.05,6
528367456,Harini Iyer,MECH,8.78,7
763785368,Aditi Naidu,CIVIL,7.61,6
590237408,Sanjay Iyer,ECE,6.55,1
276729381,Ananya Singh,CIVIL,6.53,3
430585140,Tarun Verma,CSE,7.12,4
680293579,Ananya Chowdhury,CSBS,8.66,6
483026175,Janani Sharma,ECE,9.55,5
252339981,Naveen Reddy,ECE,6.57,6
225459187,Harini Gupta,EEE,8.84,4
127713512,Rahul Verma,IT,6.68,4
423650161,Ishaan Sharma,CSBS,6.77,7
779640103,Janani Gupta,ECE,7.13,3
101745043,Tarun Reddy,MECH,8.71,2
588053771,Tarun Nair,CSBS,9.60,2
156538612,Karthik Verma,CIVIL,9.15,3
103690353,Rahul Gupta,AIDS,8.67,7
557856247,Yamini Gupta,MECH,6.71,2
386664792,Pooja Verma,CSBS,8.04,6
575332660,Deepak Sharma,AIDS,8.41,4
970459980,Rithanya Menon,MECH,9.72,3
514635962,Meera Singh,AIDS,9.18,1
792509869,Karthik Nair,IT,6.73,5
219192612,Aarav Sharma,AIDS,8.78,7
471766608,Gautam Sharma,CSBS,9.23,1
799944793,Pranav Naidu,CSBS,8.27,8
661054951,Gautam Kumar,CIVIL,9.42,2
424837110,Divya Reddy,EEE,6.78,8
484369346,Aditi Menon,ECE,6.67,5
152316811,Pranav Kumar,MECH,8.75,4
524184327,Tarun Sharma,CIVIL,7.59,4
893654308,Meera Reddy,MECH,8.57,6
495500999,Vignesh Gupta,IT,7.68,6
836383040,Divya Singh,IT,9.50,8
327291674,Karthik Kumar,CSBS,8.14,4
297156082,Aditi Nair,CSBS,6.82,3
919401694,Aarav Kumar,ECE,7.49,6
870889087,Rithanya Gupta,ECE,6.68,6
156787191,Bhavya Sharma,CIVIL,7.48,2
268859024,Vignesh Rao,IT,6.99,8
573587133,Vignesh Reddy,MECH,7.85,2
189928244,Divya Rao,EEE,9.24,4
181147133,Vignesh Nair,MECH,6.61,8
180935235,Sneha Kumar,EEE,8.40,2
434028409,Janani Chowdhury,CIVIL,8.13,3
408044522,Ananya Menon,CSBS,7.30,5
823576888,Yamini Gupta,CSE,8.79,2
929867792,Naveen Chowdhury,CSE,7.53,7
289980640,Ananya Sharma,CSBS,9.26,1
194776327,Sanjay Reddy,IT,7.55,6
306990110,Madhav Verma,CSE,7.39,2
583290534,Ananya Naidu,CSBS,7.11,3
252242124,Vignesh Verma,IT,8.57,1
970633392,Naveen Pillai,AIDS,8.27,4
347754151,Chaitanya Menon,CSE,6.87,1
521155027,Madhav Chowdhury,ECE,7.17,8
162286124,Akhil Naidu,EEE,8.95,5
311054197,Akhil Rao,AIDS,8.71,3
636248986,Niharika Gupta,EEE,7.93,8
493539359,Bhavya Iyer,EEE,6.74,2
272027655,Janani Sharma,EEE,9.60,1
102899966,Madhav Iyer,CIVIL,7.27,2
250613437,Vignesh Rao,CIVIL,9.06,7
595075470,Varun Reddy,CSBS,8.88,3
863110148,Janani Singh,CSBS,8.15,3
253392369,Chaitanya Nair,ECE,8.79,6
545275321,Sanjay Reddy,CSBS,9.19,3
908231236,Pooja Bhat,AIDS,8.45,6
684992940,Ananya Menon,EEE,6.86,4
822768687,Naveen Sharma,MECH,8.22,5
362572321,Ishaan Verma,AIDS,8.58,3
658533214,Sanjay Nair,CSE,6.93,4
549640755,Varun Verma,CIVIL,7.71,7
632745376,Varun Menon,CIVIL,9.62,5
458653602,Gautam Nair,AIDS,7.25,3
940974793,Varun Reddy,MECH,8.49,8
510564134,Tarun Menon,CSBS,9.22,4
750052278,Naveen Menon,AIDS,8.77,7
967484227,Deepak Bhat,CSE,7.77,1
128359768,Rithanya Naidu,MECH,7.59,4
823846426,Aditi Nair,MECH,9.71,5
424849015,Rahul Singh,IT,9.81,3
739832630,Karthik Reddy,ECE,9.76,8
536924699,Akhil Rao,CIVIL,8.69,8
193596871,Varun Naidu,AIDS,8.48,1
864187315,Aditi Reddy,IT,7.03,6
373867625,Aarav Reddy,CSE,9.89,6
667578778,Pooja Sharma,MECH,8.29,5
847312486,Sanjay Nair,ECE,6.76,1
434812410,Kavya Gupta,ECE,8.29,4
167941411,Ananya Singh,IT,9.48,2
959086923,Ishaan Singh,CSBS,8.61,4
687379404,Chaitanya Rao,ECE,8.61,8
381703508,Aarav Pillai,AIDS,7.90,3
525906497,Meera Naidu,CSBS,9.34,2
565107617,Meera Singh,CSE,7.46,7
735582075,Gautam Kumar,CSE,7.07,7
410028001,Akhil Pillai,CSBS,7.48,1
486069362,Naveen Pillai,CSE,9.42,2
671262013,Pranav Naidu,MECH,8.19,8
257095619,Akhil Kumar,AIDS,6.91,5
573499002,Niharika Gupta,CSE,7.31,5
612508114,Rithanya Iyer,IT,6.60,6
451867095,Rahul Iyer,CSBS,7.54,3
186953499,Aditi Bhat,AIDS,8.15,6
661548949,Pranav Pillai,ECE,7.04,7
143275678,Niharika Naidu,CIVIL,6.83,5
949386155,Pranav Sharma,CSE,8.12,2
448415242,Harini Chowdhury,EEE,6.93,6
969808213,Pooja Naidu,CSBS,6.77,8
327069743,Deepak Rao,AIDS,8.43,6
653539306,Varun Iyer,CSE,8.73,7
522462289,Aarav Singh,CSBS,8.60,4
547026555,Meera Reddy,MECH,8.05,8
459723170,Karthik Rao,IT,8.26,7
259262422,Pranav Iyer,CIVIL,8.29,8
198708364,Sanjay Iyer,MECH,9.05,5
523566494,Bhavya Menon,EEE,9.66,7
514482971,Ananya Menon,CIVIL,7.13,7
638455198,Yamini Patel,AIDS,7.47,3
675295399,Madhav Rao,IT,7.82,7
232414815,Meera Nair,MECH,8.17,7
208200754,Rithanya Reddy,CIVIL,9.56,3
967610885,Gautam Menon,AIDS,9.69,6
663936702,Janani Bhat,CIVIL,9.28,4
624355477,Tarun Menon,CSE,7.42,8
658810667,Pooja Menon,CIVIL,9.64,3
965760397,Divya Verma,CSBS,6.57,6
278569892,Deepak Reddy,AIDS,6.81,7
557378860,Gautam Nair,EEE,8.10,2
190876491,Rithanya Sharma,CSBS,6.83,1
741377329,Ananya Menon,AIDS,7.53,3
531271380,Tarun Patel,IT,8.00,7
339932872,Divya Naidu,AIDS,7.24,4
326958278,Ananya Reddy,CSBS,9.88,4
756157418,Tarun Kumar,MECH,7.18,7
699545376,Karthik Nair,CIVIL,7.26,6
196099114,Aditi Naidu,ECE,7.23,5
850031937,Akhil Pillai,CSE,7.48,5
843093671,Sanjay Reddy,CSBS,9.74,1
685688919,Niharika Verma,AIDS,7.04,7
587135663,Harini Chowdhury,CIVIL,9.34,1
889862897,Sneha Gupta,CSE,7.49,7
173551385,Meera Reddy,CSE,6.89,4
167698930,Ishaan Gupta,IT,7.85,1
408985445,Sneha Menon,EEE,9.10,3
647241471,Sanjay Naidu,IT,7.90,7
527080949,Ishaan Iyer,IT,8.11,5
625758305,Tarun Naidu,AIDS,6.82,1
308185958,Tarun Gupta,MECH,7.89,7
513698000,Vignesh Reddy,ECE,9.81,1
745033668,Pranav Rao,EEE,7.54,8
473072005,Rithanya Chowdhury,ECE,6.51,6
107265821,Bhavya Singh,ECE,7.34,4
730901205,Rahul Bhat,MECH,8.30,8
537443361,Niharika Pillai,ECE,7.83,3
964600581,Gautam Pillai,ECE,9.15,8
882812899,Pranav Sharma,EEE,9.38,2
543995496,Yamini Nair,CSE,8.11,1
674376248,Gautam Chowdhury,MECH,8.31,3
821690761,Bhavya Bhat,AIDS,8.07,1
393876376,Ishaan Iyer,AIDS,9.59,7
196875826,Tarun Sharma,ECE,6.56,7
497173983,Aditi Pillai,CSE,9.70,7
794092573,Meera Singh,CIVIL,9.79,5
751228038,Aditi Rao,AIDS,6.56,5
700190439,Ananya Reddy,AIDS,9.60,2
729571961,Aarav Bhat,CSBS,6.86,1
836023357,Tarun Chowdhury,CSE,8.89,4
776123547,Divya Menon,ECE,9.84,7
835890363,Rithanya Iyer,EEE,7.18,5
829195130,Sanjay Singh,CIVIL,9.13,4
898508384,Pranav Bhat,CSBS,6.85,4
235977047,Aditi Nair,IT,9.69,4
136864238,Divya Naidu,IT,9.03,2
856459122,Pranav Pillai,CIVIL,9.64,5
772438704,Deepak Naidu,MECH,8.08,5
155889231,Sneha Patel,CIVIL,8.07,8
888208137,Sanjay Singh,ECE,9.08,4
800115322,Rithanya Nair,EEE,9.76,5
711236602,Madhav Menon,ECE,9.45,1
593290576,Naveen Iyer,CSBS,9.86,7
810855046,Divya Rao,IT,8.02,8
670725063,Bhavya Reddy,CSBS,6.71,5
388163755,Divya Naidu,CSBS,9.36,5
786701318,Kavya Sharma,CSE,7.63,6
301380325,Aarav Reddy,AIDS,7.90,5
549649192,Meera Naidu,CIVIL,6.81,1
985838889,Niharika Sharma,CSBS,6.52,7
527173438,Naveen Rao,CIVIL,7.79,3
669782979,Divya Nair,IT,7.77,7
398114239,Rahul Naidu,AIDS,9.43,6
333090576,Niharika Nair,CSBS,6.54,4
485769463,Ananya Sharma,CIVIL,9.45,1
344122669,Harini Chowdhury,CSBS,6.57,8
398908545,Harini Singh,MECH,8.02,6
269401747,Karthik Pillai,EEE,8.95,2
724978470,Naveen Reddy,CIVIL,6.58,5
869407648,Madhav Verma,CIVIL,6.94,1
724227729,Sanjay Gupta,MECH,7.38,7
476870633,Deepak Singh,MECH,9.88,5
842186872,Sanjay Bhat,MECH,9.61,3
245263519,Aditi Patel,ECE,6.83,1
461647178,Vignesh Reddy,IT,6.85,4
608841547,Tarun Chowdhury,AIDS,7.58,6
796267833,Kavya Reddy,IT,7.32,4
464944071,Naveen Nair,ECE,9.50,4
810065467,Sneha Nair,IT,9.41,2
527199216,Tarun Kumar,ECE,7.51,8
665456930,Vignesh Iyer,CSE,7.50,3
127588569,Deepak Nair,EEE,6.94,5
901569720,Divya Patel,MECH,6.59,3
518949664,Yamini Verma,IT,6.73,3
107014240,Deepak Nair,EEE,9.59,7
738885947,Meera Sharma,IT,6.72,6
488772195,Vignesh Menon,ECE,8.47,6
464567060,Madhav Gupta,CSBS,8.30,3
366613183,Harini Iyer,EEE,8.84,8
872690324,Divya Naidu,CIVIL,7.62,8
475054403,Rithanya Kumar,ECE,7.70,8
526821865,Sneha Patel,AIDS,6.79,8
302537583,Bhavya Bhat,AIDS,8.96,5
921348374,Akhil Rao,AIDS,7.93,3
186926976,Deepak Menon,CSBS,8.87,7
903113153,Tarun Chowdhury,CSBS,7.02,2
486579690,Rahul Chowdhury,IT,7.06,5
253945484,Sanjay Reddy,EEE,8.02,4
823942896,Yamini Menon,CSE,6.58,7
404644072,Madhav Reddy,CIVIL,6.71,5
581477215,Chaitanya Singh,CIVIL,9.47,7
978763988,Varun Chowdhury,MECH,8.02,4
462065481,Deepak Pillai,CIVIL,6.74,3
368627944,Chaitanya Chowdhury,CSBS,8.13,5
704168566,Ananya Sharma,CIVIL,9.83,8
782790754,Bhavya Chowdhury,CSE,9.54,2
190871983,Aditi Menon,MECH,9.66,8
204742955,Akhil Reddy,MECH,6.93,7
547893278,Aditi Pillai,AIDS,8.82,2
687377897,Rithanya Verma,MECH,9.22,1
988298838,Varun Naidu,CSBS,8.29,6
891992133,Vignesh Rao,IT,8.31,2
365199509,Kavya Patel,ECE,7.18,4
297466672,Naveen Sharma,CIVIL,8.59,1
967073121,Ishaan Sharma,CIVIL,8.68,6
993961290,Harini Verma,AIDS,8.68,4
991847777,Niharika Menon,IT,9.12,8
767964567,Varun Verma,MECH,7.18,1
203175466,Rahul Bhat,MECH,8.51,7
668355385,Rithanya Pillai,CIVIL,9.47,6
446883348,Akhil Kumar,IT,6.81,8
315146023,Janani Reddy,ECE,7.79,5
980738509,Sanjay Bhat,MECH,9.68,7
581082330,Vignesh Gupta,EEE,9.73,4
980047897,Aditi Chowdhury,EEE,8.06,5
583548038,Aditi Bhat,EEE,6.74,3
452217916,Niharika Rao,MECH,7.74,1
781859506,Ishaan Naidu,CIVIL,9.41,2
799978268,Akhil Singh,CSE,7.63,6
566417124,Tarun Iyer,MECH,7.27,5
353144935,Bhavya Singh,AIDS,8.53,2
861022928,Karthik Kumar,CSE,7.20,6
377754500,Sneha Kumar,MECH,6.83,8
470608309,Madhav Sharma,ECE,7.35,2
287735595,Deepak Chowdhury,IT,7.28,1
439757155,Pooja Naidu,EEE,8.27,6
642835576,Ishaan Patel,CSE,8.22,8
972880557,Kavya Naidu,CSE,6.91,2
511210071,Ishaan Bhat,AIDS,7.36,1
262683916,Varun Sharma,IT,8.38,7
663538384,Bhavya Gupta,CSBS,9.68,3
344762503,Karthik Patel,CSE,9.50,3
133834122,Naveen Verma,MECH,9.29,8
475923291,Bhavya Pillai,AIDS,8.33,5
128771910,Pranav Rao,ECE,6.86,6
741140591,Rahul Singh,MECH,9.28,6
662208086,Tarun Nair,CSBS,6.88,4
830928315,Rithanya Patel,IT,7.88,5
792256370,Rithanya Gupta,MECH,9.88,5
894567142,Tarun Menon,MECH,7.43,8
355890318,Madhav Iyer,CIVIL,7.48,3
289809456,Gautam Singh,IT,8.36,3
557498102,Rahul Sharma,CIVIL,8.99,6
855831580,Naveen Singh,IT,9.45,1
714613714,Naveen Singh,CSE,9.05,5
165029352,Rithanya Naidu,IT,9.57,4
141320537,Naveen Naidu,AIDS,8.54,6
591197562,Kavya Verma,CSBS,7.89,6
432564473,Madhav Nair,CSBS,7.88,5
712557638,Aditi Pillai,MECH,8.20,5
306077107,Pranav Singh,IT,9.58,8
998260026,Yamini Reddy,EEE,8.23,3
886987837,Niharika Patel,CIVIL,8.69,5
805853861,Bhavya Nair,CSE,9.74,4
427845738,Tarun Gupta,AIDS,6.55,4
444372328,Deepak Verma,ECE,8.01,6
333491173,Yamini Pillai,CSBS,7.95,5
615258759,Janani Singh,CSBS,8.13,3
416742074,Sneha Singh,CIVIL,8.65,5
462728178,Aarav Pillai,ECE,8.84,7
870242348,Gautam Verma,CSBS,8.86,3
872045655,Meera Bhat,AIDS,7.79,2
620394749,Rahul Nair,EEE,9.90,4
177234670,Varun Bhat,MECH,6.59,7
285113523,Deepak Patel,IT,7.06,2
722902347,Akhil Rao,CIVIL,8.82,3
207269333,Yamini Bhat,CSBS,7.07,2
975586213,Rithanya Singh,CIVIL,9.55,3
915681119,Niharika Chowdhury,AIDS,9.22,8
359711200,Kavya Kumar,AIDS,9.88,2
353680805,Aditi Nair,ECE,9.57,8
694726385,Deepak Naidu,CSBS,7.84,3
963163412,Ishaan Rao,AIDS,9.22,3
419601088,Rahul Gupta,IT,9.31,1
847434667,Pooja Gupta,AIDS,9.89,3
143298684,Akhil Iyer,IT,9.29,3
655643173,Aarav Nair,IT,7.48,7
104095659,Akhil Pillai,CSE,7.09,2
324141977,Pooja Sharma,CSBS,7.62,6
399022680,Divya Patel,AIDS,9.50,3
223131179,Sneha Rao,EEE,9.05,5
642570425,Chaitanya Bhat,IT,9.02,6
153266139,Deepak Chowdhury,AIDS,7.85,8
280232183,Aarav Menon,CIVIL,9.07,5
582281513,Janani Pillai,CSBS,8.54,6
207671056,Karthik Patel,EEE,7.66,1
211483985,Karthik Kumar,AIDS,7.18,1
686318538,Rahul Singh,MECH,6.82,2
898930232,Ananya Verma,CSBS,8.84,6
767074546,Kavya Rao,ECE,7.37,3
397830544,Sanjay Gupta,IT,9.36,1
643586211,Ishaan Naidu,MECH,8.37,8
655516956,Sanjay Bhat,ECE,9.40,8
638619696,Deepak Sharma,IT,9.43,5
175300583,Bhavya Pillai,IT,9.58,7
238054789,Meera Iyer,ECE,9.54,5
636255807,Varun Sharma,AIDS,7.88,3
574158427,Vignesh Sharma,CSBS,8.22,3
460769333,Madhav Menon,CSE,6.92,8
125063888,Sanjay Kumar,EEE,9.10,3
240416105,Tarun Naidu,IT,7.31,7
923185023,Kavya Gupta,CIVIL,6.98,8
676596525,Janani Gupta,CIVIL,8.76,2
192573503,Ishaan Nair,CIVIL,7.93,5
664969373,Aarav Gupta,IT,8.24,6
402930787,Meera Pillai,IT,9.21,4
316157091,Ishaan Nair,CIVIL,6.54,1
635991011,Sanjay Menon,AIDS,6.66,5
128976196,Meera Rao,CSE,8.06,1
366653977,Gautam Nair,ECE,7.41,8
552662139,Vignesh Menon,EEE,7.01,4
244905577,Bhavya Verma,CIVIL,7.44,1
213440127,Akhil Bhat,IT,8.98,3
468228725,Pranav Pillai,CSE,9.05,2
775036327,Harini Verma,CIVIL,9.77,4
595114647,Sanjay Nair,MECH,7.34,6
459281025,Karthik Naidu,MECH,8.12,1
463371533,Bhavya Chowdhury,AIDS,7.57,1
813608347,Janani Kumar,CIVIL,8.12,8
876630246,Divya Bhat,IT,9.50,2
944944590,Varun Menon,CIVIL,9.14,2
876624250,Sneha Iyer,CIVIL,6.81,4
103565912,Pranav Chowdhury,MECH,9.59,4
941009119,Meera Nair,CIVIL,8.48,8
341842940,Ishaan Rao,IT,8.44,6
116844436,Deepak Menon,MECH,9.04,5
335060449,Yamini Menon,AIDS,6.92,3
593014920,Niharika Verma,AIDS,6.89,2
432948574,Madhav Rao,ECE,8.00,6
429669626,Pranav Rao,ECE,6.94,7
115111255,Pooja Sharma,CIVIL,8.99,8
551560423,Sanjay Patel,ECE,8.89,8
443698562,Pooja Singh,AIDS,8.81,8
519463296,Pooja Verma,ECE,9.64,4
823950889,Akhil Verma,ECE,7.25,2
235992539,Aditi Gupta,CIVIL,8.28,8
950553180,Kavya Singh,CSE,9.37,5
874576722,Naveen Menon,IT,7.46,4
724318316,Sanjay Pillai,MECH,8.18,6
820838216,Bhavya Kumar,CIVIL,7.05,3
117592238,Pranav Sharma,MECH,9.09,8
937318109,Sanjay Pillai,CIVIL,7.98,3
569144901,Naveen Chowdhury,CIVIL,8.87,5
318934950,Aarav Nair,ECE,9.64,2
455881905,Chaitanya Iyer,CIVIL,8.50,5
201257921,Vignesh Nair,AIDS,9.35,6
728135105,Bhavya Nair,CIVIL,9.13,1
824606829,Naveen Rao,MECH,9.89,4
429547068,Akhil Reddy,ECE,8.36,6
777914437,Kavya Nair,CSE,9.11,4
630080700,Naveen Iyer,EEE,8.06,3
671384123,Aarav Kumar,ECE,6.97,4
771758645,Meera Rao,CIVIL,6.64,6
823667324,Ananya Rao,CSE,9.37,4
880162919,Aarav Gupta,CSE,8.88,7
991052468,Gautam Patel,MECH,8.04,5
906240948,Harini Nair,IT,9.32,2
456973404,Vignesh Rao,IT,8.09,3
612264031,Ishaan Iyer,CSBS,8.77,1
791823810,Madhav Gupta,CIVIL,6.64,5
499797413,Chaitanya Reddy,MECH,8.08,3
502562509,Varun Chowdhury,EEE,7.72,7
694687502,Gautam Iyer,ECE,9.66,4
529011398,Chaitanya Patel,CSE,8.42,3
303724446,Niharika Kumar,IT,7.90,4
461804108,Naveen Verma,AIDS,7.23,2
333090199,Akhil Chowdhury,ECE,9.74,2
555786393,Karthik Pillai,IT,7.51,5
501621402,Sneha Menon,CSBS,8.18,3
405409255,Pooja Verma,ECE,7.05,4
646338713,Karthik Verma,AIDS,6.67,7
800518889,Harini Menon,CIVIL,8.47,2
785037661,Yamini Nair,MECH,9.09,6
532707778,Sneha Chowdhury,AIDS,7.91,4
878237948,Rahul Nair,CIVIL,8.68,6
566775008,Meera Verma,IT,8.77,2
387224401,Sanjay Sharma,MECH,8.80,4
349093649,Meera Naidu,CSE,9.60,2
598652847,Divya Bhat,EEE,9.53,2
557751556,Varun Nair,CIVIL,8.67,3
543460890,Harini Reddy,ECE,7.65,2
919101082,Karthik Patel,CIVIL,8.42,5
717678959,Kavya Gupta,CSE,8.11,8
292210763,Karthik Rao,AIDS,6.81,8
166856837,Pooja Rao,CSBS,9.25,8
178805384,Pranav Kumar,ECE,8.41,4
848575657,Karthik Verma,ECE,6.96,1
935353289,Naveen Naidu,AIDS,9.52,6
188521058,Pranav Gupta,CSBS,8.77,1
300686333,Bhavya Bhat,MECH,9.41,8
995676229,Madhav Verma,CIVIL,7.13,6
351052941,Sneha Pillai,CSBS,8.36,6
315398764,Harini Patel,CSE,6.96,4
419997922,Varun Reddy,CSBS,6.82,6
806102428,Pranav Kumar,CSE,6.64,8
287859173,Pooja Singh,EEE,8.19,5
364020203,Naveen Reddy,CIVIL,7.52,3
247787119,Rithanya Pillai,IT,7.66,8
324295787,Harini Rao,ECE,7.52,7
637457123,Janani Singh,AIDS,8.02,7
424446924,Aarav Iyer,CSE,7.90,7
248776328,Sanjay Menon,CSE,9.09,8
316195576,Kavya Rao,ECE,7.80,8
517667517,Harini Singh,IT,7.19,5
438753849,Niharika Sharma,CIVIL,9.44,5
312883741,Kavya Verma,ECE,8.97,3
287499446,Harini Iyer,CSE,7.47,5
953170676,Vignesh Pillai,ECE,8.56,8
636786197,Pranav Rao,EEE,8.25,6
550245502,Rithanya Menon,EEE,8.59,6
899068484,Kavya Reddy,MECH,8.18,2
107387834,Kavya Rao,CSBS,9.34,7
531662189,Varun Chowdhury,CIVIL,9.10,2
495083700,Bhavya Menon,MECH,9.16,3
894479073,Rahul Nair,CSE,8.26,8
802206948,Varun Verma,CSE,7.79,4
760672541,Janani Reddy,AIDS,9.09,4
311221447,Ananya Sharma,AIDS,8.55,4
936020730,Rahul Menon,AIDS,7.25,6
622482502,Meera Naidu,IT,8.35,8
857537141,Kavya Reddy,MECH,6.87,1
147865748,Rahul Iyer,CIVIL,8.40,8
119471540,Karthik Pillai,EEE,6.70,5
344736468,Ananya Rao,AIDS,8.50,3
500461716,Aarav Patel,AIDS,6.72,5
886876166,Yamini Kumar,ECE,7.58,1
479219677,Meera Reddy,EEE,8.62,8
221689173,Karthik Kumar,EEE,8.20,2
431021506,Harini Reddy,CSBS,9.51,6
675955813,Janani Patel,ECE,9.32,8
642411268,Deepak Verma,AIDS,7.21,7
821615216,Vignesh Bhat,CSBS,9.70,8
595727206,Bhavya Singh,MECH,6.77,1
323490508,Sanjay Menon,CSBS,7.74,1
967331289,Kavya Bhat,EEE,9.47,7
548819003,Pooja Rao,AIDS,8.23,8
349359446,Akhil Kumar,IT,7.02,2
982164494,Akhil Menon,EEE,9.69,2
999867111,Janani Verma,ECE,8.51,4
974151148,Deepak Verma,CIVIL,7.11,4
217082052,Divya Iyer,CSBS,9.18,2
369255782,Sneha Naidu,IT,7.53,6
328733621,Sneha Nair,MECH,9.29,4
285367080,Varun Pillai,CSE,8.71,2
497868120,Varun Menon,CSE,7.35,7
490256705,Pooja Kumar,CSE,9.78,4
824445407,Rithanya Pillai,CIVIL,9.31,1
379501461,Gautam Bhat,CSBS,8.90,7
618855067,Rithanya Bhat,AIDS,7.09,5
415661901,Harini Kumar,MECH,8.04,2
402004954,Meera Rao,MECH,9.40,1
706750963,Ishaan Naidu,CIVIL,7.89,6
846769027,Karthik Nair,IT,8.15,6
453006770,Ishaan Singh,CIVIL,8.53,8
771118409,Meera Gupta,CSE,7.88,8
116138769,Harini Bhat,AIDS,7.78,8
671906141,Bhavya Pillai,MECH,9.86,3
878476209,Ananya Singh,EEE,7.48,6
518659692,Varun Naidu,CSBS,8.63,5
378065389,Gautam Chowdhury,AIDS,6.87,4
781451962,Rahul Verma,MECH,9.13,5
149055672,Ishaan Singh,CIVIL,7.50,1
431779637,Meera Sharma,CIVIL,7.05,2
111596839,Ishaan Naidu,EEE,8.63,7
204497220,Chaitanya Chowdhury,CSE,7.60,4
978357343,Varun Reddy,CIVIL,6.79,5
362067249,Meera Menon,MECH,7.99,1
728772470,Divya Naidu,CSBS,7.33,5
563364047,Varun Verma,CSBS,8.20,6
670314959,Varun Bhat,CSE,6.88,1
357990048,Pooja Iyer,CSBS,8.45,8
683052781,Pooja Bhat,ECE,8.13,4
967087493,Sanjay Chowdhury,CIVIL,7.51,1
801661908,Naveen Verma,CIVIL,8.93,1
392572394,Kavya Naidu,AIDS,7.62,7
715953139,Rahul Bhat,IT,9.01,5
602279720,Janani Rao,MECH,7.21,2
408965957,Tarun Verma,CSBS,9.29,1
231888502,Niharika Gupta,MECH,7.00,8
546621336,Pooja Naidu,IT,8.14,2
420770127,Chaitanya Naidu,AIDS,8.31,4
609486717,Divya Bhat,AIDS,8.57,8
948188439,Sanjay Reddy,CSE,7.56,3
424457493,Harini Pillai,IT,9.63,5
200283364,Tarun Patel,EEE,9.85,2
985794075,Divya Naidu,CSE,6.53,8
554321857,Naveen Menon,EEE,6.58,4
224429448,Harini Verma,EEE,9.23,4
651187427,Pranav Bhat,IT,8.93,7
564195181,Yamini Naidu,MECH,7.30,2
803345754,Akhil Rao,CSBS,9.60,6
466390516,Sneha Kumar,CIVIL,6.65,3
228649043,Bhavya Singh,CIVIL,8.39,2
167669448,Divya Iyer,EEE,7.71,8
868093692,Madhav Bhat,ECE,9.69,3
835849140,Aarav Iyer,ECE,7.47,4
368362973,Bhavya Bhat,CIVIL,8.60,3
657986019,Ananya Kumar,CSE,9.65,8
437529950,Akhil Verma,MECH,9.34,2
432290739,Bhavya Verma,CSE,9.77,2
451343479,Vignesh Nair,ECE,9.34,3
433204019,Divya Chowdhury,CSBS,6.78,6
680165891,Ananya Singh,AIDS,8.76,7
664154466,Janani Nair,IT,7.94,7
727878551,Karthik Pillai,EEE,7.24,4
551451202,Divya Rao,MECH,7.56,5
200028150,Divya Singh,IT,8.21,7
838382103,Pranav Menon,EEE,8.80,3
115241673,Rahul Pillai,EEE,9.14,7
282764248,Yamini Chowdhury,ECE,8.85,1
628787869,Divya Singh,AIDS,9.23,8
384614092,Rithanya Menon,CIVIL,9.57,4
737684642,Aarav Chowdhury,IT,8.44,3
892266356,Aditi Pillai,CSBS,8.44,3
136750122,Karthik Menon,MECH,8.59,5
946872474,Karthik Naidu,CIVIL,6.90,1
273969810,Bhavya Bhat,CSBS,8.10,5
205536749,Bhavya Patel,ECE,9.17,5
561658630,Rahul Patel,CIVIL,8.97,1
645401776,Aarav Chowdhury,CSE,8.08,3
542047253,Varun Bhat,IT,8.80,3
477926472,Tarun Kumar,CSBS,9.20,8
595079062,Akhil Naidu,CSBS,8.12,6
454455551,Kavya Naidu,CSE,9.44,4
849510551,Gautam Menon,CSE,8.47,6
474246349,Pooja Menon,AIDS,7.50,7
299127264,Harini Kumar,EEE,7.83,1
296799197,Ishaan Patel,CSBS,9.47,2
699928952,Vignesh Bhat,ECE,8.72,4
684605406,Aarav Bhat,CIVIL,8.56,4
498359747,Ananya Chowdhury,EEE,6.58,6
681080016,Pranav Menon,ECE,8.42,7
197938706,Deepak Menon,MECH,6.75,7
937171896,Tarun Iyer,AIDS,9.14,7
114307590,Vignesh Iyer,AIDS,7.85,5
780821186,Rahul Sharma,EEE,8.12,2
649477307,Gautam Verma,IT,9.43,7
499262040,Naveen Naidu,CSE,7.12,7
489483492,Meera Bhat,CSE,7.48,8
840888111,Ishaan Reddy,IT,9.16,2
263599563,Ananya Kumar,CIVIL,9.50,2
193896719,Rahul Singh,AIDS,9.83,1
738615555,Yamini Nair,AIDS,7.60,4
472692818,Divya Rao,ECE,9.41,3
780950619,Kavya Iyer,EEE,8.88,5
148389634,Meera Pillai,CSBS,8.63,5
481041273,Naveen Reddy,EEE,7.37,2
604534405,Sanjay Gupta,MECH,8.54,7
718160187,Naveen Gupta,CSE,9.59,4
309513031,Varun Naidu,CSE,7.63,4
296939420,Rithanya Singh,IT,6.81,6
809797613,Pooja Bhat,CSBS,7.68,6
624976507,Karthik Rao,MECH,9.19,6
402001370,Chaitanya Gupta,CSE,8.40,6
927999467,Karthik Kumar,CSE,9.41,4
443819081,Chaitanya Iyer,MECH,9.11,8
310919133,Niharika Naidu,IT,8.06,1
666129986,Harini Singh,MECH,9.08,6
570446353,Naveen Singh,ECE,8.85,4
614368976,Ishaan Sharma,EEE,8.13,1
373615467,Aarav Pillai,CIVIL,8.47,3
937488448,Rahul Singh,CIVIL,8.96,4
602038726,Rithanya Rao,ECE,9.33,2
729291165,Meera Patel,MECH,8.29,2
741408047,Niharika Menon,ECE,7.15,7
223628649,Yamini Verma,ECE,8.68,6
995788850,Ananya Patel,MECH,8.92,7
823805093,Janani Kumar,IT,8.69,7
478546508,Tarun Kumar,EEE,7.12,6
387500725,Sneha Sharma,CIVIL,8.70,8
350494827,Harini Patel,CIVIL,9.81,6
872583390,Rithanya Iyer,ECE,9.79,1
859186785,Gautam Kumar,CSBS,8.50,4
443172459,Harini Reddy,IT,7.65,1
466810985,Aarav Pillai,EEE,7.77,3
397470029,Janani Chowdhury,CSE,7.43,2
271878584,Naveen Naidu,ECE,7.43,4
936253735,Aarav Sharma,MECH,6.85,1
481689911,Ananya Chowdhury,CSE,9.86,7
620665564,Chaitanya Reddy,CSE,7.20,5
923958381,Varun Nair,CIVIL,9.07,4
419070256,Ishaan Rao,ECE,7.72,1
927884261,Pooja Reddy,MECH,9.00,2
392881507,Rithanya Reddy,CSE,7.68,7
354336957,Varun Bhat,AIDS,9.88,5
462054939,Chaitanya Reddy,CSBS,7.44,4
964059208,Rahul Gupta,IT,7.00,8
739818955,Naveen Kumar,CSE,9.55,7
481588369,Varun Verma,AIDS,8.69,4
159407455,Ananya Iyer,ECE,9.24,5
569003867,Chaitanya Verma,IT,8.11,4
784883450,Naveen Naidu,AIDS,8.97,3
231086515,Meera Reddy,CSBS,8.28,3
119200450,Aarav Verma,CIVIL,7.28,8
168173295,Aarav Iyer,ECE,8.14,7
490107800,Bhavya Patel,CIVIL,8.53,1
151835275,Varun Kumar,ECE,9.27,8
689894737,Rahul Menon,AIDS,8.44,5
643303709,Yamini Pillai,IT,7.32,2
816980512,Rithanya Sharma,MECH,6.81,7
228491083,Varun Patel,MECH,8.60,2
968117250,Vignesh Pillai,MECH,7.99,7
346321603,Rithanya Rao,AIDS,7.96,8
952643172,Deepak Pillai,AIDS,6.60,1
993323663,Rithanya Pillai,AIDS,8.52,2
309333661,Madhav Nair,MECH,9.58,1
443716721,Madhav Sharma,CIVIL,7.09,6
140559293,Naveen Patel,ECE,6.94,8
696550635,Karthik Verma,IT,8.23,4
855261618,Aditi Chowdhury,EEE,7.84,5
132646244,Harini Gupta,EEE,7.12,8
711904076,Karthik Menon,CSE,8.53,7
807160850,Karthik Menon,CSBS,9.35,8
293905667,Yamini Sharma,AIDS,7.74,4
466878671,Aditi Kumar,CSBS,7.14,8
516199706,Rahul Kumar,ECE,7.40,6
961720316,Niharika Kumar,AIDS,8.62,7
970727232,Bhavya Gupta,IT,6.78,4
162705531,Karthik Sharma,ECE,7.83,1
845686154,Yamini Nair,EEE,9.45,8
514592930,Naveen Patel,IT,7.34,8
926818910,Rahul Bhat,ECE,9.71,6
517641466,Niharika Pillai,EEE,6.78,2
632991551,Naveen Patel,MECH,9.76,2
422980814,Sneha Iyer,CSBS,8.84,5
823969072,Tarun Rao,EEE,9.08,2
728130230,Rithanya Pillai,CIVIL,9.88,2
839788631,Rithanya Iyer,CSE,7.51,1
792238230,Aarav Rao,CIVIL,8.83,4
317349811,Janani Sharma,CIVIL,8.76,6
187829860,Pooja Pillai,CIVIL,7.32,8
620936061,Aditi Iyer,MECH,7.57,7
280498973,Naveen Naidu,CSBS,7.42,6
346082837,Naveen Naidu,CSBS,7.74,8
168443843,Naveen Nair,EEE,9.16,4
335843902,Divya Menon,AIDS,7.98,7
960241046,Aditi Patel,CSE,7.76,5
977318169,Aditi Reddy,IT,7.97,5
252760330,Pooja Sharma,AIDS,6.93,1
390507216,Chaitanya Singh,EEE,7.62,8
243423184,Ananya Gupta,EEE,7.86,2
236641246,Rithanya Patel,ECE,8.36,2
896816650,Ananya Verma,CSBS,8.36,3
962762407,Deepak Rao,EEE,8.66,7
174116990,Tarun Kumar,CSBS,8.64,8
853032896,Pooja Patel,IT,6.72,8
428745888,Janani Gupta,EEE,8.94,2
904542765,Chaitanya Kumar,AIDS,6.57,6
611854118,Niharika Nair,IT,8.79,1
148523962,Deepak Iyer,AIDS,7.44,8
571241967,Divya Nair,IT,8.83,8
596780466,Janani Iyer,CSBS,8.14,4
946103323,Bhavya Patel,CIVIL,8.52,1
243949499,Aditi Singh,CSBS,7.41,7
676354333,Gautam Kumar,CSE,9.73,5
349188681,Pranav Reddy,IT,6.66,8
762714385,Niharika Sharma,CSBS,7.97,3
374507754,Madhav Bhat,CIVIL,9.58,8
247503372,Rithanya Menon,ECE,9.74,1
997626112,Gautam Rao,EEE,9.03,1
594738026,Bhavya Bhat,CIVIL,9.63,8
146299004,Tarun Singh,CIVIL,8.86,6
785816195,Pooja Kumar,MECH,7.09,2
755031066,Meera Sharma,EEE,6.51,8
152307729,Naveen Chowdhury,EEE,8.20,1
366383629,Rahul Bhat,ECE,6.84,6
567951822,Sneha Verma,CSBS,9.05,2
283295585,Yamini Sharma,CSE,7.39,5
794980456,Tarun Nair,IT,6.67,6
350649936,Yamini Nair,MECH,9.72,3
560346150,Ananya Rao,CSE,9.51,8
529322171,Varun Verma,ECE,9.44,4
138697694,Deepak Bhat,CSBS,6.98,4
663395612,Vignesh Singh,CSE,9.48,7
575720799,Naveen Rao,IT,9.44,7
557844470,Vignesh Nair,IT,8.92,7
732207700,Pooja Patel,CSBS,7.49,1
442024100,Vignesh Naidu,AIDS,7.66,3
395710779,Akhil Reddy,MECH,9.59,2
249733598,Rahul Bhat,EEE,7.95,3
644666646,Deepak Verma,CIVIL,6.63,7
852907163,Tarun Bhat,EEE,7.23,4
407260590,Rithanya Kumar,ECE,7.77,6
798247324,Sanjay Pillai,CSE,9.04,8
513020888,Yamini Bhat,CIVIL,7.65,8
188412462,Varun Menon,IT,7.53,5
128718596,Chaitanya Gupta,ECE,9.27,7
483044774,Sneha Nair,AIDS,7.34,1
581613019,Ananya Iyer,CSBS,9.56,8
431160865,Varun Bhat,CIVIL,6.57,1
675468785,Aditi Nair,ECE,8.95,8
410172358,Naveen Reddy,CIVIL,6.75,8
544376377,Aditi Iyer,EEE,8.02,4
714221625,Chaitanya Patel,CSBS,7.74,2
991707686,Madhav Singh,AIDS,9.59,6
462821529,Vignesh Singh,CIVIL,6.55,7
628384330,Akhil Iyer,CIVIL,8.69,3
185234039,Divya Patel,EEE,9.35,2
160707283,Janani Verma,ECE,8.93,7
194925027,Divya Iyer,IT,8.98,6
249059977,Kavya Singh,AIDS,7.94,6
813737767,Janani Verma,CSE,7.03,2
826967814,Harini Nair,CIVIL,9.00,7
755244667,Ananya Singh,CSE,6.68,6
505550029,Ishaan Nair,ECE,9.01,1
314613360,Ananya Nair,EEE,9.16,7
494557122,Aditi Menon,CSE,9.87,5
171860492,Naveen Sharma,IT,6.98,4
751493427,Bhavya Verma,IT,7.99,2
130417004,Harini Gupta,IT,8.87,3
534390620,Deepak Nair,CSE,8.82,7
602947525,Gautam Kumar,ECE,9.70,2
479132825,Rithanya Menon,CSE,8.84,3
612301150,Pooja Verma,CIVIL,7.87,6
426929405,Chaitanya Menon,CSE,9.71,3
255915693,Aditi Pillai,IT,7.14,5
485010344,Naveen Naidu,EEE,9.89,3
887920148,Chaitanya Iyer,CIVIL,8.60,4
587120241,Tarun Sharma,AIDS,9.77,2
837732419,Rithanya Pillai,CSBS,8.78,4
470946500,Pranav Sharma,AIDS,8.76,7
912019962,Harini Bhat,EEE,9.72,1
504662984,Aarav Menon,CSBS,7.99,6
796052998,Ananya Menon,ECE,8.51,6
951720900,Niharika Verma,AIDS,6.79,2
480959804,Chaitanya Naidu,EEE,8.31,8
769408478,Madhav Naidu,ECE,7.17,4
767313858,Karthik Nair,ECE,9.54,4
904554930,Karthik Reddy,IT,8.97,6
844942326,Rithanya Verma,ECE,7.67,8
803356208,Aditi Naidu,ECE,8.26,7
153137768,Rahul Verma,CIVIL,6.73,5
176565791,Pranav Patel,CIVIL,9.45,3
488132578,Deepak Gupta,AIDS,8.61,7
978231254,Sneha Verma,CIVIL,8.02,5
165852674,Karthik Reddy,CIVIL,9.25,5
266474663,Bhavya Chowdhury,CIVIL,9.36,7
394324070,Rahul Bhat,CIVIL,8.83,1
856046353,Chaitanya Patel,EEE,8.52,1
259282260,Sanjay Gupta,CSBS,7.53,3
318148169,Divya Sharma,ECE,8.84,8
750800956,Vignesh Menon,MECH,8.09,5
789998064,Varun Reddy,EEE,8.76,3
381581602,Janani Verma,IT,8.05,3
549478757,Tarun Pillai,CIVIL,6.55,3
407556488,Rahul Iyer,CSBS,8.33,5
598640467,Pranav Kumar,CSBS,7.17,8
604378944,Divya Rao,AIDS,9.56,5
784618051,Ishaan Nair,MECH,8.05,7
744545319,Aditi Iyer,IT,8.40,3
186264573,Deepak Kumar,ECE,6.55,7
457491553,Akhil Pillai,EEE,7.57,5
362844700,Pooja Verma,ECE,8.33,5
867359794,Janani Pillai,CSBS,6.75,2
396624240,Rahul Kumar,MECH,6.78,4
666412765,Niharika Iyer,IT,6.65,6
763683583,Deepak Pillai,CSE,7.68,3
310923050,Rithanya Nair,CSE,7.89,2
147721007,Pooja Verma,CSBS,7.76,8
502847616,Kavya Verma,CIVIL,6.78,6
404501772,Pooja Sharma,CIVIL,7.95,6
730244731,Kavya Bhat,CSE,6.76,5
743111568,Chaitanya Kumar,CSE,8.77,2
963160744,Naveen Gupta,EEE,9.54,3
359331658,Meera Menon,IT,9.28,4
726664961,Madhav Singh,MECH,8.95,2
739380022,Akhil Chowdhury,CSE,9.17,2
346692746,Rahul Reddy,CIVIL,9.54,4
737294916,Harini Pillai,EEE,9.44,7
180394164,Rahul Sharma,CSE,6.92,8
534395591,Varun Singh,MECH,9.48,4
433510994,Chaitanya Pillai,EEE,9.17,5
529558035,Akhil Pillai,ECE,7.70,4
727345571,Niharika Verma,AIDS,7.92,8
791190075,Ananya Naidu,IT,6.90,3
106094168,Tarun Bhat,CSE,8.22,6
220078852,Akhil Patel,CIVIL,7.15,5
927120699,Rahul Rao,AIDS,7.27,5
127418063,Yamini Rao,AIDS,7.60,4
670831736,Rithanya Singh,CIVIL,7.38,6
964869045,Aarav Verma,MECH,9.31,2
691713875,Sanjay Singh,CSE,7.62,6
362729123,Harini Singh,AIDS,9.09,1
186685545,Niharika Reddy,EEE,8.68,3
561794908,Divya Verma,MECH,9.34,2
278831818,Karthik Naidu,CIVIL,9.58,6
502025321,Pooja Iyer,IT,7.22,8
141979304,Kavya Iyer,ECE,6.58,7
646740317,Rahul Patel,EEE,7.29,3
800121618,Tarun Verma,ECE,9.11,3
573186448,Deepak Naidu,AIDS,9.09,1
448441551,Madhav Rao,CIVIL,8.24,6
572680746,Aditi Rao,CSE,7.65,3
746243200,Ishaan Bhat,IT,8.64,6
556532310,Ishaan Sharma,MECH,8.53,2
391445288,Ananya Singh,CIVIL,8.10,2
722225078,Chaitanya Sharma,AIDS,8.13,5
735606150,Chaitanya Singh,CSBS,7.91,6
355387712,Pooja Chowdhury,CSBS,7.99,3
897461952,Aditi Reddy,EEE,9.39,1
321819280,Rithanya Pillai,AIDS,8.58,1
349759232,Pooja Patel,CSE,8.77,4
664597398,Aditi Verma,CIVIL,7.45,6
853822505,Madhav Menon,CIVIL,9.90,2
539550774,Vignesh Chowdhury,MECH,8.53,8
783598082,Tarun Rao,CSE,8.61,3
645402173,Chaitanya Naidu,EEE,6.65,2
478676227,Chaitanya Iyer,CSBS,8.99,2
967361662,Gautam Chowdhury,ECE,6.75,4
551350639,Meera Patel,CSE,8.22,3
747008534,Rithanya Iyer,MECH,9.25,4
275258150,Pranav Verma,EEE,9.35,4
237287017,Rahul Naidu,CSBS,7.26,4
764296472,Naveen Rao,CSE,6.84,6
334635355,Kavya Iyer,MECH,8.39,1
863267477,Niharika Chowdhury,IT,8.17,8
968113064,Niharika Patel,ECE,9.27,2
615648078,Pranav Naidu,ECE,9.63,6
901267824,Sneha Chowdhury,AIDS,6.61,3
122816944,Yamini Chowdhury,CSBS,7.12,2
209385934,Pranav Chowdhury,MECH,7.18,7
499169778,Karthik Rao,CSBS,9.56,1
685678523,Varun Nair,ECE,9.85,1
385646210,Janani Sharma,ECE,7.97,4
192997427,Karthik Singh,CIVIL,9.29,1
291277764,Bhavya Sharma,CIVIL,9.61,5
609774486,Vignesh Patel,CSE,7.19,6
752142817,Vignesh Patel,IT,9.34,1
306629513,Bhavya Verma,IT,8.09,5
448790699,Divya Gupta,CIVIL,6.71,7
242488497,Madhav Reddy,MECH,7.09,3
313845509,Madhav Naidu,AIDS,8.39,6
193002742,Pranav Rao,CSE,9.38,8
553439155,Niharika Nair,CSBS,7.07,2
155644717,Sneha Patel,AIDS,9.06,7
648827241,Ishaan Kumar,AIDS,8.12,7
197843278,Sanjay Reddy,EEE,8.11,6
589434322,Sanjay Bhat,CIVIL,6.63,8
484458601,Gautam Gupta,EEE,8.50,6
112101887,Pranav Kumar,MECH,8.69,5
234497711,Vignesh Gupta,EEE,7.90,6
352871922,Naveen Pillai,AIDS,7.59,4
464845667,Divya Gupta,ECE,9.52,8
925554842,Tarun Patel,IT,7.63,7
745942844,Divya Reddy,MECH,7.39,1
291692594,Aarav Kumar,AIDS,7.32,4
819919305,Karthik Kumar,CSE,8.28,7
394658641,Kavya Singh,AIDS,9.72,7
885414282,Sanjay Patel,CSE,6.51,5
226521200,Ananya Chowdhury,CSBS,8.88,2
365189141,Kavya Reddy,IT,8.50,3
671917964,Ananya Bhat,CSE,7.88,8
521011784,Tarun Menon,CIVIL,9.83,4
121954064,Yamini Iyer,EEE,6.90,1
906779285,Rithanya Menon,CSE,9.73,3
758288042,Harini Nair,CSE,9.22,5
779537853,Harini Gupta,EEE,7.97,1
518171106,Rahul Bhat,ECE,7.22,3
516571405,Harini Kumar,IT,7.89,5
326037586,Sneha Sharma,IT,9.36,3
777058927,Rahul Rao,CSE,7.72,8
866298625,Madhav Pillai,CSBS,7.68,8
132165959,Janani Kumar,CIVIL,7.84,1
449764705,Meera Verma,AIDS,9.51,3
769537332,Sanjay Reddy,AIDS,6.71,7
107756538,Sanjay Reddy,CSBS,8.26,7
294149629,Yamini Pillai,ECE,7.04,7
905374659,Gautam Patel,IT,8.44,3
639157636,Akhil Sharma,CSE,8.04,2
102656308,Sanjay Singh,AIDS,7.22,2
699682776,Aarav Nair,AIDS,8.47,1
149695373,Sanjay Rao,EEE,9.89,8
227677434,Ananya Reddy,MECH,7.92,3
491020055,Niharika Sharma,ECE,9.10,2
682539941,Tarun Sharma,IT,7.34,5
239099025,Yamini Kumar,ECE,8.66,1
816198384,Rahul Reddy,IT,8.68,6
516226007,Meera Kumar,CSE,9.39,7
314056813,Meera Sharma,EEE,6.89,8
623432701,Pranav Menon,CSE,9.21,8
104522980,Vignesh Rao,CSBS,6.67,4
245800960,Deepak Gupta,AIDS,9.40,3
441901608,Varun Iyer,MECH,9.01,3
690266405,Deepak Gupta,ECE,7.75,6
269139020,Sanjay Rao,CIVIL,9.32,3
878482593,Vignesh Patel,ECE,9.17,6
180647877,Rahul Chowdhury,ECE,7.26,7
419359921,Kavya Nair,CSE,7.76,3
875349651,Janani Nair,EEE,9.34,3
890141290,Niharika Singh,CIVIL,6.84,2
369886966,Janani Menon,MECH,7.88,8
889102702,Meera Nair,AIDS,9.09,6
173321547,Meera Patel,EEE,9.58,8
690938852,Deepak Nair,EEE,9.16,2
984271994,Janani Singh,AIDS,7.07,7
879795597,Akhil Nair,MECH,7.40,8
858810655,Kavya Kumar,CSE,8.11,6
388899390,Deepak Kumar,IT,9.06,1
255623324,Naveen Naidu,MECH,6.73,6
424552891,Rahul Iyer,AIDS,7.32,7
686221797,Madhav Gupta,CSBS,9.72,5
606904209,Vignesh Kumar,MECH,8.47,8
869689060,Ishaan Nair,IT,7.33,1
676261121,Pranav Reddy,CSBS,8.92,6
141328737,Aditi Pillai,MECH,6.86,3
842409581,Aditi Chowdhury,ECE,7.50,7
424711342,Pooja Sharma,IT,6.90,2
424865641,Pooja Iyer,AIDS,7.72,8
574247211,Madhav Naidu,CIVIL,7.57,3
136715118,Karthik Verma,EEE,8.81,1
806105411,Varun Reddy,ECE,9.52,8
907594506,Deepak Gupta,CSBS,7.04,6
363116348,Karthik Verma,CSE,9.03,8
909923739,Chaitanya Gupta,IT,9.40,5
332168895,Ishaan Chowdhury,CSE,6.57,7
850537864,Deepak Menon,EEE,8.85,3
165827429,Sneha Bhat,IT,6.81,1
389454790,Ishaan Nair,AIDS,7.86,2
338035068,Chaitanya Patel,MECH,7.50,8
569163155,Aarav Verma,IT,9.21,2
701111426,Bhavya Reddy,IT,9.58,7
894733283,Harini Nair,CSE,8.37,4
550004876,Sneha Kumar,MECH,7.81,7
632828214,Divya Rao,EEE,7.42,4
698650329,Aarav Bhat,AIDS,7.04,8
632076972,Tarun Gupta,CIVIL,8.72,1
292046542,Chaitanya Rao,CSE,7.10,4
157741069,Pranav Kumar,CSE,9.48,4
948895310,Niharika Iyer,AIDS,7.88,8
173320822,Varun Pillai,EEE,8.73,2
287996903,Aarav Menon,EEE,7.70,1
360598723,Tarun Verma,IT,9.75,7
318539901,Niharika Singh,CSBS,9.69,5
209365425,Ananya Iyer,AIDS,8.82,2
423236387,Gautam Patel,CSE,8.96,8
654628458,Aarav Verma,CIVIL,9.57,8
462292521,Harini Sharma,AIDS,6.64,2
683050909,Karthik Gupta,MECH,7.31,5
825249145,Pooja Bhat,EEE,8.17,4
577544233,Niharika Iyer,CIVIL,8.25,3
502554870,Sneha Iyer,IT,8.25,2
111970457,Sneha Sharma,IT,8.54,4
758171451,Varun Singh,CSBS,9.10,3
117102093,Niharika Reddy,CIVIL,8.70,8
779638180,Varun Sharma,MECH,8.61,5
679623892,Niharika Nair,ECE,9.57,7
135665693,Harini Sharma,IT,8.32,5
277520188,Deepak Singh,ECE,7.83,1
752266519,Sanjay Gupta,EEE,7.53,2
997642579,Deepak Rao,CSE,7.65,8
984500627,Deepak Patel,CIVIL,6.85,8
679516086,Vignesh Nair,AIDS,7.52,2
345699969,Sneha Menon,EEE,6.83,3
405462927,Rahul Singh,CSE,8.53,5
193253748,Sneha Chowdhury,ECE,9.67,4
504037215,Varun Singh,ECE,9.43,3
507014397,Pranav Gupta,CSE,9.43,4
750669649,Gautam Gupta,AIDS,8.50,2
103076743,Niharika Nair,CSBS,6.53,3
608964261,Rithanya Sharma,MECH,8.11,1
161393591,Divya Bhat,CSE,8.14,6
525230736,Rithanya Gupta,CSE,8.64,1
178968092,Ananya Bhat,MECH,8.13,6
316433335,Ishaan Menon,IT,8.37,1
592344341,Rahul Nair,AIDS,7.40,8
798228918,Bhavya Rao,EEE,7.29,3
521312332,Janani Rao,ECE,8.19,6
756843165,Karthik Gupta,AIDS,8.04,3
360765459,Pranav Verma,CSE,8.26,2
500742022,Sneha Rao,IT,7.71,3
103601368,Divya Patel,CSE,7.93,6
815669710,Rithanya Sharma,AIDS,9.82,3
248932039,Aditi Chowdhury,MECH,8.40,5
706372383,Karthik Bhat,IT,9.40,2
363123791,Rithanya Naidu,AIDS,9.32,3
184291751,Niharika Gupta,CIVIL,7.36,6
919385293,Ananya Verma,IT,8.77,4
705350463,Bhavya Singh,ECE,7.17,7
177881573,Aditi Chowdhury,CSBS,7.30,8
911629014,Ishaan Gupta,AIDS,7.32,3
896558008,Pranav Menon,CSBS,9.27,7
652650785,Kavya Rao,CIVIL,9.59,8
841524356,Sanjay Bhat,CIVIL,7.04,7
479650499,Niharika Menon,ECE,9.74,8
860138499,Meera Reddy,CSE,8.49,8
661688011,Varun Reddy,CSBS,9.52,3
436085831,Kavya Singh,ECE,7.73,5
307401524,Vignesh Verma,CSE,9.02,2
292422170,Ananya Pillai,EEE,7.59,3
668871576,Rahul Nair,CSBS,9.24,6
494304398,Chaitanya Patel,IT,8.38,4
534388439,Deepak Reddy,ECE,6.71,5
804846727,Divya Menon,EEE,8.96,3
341354532,Madhav Rao,CIVIL,8.92,3
173297978,Sanjay Bhat,MECH,7.41,4
977825589,Akhil Verma,IT,7.31,7
837419204,Karthik Naidu,MECH,7.87,8
633476504,Ananya Menon,CSBS,6.98,5
611490857,Chaitanya Menon,CSE,7.03,1
224060930,Chaitanya Reddy,CIVIL,8.73,8
736505055,Pooja Reddy,CIVIL,9.29,7
928961311,Janani Chowdhury,AIDS,7.56,3
961990995,Gautam Chowdhury,CSBS,8.76,1
125865568,Deepak Iyer,ECE,7.41,5
127325196,Naveen Pillai,IT,6.76,8
490789961,Tarun Reddy,MECH,9.71,6
871383555,Pooja Menon,CIVIL,7.94,8
105124631,Pooja Chowdhury,ECE,6.98,5
742440195,Pranav Verma,EEE,8.11,6
208958985,Pranav Pillai,AIDS,8.68,7
546097790,Gautam Gupta,IT,7.26,2
167001235,Kavya Nair,IT,9.53,7
707940773,Deepak Verma,IT,6.79,3
531263235,Vignesh Gupta,IT,8.95,6
576192808,Bhavya Rao,CSE,8.75,7
816750800,Akhil Patel,CIVIL,9.11,2
500967990,Yamini Rao,AIDS,9.02,8
177783164,Akhil Menon,EEE,9.88,4
132576409,Sanjay Patel,EEE,6.66,3
314624270,Chaitanya Verma,CIVIL,9.29,1
360097448,Deepak Naidu,ECE,8.62,1
413166587,Pooja Reddy,EEE,7.95,3
174389343,Rahul Nair,CSE,9.87,5
155732680,Pooja Singh,IT,7.79,2
147633074,Sanjay Rao,MECH,6.98,3
866428756,Aditi Menon,AIDS,9.12,2
418652077,Janani Iyer,CIVIL,8.38,5
650139171,Divya Singh,IT,8.25,7
296009728,Ishaan Chowdhury,CSBS,9.09,6
999993575,Madhav Iyer,CSE,8.88,8
689978964,Rahul Reddy,CSE,8.18,2
690418973,Varun Sharma,EEE,8.89,2
314214074,Aarav Pillai,CSE,8.38,8
837588408,Aditi Sharma,MECH,9.38,3
907584917,Naveen Pillai,ECE,9.06,3
400579000,Ishaan Iyer,EEE,7.69,5
289976611,Janani Naidu,CSE,9.18,5
638603151,Aarav Menon,EEE,6.90,7
528540368,Madhav Nair,CSBS,8.91,4
907686924,Aditi Reddy,IT,7.43,8
370957043,Chaitanya Nair,AIDS,9.76,4
677924488,Kavya Kumar,MECH,8.95,2
711859510,Tarun Patel,CSE,8.86,1
233074769,Sneha Bhat,IT,6.97,5
152863144,Madhav Naidu,CIVIL,9.56,4
653657207,Sneha Singh,EEE,8.00,3
275559452,Pooja Reddy,EEE,7.40,8
840990800,Karthik Sharma,AIDS,6.70,5
972976137,Sanjay Patel,CIVIL,8.27,2
837683171,Bhavya Chowdhury,CSBS,9.57,1
772191870,Aditi Sharma,CSE,8.44,3
605438676,Madhav Kumar,CIVIL,9.70,7
286927909,Harini Verma,CIVIL,9.14,6
582806407,Deepak Gupta,EEE,7.69,2
222300498,Ananya Naidu,CSBS,9.09,2
474665711,Niharika Bhat,CIVIL,7.42,6
816330526,Ananya Bhat,CIVIL,9.05,1
723780108,Sneha Naidu,ECE,7.01,1
249455707,Bhavya Chowdhury,EEE,7.61,2
353561368,Janani Bhat,MECH,6.53,4
427715397,Gautam Patel,CSE,9.52,3
625794835,Deepak Verma,AIDS,7.59,3
120615799,Deepak Sharma,AIDS,6.96,7
428662575,Yamini Kumar,EEE,9.52,5
407522692,Madhav Patel,CSBS,7.49,6
288395797,Sanjay Naidu,IT,9.73,2
152709665,Bhavya Reddy,AIDS,8.93,6
470465598,Karthik Bhat,IT,7.20,1
483409924,Harini Gupta,EEE,7.34,5
499540101,Pranav Bhat,EEE,7.62,5
739810520,Ananya Nair,ECE,8.47,5
729212490,Niharika Patel,CIVIL,6.77,5
275305151,Pooja Kumar,CIVIL,9.74,1
258217222,Vignesh Reddy,IT,7.91,2
329518702,Sanjay Rao,AIDS,9.75,3
950569725,Akhil Kumar,ECE,9.31,8
686618503,Naveen Naidu,AIDS,6.95,1
948978707,Yamini Nair,CSE,9.85,7
473702769,Karthik Bhat,IT,9.10,1
314761937,Tarun Chowdhury,EEE,8.83,2
109452466,Rahul Bhat,CIVIL,8.43,5
389067312,Naveen Naidu,AIDS,6.62,5
116044178,Sneha Nair,CSE,9.86,4
994617901,Vignesh Patel,CSBS,9.30,4
702456215,Chaitanya Menon,IT,9.05,4
870626799,Gautam Sharma,CIVIL,7.96,1
915695888,Ishaan Singh,MECH,9.68,6
202435491,Aarav Naidu,IT,7.74,8
730482571,Rithanya Gupta,ECE,8.29,3
912558766,Bhavya Verma,IT,9.17,7
174985349,Ananya Patel,CSE,7.47,3
